2025-09-16 16:09:43 [restartedMain] INFO  c.e.D.DigitalWayfinderApplication - Starting DigitalWayfinderApplication using Java 22.0.2 with PID 11608 (C:\Users\sai.k.nallapati\digital-wayfinder\target\classes started by sai.k.nallapati in C:\Users\sai.k.nallapati\digital-wayfinder)
2025-09-16 16:09:43 [restartedMain] INFO  c.e.D.DigitalWayfinderApplication - No active profile set, falling back to 1 default profile: "default"
2025-09-16 16:09:43 [restartedMain] INFO  o.s.b.d.e.DevToolsPropertyDefaultsPostProcessor - Devtools property defaults active! Set 'spring.devtools.add-properties' to 'false' to disable
2025-09-16 16:09:43 [restartedMain] INFO  o.s.b.d.e.DevToolsPropertyDefaultsPostProcessor - For additional web related logging consider setting the 'logging.level.web' property to 'DEBUG'
2025-09-16 16:09:47 [restartedMain] INFO  o.s.d.r.c.RepositoryConfigurationDelegate - Bootstrapping Spring Data JPA repositories in DEFAULT mode.
2025-09-16 16:09:47 [restartedMain] INFO  o.s.d.r.c.RepositoryConfigurationDelegate - Finished Spring Data repository scanning in 289 ms. Found 27 JPA repository interfaces.
2025-09-16 16:09:50 [restartedMain] INFO  o.s.b.w.e.tomcat.TomcatWebServer - Tomcat initialized with port 8080 (http)
2025-09-16 16:09:50 [restartedMain] INFO  o.a.catalina.core.StandardService - Starting service [Tomcat]
2025-09-16 16:09:50 [restartedMain] INFO  o.a.catalina.core.StandardEngine - Starting Servlet engine: [Apache Tomcat/10.1.20]
2025-09-16 16:09:50 [restartedMain] INFO  o.a.c.c.C.[Tomcat].[localhost].[/] - Initializing Spring embedded WebApplicationContext
2025-09-16 16:09:50 [restartedMain] INFO  o.s.b.w.s.c.ServletWebServerApplicationContext - Root WebApplicationContext: initialization completed in 7114 ms
2025-09-16 16:09:51 [restartedMain] DEBUG o.s.w.f.ServerHttpObservationFilter - Filter 'webMvcObservationFilter' configured for use
2025-09-16 16:09:51 [restartedMain] INFO  o.h.jpa.internal.util.LogHelper - HHH000204: Processing PersistenceUnitInfo [name: default]
2025-09-16 16:09:51 [restartedMain] INFO  org.hibernate.Version - HHH000412: Hibernate ORM core version 6.4.4.Final
2025-09-16 16:09:52 [restartedMain] INFO  o.h.c.i.RegionFactoryInitiator - HHH000026: Second-level cache disabled
2025-09-16 16:09:52 [restartedMain] INFO  o.s.o.j.p.SpringPersistenceUnitInfo - No LoadTimeWeaver setup: ignoring JPA class transformer
2025-09-16 16:09:52 [restartedMain] INFO  com.zaxxer.hikari.HikariDataSource - HikariPool-1 - Starting...
2025-09-16 16:09:55 [restartedMain] INFO  com.zaxxer.hikari.pool.HikariPool - HikariPool-1 - Added connection ConnectionID:1 ClientConnectionId: 4d8e0c7f-197e-42a1-924d-1dba466bfabb
2025-09-16 16:09:55 [restartedMain] INFO  com.zaxxer.hikari.HikariDataSource - HikariPool-1 - Start completed.
2025-09-16 16:09:55 [restartedMain] WARN  org.hibernate.orm.deprecation - HHH90000025: SQLServerDialect does not need to be specified explicitly using 'hibernate.dialect' (remove the property setting and it will be selected by default)
2025-09-16 16:09:58 [restartedMain] INFO  o.h.e.t.j.p.i.JtaPlatformInitiator - HHH000489: No JTA platform available (set 'hibernate.transaction.jta.platform' to enable JTA platform integration)
2025-09-16 16:09:58 [restartedMain] INFO  o.s.o.j.LocalContainerEntityManagerFactoryBean - Initialized JPA EntityManagerFactory for persistence unit 'default'
2025-09-16 16:09:59 [restartedMain] INFO  o.s.d.j.r.query.QueryEnhancerFactory - Hibernate is in classpath; If applicable, HQL parser will be used.
2025-09-16 16:10:03 [restartedMain] WARN  o.s.b.a.o.j.JpaBaseConfiguration$JpaWebConfiguration - spring.jpa.open-in-view is enabled by default. Therefore, database queries may be performed during view rendering. Explicitly configure spring.jpa.open-in-view to disable this warning
2025-09-16 16:10:03 [restartedMain] INFO  o.s.b.a.w.s.WelcomePageHandlerMapping - Adding welcome page: class path resource [static/index.html]
2025-09-16 16:10:03 [restartedMain] DEBUG o.s.w.s.m.m.a.RequestMappingHandlerMapping - 64 mappings in 'requestMappingHandlerMapping'
2025-09-16 16:10:03 [restartedMain] DEBUG o.s.w.s.h.SimpleUrlHandlerMapping - Patterns [/webjars/**, /**, /swagger-ui*/*swagger-initializer.js, /swagger-ui*/**] in 'resourceHandlerMapping'
2025-09-16 16:10:03 [restartedMain] DEBUG o.s.w.s.m.m.a.RequestMappingHandlerAdapter - ControllerAdvice beans: 1 @ModelAttribute, 0 @InitBinder, 1 RequestBodyAdvice, 1 ResponseBodyAdvice
2025-09-16 16:10:03 [restartedMain] DEBUG o.s.w.s.m.m.a.ExceptionHandlerExceptionResolver - ControllerAdvice beans: 2 @ExceptionHandler, 1 ResponseBodyAdvice
2025-09-16 16:10:04 [restartedMain] INFO  o.s.b.d.a.OptionalLiveReloadServer - LiveReload server is running on port 35729
2025-09-16 16:10:04 [restartedMain] INFO  o.s.b.a.e.web.EndpointLinksResolver - Exposing 3 endpoint(s) beneath base path '/actuator'
2025-09-16 16:10:05 [restartedMain] INFO  o.s.b.w.e.tomcat.TomcatWebServer - Tomcat started on port 8080 (http) with context path ''
2025-09-16 16:10:05 [restartedMain] INFO  c.e.D.DigitalWayfinderApplication - Started DigitalWayfinderApplication in 22.635 seconds (process running for 23.844)
2025-09-16 16:57:34 [http-nio-8080-exec-2] INFO  o.a.c.c.C.[Tomcat].[localhost].[/] - Initializing Spring DispatcherServlet 'dispatcherServlet'
2025-09-16 16:57:34 [http-nio-8080-exec-2] INFO  o.s.web.servlet.DispatcherServlet - Initializing Servlet 'dispatcherServlet'
2025-09-16 16:57:34 [http-nio-8080-exec-2] DEBUG o.s.web.servlet.DispatcherServlet - Detected StandardServletMultipartResolver
2025-09-16 16:57:34 [http-nio-8080-exec-2] DEBUG o.s.web.servlet.DispatcherServlet - Detected AcceptHeaderLocaleResolver
2025-09-16 16:57:34 [http-nio-8080-exec-2] DEBUG o.s.web.servlet.DispatcherServlet - Detected FixedThemeResolver
2025-09-16 16:57:34 [http-nio-8080-exec-2] DEBUG o.s.web.servlet.DispatcherServlet - Detected org.springframework.web.servlet.view.DefaultRequestToViewNameTranslator@55f512e8
2025-09-16 16:57:34 [http-nio-8080-exec-2] DEBUG o.s.web.servlet.DispatcherServlet - Detected org.springframework.web.servlet.support.SessionFlashMapManager@4abe91ef
2025-09-16 16:57:34 [http-nio-8080-exec-2] DEBUG o.s.web.servlet.DispatcherServlet - enableLoggingRequestDetails='false': request parameters and headers will be masked to prevent unsafe logging of potentially sensitive data
2025-09-16 16:57:34 [http-nio-8080-exec-2] INFO  o.s.web.servlet.DispatcherServlet - Completed initialization in 64 ms
2025-09-16 16:57:34 [http-nio-8080-exec-2] DEBUG o.s.web.servlet.DispatcherServlet - GET "/", parameters={}
2025-09-16 16:57:34 [http-nio-8080-exec-2] DEBUG o.s.w.s.v.ContentNegotiatingViewResolver - Selected 'text/html' given [text/html, application/xhtml+xml, image/avif, image/webp, image/apng, application/xml;q=0.9, */*;q=0.8, application/signed-exchange;v=b3;q=0.7]
2025-09-16 16:57:34 [http-nio-8080-exec-2] DEBUG o.s.w.s.view.InternalResourceView - View name 'forward:', model {}
2025-09-16 16:57:34 [http-nio-8080-exec-2] DEBUG o.s.w.s.view.InternalResourceView - Forwarding to [index.html]
2025-09-16 16:57:34 [http-nio-8080-exec-2] DEBUG o.s.web.servlet.DispatcherServlet - "FORWARD" dispatch for GET "/index.html", parameters={}
2025-09-16 16:57:34 [http-nio-8080-exec-2] DEBUG o.s.w.s.h.SimpleUrlHandlerMapping - Mapped to ResourceHttpRequestHandler [classpath [META-INF/resources/], classpath [resources/], classpath [static/], classpath [public/], ServletContext [/]]
2025-09-16 16:57:34 [http-nio-8080-exec-2] DEBUG o.s.web.servlet.DispatcherServlet - Exiting from "FORWARD" dispatch, status 200
2025-09-16 16:57:34 [http-nio-8080-exec-2] DEBUG o.s.web.servlet.DispatcherServlet - Completed 200 OK
2025-09-16 16:57:34 [http-nio-8080-exec-1] DEBUG o.s.web.servlet.DispatcherServlet - GET "/static/js/main.e86a041b.js", parameters={}
2025-09-16 16:57:34 [http-nio-8080-exec-3] DEBUG o.s.web.servlet.DispatcherServlet - GET "/static/css/main.9d9a0e93.css", parameters={}
2025-09-16 16:57:34 [http-nio-8080-exec-1] DEBUG o.s.w.s.h.SimpleUrlHandlerMapping - Mapped to ResourceHttpRequestHandler [classpath [META-INF/resources/], classpath [resources/], classpath [static/], classpath [public/], ServletContext [/]]
2025-09-16 16:57:34 [http-nio-8080-exec-3] DEBUG o.s.w.s.h.SimpleUrlHandlerMapping - Mapped to ResourceHttpRequestHandler [classpath [META-INF/resources/], classpath [resources/], classpath [static/], classpath [public/], ServletContext [/]]
2025-09-16 16:57:34 [http-nio-8080-exec-3] DEBUG o.s.web.servlet.DispatcherServlet - Completed 200 OK
2025-09-16 16:57:34 [http-nio-8080-exec-1] DEBUG o.s.web.servlet.DispatcherServlet - Completed 200 OK
2025-09-16 16:57:34 [http-nio-8080-exec-4] DEBUG o.s.web.servlet.DispatcherServlet - GET "/static/media/logo.2dfd99a2aed3f920a263.png", parameters={}
2025-09-16 16:57:34 [http-nio-8080-exec-5] DEBUG o.s.web.servlet.DispatcherServlet - GET "/static/media/Row8-Stocksy_txpaa54b8f6L2q300_OriginalDelivery_4364319.d22bd690ca4ef70ee85c.jpg", parameters={}
2025-09-16 16:57:34 [http-nio-8080-exec-5] DEBUG o.s.w.s.h.SimpleUrlHandlerMapping - Mapped to ResourceHttpRequestHandler [classpath [META-INF/resources/], classpath [resources/], classpath [static/], classpath [public/], ServletContext [/]]
2025-09-16 16:57:34 [http-nio-8080-exec-4] DEBUG o.s.w.s.h.SimpleUrlHandlerMapping - Mapped to ResourceHttpRequestHandler [classpath [META-INF/resources/], classpath [resources/], classpath [static/], classpath [public/], ServletContext [/]]
2025-09-16 16:57:34 [http-nio-8080-exec-4] DEBUG o.s.web.servlet.DispatcherServlet - Completed 200 OK
2025-09-16 16:57:34 [http-nio-8080-exec-7] DEBUG o.s.web.servlet.DispatcherServlet - GET "/favicon.ico", parameters={}
2025-09-16 16:57:34 [http-nio-8080-exec-6] DEBUG o.s.web.servlet.DispatcherServlet - GET "/manifest.json", parameters={}
2025-09-16 16:57:34 [http-nio-8080-exec-7] DEBUG o.s.w.s.h.SimpleUrlHandlerMapping - Mapped to ResourceHttpRequestHandler [classpath [META-INF/resources/], classpath [resources/], classpath [static/], classpath [public/], ServletContext [/]]
2025-09-16 16:57:34 [http-nio-8080-exec-6] DEBUG o.s.w.s.h.SimpleUrlHandlerMapping - Mapped to ResourceHttpRequestHandler [classpath [META-INF/resources/], classpath [resources/], classpath [static/], classpath [public/], ServletContext [/]]
2025-09-16 16:57:34 [http-nio-8080-exec-6] DEBUG o.s.web.servlet.DispatcherServlet - Completed 200 OK
2025-09-16 16:57:35 [http-nio-8080-exec-8] DEBUG o.s.web.servlet.DispatcherServlet - GET "/logo192.png", parameters={}
2025-09-16 16:57:35 [http-nio-8080-exec-7] DEBUG o.s.web.servlet.DispatcherServlet - Completed 200 OK
2025-09-16 16:57:35 [http-nio-8080-exec-8] DEBUG o.s.w.s.h.SimpleUrlHandlerMapping - Mapped to ResourceHttpRequestHandler [classpath [META-INF/resources/], classpath [resources/], classpath [static/], classpath [public/], ServletContext [/]]
2025-09-16 16:57:35 [http-nio-8080-exec-8] DEBUG o.s.web.servlet.DispatcherServlet - Completed 200 OK
2025-09-16 16:57:35 [http-nio-8080-exec-5] DEBUG o.s.web.servlet.DispatcherServlet - Completed 200 OK
2025-09-16 16:57:45 [http-nio-8080-exec-9] DEBUG o.s.web.servlet.DispatcherServlet - GET "/api/decision-tree/project-info/get", parameters={}
2025-09-16 16:57:45 [http-nio-8080-exec-9] DEBUG o.s.w.s.h.SimpleUrlHandlerMapping - Mapped to ResourceHttpRequestHandler [classpath [META-INF/resources/], classpath [resources/], classpath [static/], classpath [public/], ServletContext [/]]
2025-09-16 16:57:45 [http-nio-8080-exec-9] DEBUG o.s.w.s.r.ResourceHttpRequestHandler - Resource not found
2025-09-16 16:57:45 [http-nio-8080-exec-9] DEBUG o.s.w.s.m.m.a.ExceptionHandlerExceptionResolver - Using @ExceptionHandler com.example.DigitalWayfinder.exception.GlobalExceptionHandler#handleGenericException(Exception)
2025-09-16 16:57:45 [http-nio-8080-exec-9] ERROR c.e.D.e.GlobalExceptionHandler - Unexpected exception occurred: No static resource api/decision-tree/project-info/get.
org.springframework.web.servlet.resource.NoResourceFoundException: No static resource api/decision-tree/project-info/get.
	at org.springframework.web.servlet.resource.ResourceHttpRequestHandler.handleRequest(ResourceHttpRequestHandler.java:585)
	at org.springframework.web.servlet.mvc.HttpRequestHandlerAdapter.handle(HttpRequestHandlerAdapter.java:52)
	at org.springframework.web.servlet.DispatcherServlet.doDispatch(DispatcherServlet.java:1089)
	at org.springframework.web.servlet.DispatcherServlet.doService(DispatcherServlet.java:979)
	at org.springframework.web.servlet.FrameworkServlet.processRequest(FrameworkServlet.java:1014)
	at org.springframework.web.servlet.FrameworkServlet.doGet(FrameworkServlet.java:903)
	at jakarta.servlet.http.HttpServlet.service(HttpServlet.java:564)
	at org.springframework.web.servlet.FrameworkServlet.service(FrameworkServlet.java:885)
	at jakarta.servlet.http.HttpServlet.service(HttpServlet.java:658)
	at org.apache.catalina.core.ApplicationFilterChain.internalDoFilter(ApplicationFilterChain.java:206)
	at org.apache.catalina.core.ApplicationFilterChain.doFilter(ApplicationFilterChain.java:150)
	at org.apache.tomcat.websocket.server.WsFilter.doFilter(WsFilter.java:51)
	at org.apache.catalina.core.ApplicationFilterChain.internalDoFilter(ApplicationFilterChain.java:175)
	at org.apache.catalina.core.ApplicationFilterChain.doFilter(ApplicationFilterChain.java:150)
	at org.springframework.web.filter.RequestContextFilter.doFilterInternal(RequestContextFilter.java:100)
	at org.springframework.web.filter.OncePerRequestFilter.doFilter(OncePerRequestFilter.java:116)
	at org.apache.catalina.core.ApplicationFilterChain.internalDoFilter(ApplicationFilterChain.java:175)
	at org.apache.catalina.core.ApplicationFilterChain.doFilter(ApplicationFilterChain.java:150)
	at org.springframework.web.filter.FormContentFilter.doFilterInternal(FormContentFilter.java:93)
	at org.springframework.web.filter.OncePerRequestFilter.doFilter(OncePerRequestFilter.java:116)
	at org.apache.catalina.core.ApplicationFilterChain.internalDoFilter(ApplicationFilterChain.java:175)
	at org.apache.catalina.core.ApplicationFilterChain.doFilter(ApplicationFilterChain.java:150)
	at org.springframework.web.filter.ServerHttpObservationFilter.doFilterInternal(ServerHttpObservationFilter.java:109)
	at org.springframework.web.filter.OncePerRequestFilter.doFilter(OncePerRequestFilter.java:116)
	at org.apache.catalina.core.ApplicationFilterChain.internalDoFilter(ApplicationFilterChain.java:175)
	at org.apache.catalina.core.ApplicationFilterChain.doFilter(ApplicationFilterChain.java:150)
	at org.springframework.web.filter.CharacterEncodingFilter.doFilterInternal(CharacterEncodingFilter.java:201)
	at org.springframework.web.filter.OncePerRequestFilter.doFilter(OncePerRequestFilter.java:116)
	at org.apache.catalina.core.ApplicationFilterChain.internalDoFilter(ApplicationFilterChain.java:175)
	at org.apache.catalina.core.ApplicationFilterChain.doFilter(ApplicationFilterChain.java:150)
	at org.apache.catalina.core.StandardWrapperValve.invoke(StandardWrapperValve.java:167)
	at org.apache.catalina.core.StandardContextValve.invoke(StandardContextValve.java:90)
	at org.apache.catalina.authenticator.AuthenticatorBase.invoke(AuthenticatorBase.java:482)
	at org.apache.catalina.core.StandardHostValve.invoke(StandardHostValve.java:115)
	at org.apache.catalina.valves.ErrorReportValve.invoke(ErrorReportValve.java:93)
	at org.apache.catalina.core.StandardEngineValve.invoke(StandardEngineValve.java:74)
	at org.apache.catalina.connector.CoyoteAdapter.service(CoyoteAdapter.java:344)
	at org.apache.coyote.http11.Http11Processor.service(Http11Processor.java:391)
	at org.apache.coyote.AbstractProcessorLight.process(AbstractProcessorLight.java:63)
	at org.apache.coyote.AbstractProtocol$ConnectionHandler.process(AbstractProtocol.java:896)
	at org.apache.tomcat.util.net.NioEndpoint$SocketProcessor.doRun(NioEndpoint.java:1736)
	at org.apache.tomcat.util.net.SocketProcessorBase.run(SocketProcessorBase.java:52)
	at org.apache.tomcat.util.threads.ThreadPoolExecutor.runWorker(ThreadPoolExecutor.java:1191)
	at org.apache.tomcat.util.threads.ThreadPoolExecutor$Worker.run(ThreadPoolExecutor.java:659)
	at org.apache.tomcat.util.threads.TaskThread$WrappingRunnable.run(TaskThread.java:63)
	at java.base/java.lang.Thread.run(Thread.java:1570)
2025-09-16 16:57:45 [http-nio-8080-exec-9] DEBUG o.s.w.s.m.m.a.HttpEntityMethodProcessor - Using 'text/plain', given [*/*] and supported [text/plain, */*, application/json, application/*+json]
2025-09-16 16:57:45 [http-nio-8080-exec-9] DEBUG o.s.w.s.m.m.a.HttpEntityMethodProcessor - Writing ["An unexpected error occurred"]
2025-09-16 16:57:45 [http-nio-8080-exec-9] WARN  o.s.w.s.m.m.a.ExceptionHandlerExceptionResolver - Resolved [org.springframework.web.servlet.resource.NoResourceFoundException: No static resource api/decision-tree/project-info/get.]
2025-09-16 16:57:45 [http-nio-8080-exec-9] DEBUG o.s.web.servlet.DispatcherServlet - Completed 500 INTERNAL_SERVER_ERROR
2025-09-16 16:57:45 [http-nio-8080-exec-10] DEBUG o.s.web.servlet.DispatcherServlet - GET "/static/media/dashboard.fc64719693ae8c17e7c5.png", parameters={}
2025-09-16 16:57:45 [http-nio-8080-exec-10] DEBUG o.s.w.s.h.SimpleUrlHandlerMapping - Mapped to ResourceHttpRequestHandler [classpath [META-INF/resources/], classpath [resources/], classpath [static/], classpath [public/], ServletContext [/]]
2025-09-16 16:57:45 [http-nio-8080-exec-10] DEBUG o.s.web.servlet.DispatcherServlet - Completed 200 OK
2025-09-16 16:57:49 [http-nio-8080-exec-2] DEBUG o.s.web.servlet.DispatcherServlet - POST "/api/decision-tree/project-info/save", parameters={}
2025-09-16 16:57:49 [http-nio-8080-exec-2] DEBUG o.s.w.s.m.m.a.RequestMappingHandlerMapping - Mapped to com.example.DigitalWayfinder.controller.ProjectInfoController#saveProjectInfo(ProjectInfoRequest, UserSession)
2025-09-16 16:57:49 [http-nio-8080-exec-2] INFO  c.e.D.config.SessionAdvice - Generated anonymous user ID: USER-4066A9B8 for session: E6621F2D8CD6B882D74668A0EC30C11F
2025-09-16 16:57:49 [http-nio-8080-exec-2] DEBUG o.s.w.s.m.m.a.RequestResponseBodyMethodProcessor - Read "application/json;charset=UTF-8" to [ProjectInfoRequest(projectType=internal, requestID=1234, clientName=rqwer, clientDescription=, proje (truncated)...]
2025-09-16 16:57:49 [http-nio-8080-exec-2] INFO  c.e.D.c.ProjectInfoController - Received request to save project info: 1234 for user: USER-4066A9B8 in session: E6621F2D8CD6B882D74668A0EC30C11F
2025-09-16 16:57:49 [http-nio-8080-exec-2] INFO  c.e.D.service.ProjectInfoService - Processing project info for request ID: 1234 by user: USER-4066A9B8 in session: E6621F2D8CD6B882D74668A0EC30C11F
2025-09-16 16:57:50 [http-nio-8080-exec-2] DEBUG org.hibernate.SQL - 
    select
        pt1_0.id,
        pt1_0.ClientDescription,
        pt1_0.ClientName,
        pt1_0.CreatedDate,
        pt1_0.ProjectScope,
        pt1_0.ProjectType,
        pt1_0.RequestID,
        pt1_0.SessionID,
        pt1_0.UserID 
    from
        ProjectType pt1_0 
    where
        pt1_0.UserID=? 
        and pt1_0.SessionID=?
2025-09-16 16:57:50 [http-nio-8080-exec-2] INFO  c.e.D.service.ProjectInfoService - Creating new project record
2025-09-16 16:57:50 [http-nio-8080-exec-2] DEBUG org.hibernate.SQL - 
    insert 
    into
        ProjectType
        (ClientDescription, ClientName, CreatedDate, ProjectScope, ProjectType, RequestID, SessionID, UserID) 
    values
        (?, ?, ?, ?, ?, ?, ?, ?)
2025-09-16 16:57:50 [http-nio-8080-exec-2] INFO  c.e.D.service.ProjectInfoService - Project information saved successfully with ID: 208
2025-09-16 16:57:51 [http-nio-8080-exec-2] DEBUG o.s.w.s.m.m.a.HttpEntityMethodProcessor - Using 'application/json', given [*/*] and supported [application/json, application/*+json]
2025-09-16 16:57:51 [http-nio-8080-exec-2] DEBUG o.s.w.s.m.m.a.HttpEntityMethodProcessor - Writing [ProjectInfoResponse(id=208, userID=USER-4066A9B8, projectType=internal, requestID=1234, clientName=r (truncated)...]
2025-09-16 16:57:51 [http-nio-8080-exec-2] DEBUG o.s.web.servlet.DispatcherServlet - Completed 201 CREATED
2025-09-16 16:57:51 [http-nio-8080-exec-3] DEBUG o.s.web.servlet.DispatcherServlet - GET "/static/media/dashboard.fc64719693ae8c17e7c5.png", parameters={}
2025-09-16 16:57:51 [http-nio-8080-exec-3] DEBUG o.s.w.s.h.SimpleUrlHandlerMapping - Mapped to ResourceHttpRequestHandler [classpath [META-INF/resources/], classpath [resources/], classpath [static/], classpath [public/], ServletContext [/]]
2025-09-16 16:57:51 [http-nio-8080-exec-1] DEBUG o.s.web.servlet.DispatcherServlet - GET "/static/media/supply-chain-planning.e00cda5f9f556d0f2f7b.png", parameters={}
2025-09-16 16:57:51 [http-nio-8080-exec-4] DEBUG o.s.web.servlet.DispatcherServlet - GET "/static/media/supply-chain-fulfillment.6dc3aaa89826c6c2506e.png", parameters={}
2025-09-16 16:57:51 [http-nio-8080-exec-1] DEBUG o.s.w.s.h.SimpleUrlHandlerMapping - Mapped to ResourceHttpRequestHandler [classpath [META-INF/resources/], classpath [resources/], classpath [static/], classpath [public/], ServletContext [/]]
2025-09-16 16:57:51 [http-nio-8080-exec-6] DEBUG o.s.web.servlet.DispatcherServlet - GET "/api/decision-tree/functional-area/get", parameters={}
2025-09-16 16:57:51 [http-nio-8080-exec-3] DEBUG o.s.web.servlet.DispatcherServlet - Completed 200 OK
2025-09-16 16:57:51 [http-nio-8080-exec-4] DEBUG o.s.w.s.h.SimpleUrlHandlerMapping - Mapped to ResourceHttpRequestHandler [classpath [META-INF/resources/], classpath [resources/], classpath [static/], classpath [public/], ServletContext [/]]
2025-09-16 16:57:51 [http-nio-8080-exec-6] DEBUG o.s.w.s.h.SimpleUrlHandlerMapping - Mapped to ResourceHttpRequestHandler [classpath [META-INF/resources/], classpath [resources/], classpath [static/], classpath [public/], ServletContext [/]]
2025-09-16 16:57:51 [http-nio-8080-exec-6] DEBUG o.s.w.s.r.ResourceHttpRequestHandler - Resource not found
2025-09-16 16:57:51 [http-nio-8080-exec-6] DEBUG o.s.w.s.m.m.a.ExceptionHandlerExceptionResolver - Using @ExceptionHandler com.example.DigitalWayfinder.exception.GlobalExceptionHandler#handleGenericException(Exception)
2025-09-16 16:57:51 [http-nio-8080-exec-6] ERROR c.e.D.e.GlobalExceptionHandler - Unexpected exception occurred: No static resource api/decision-tree/functional-area/get.
org.springframework.web.servlet.resource.NoResourceFoundException: No static resource api/decision-tree/functional-area/get.
	at org.springframework.web.servlet.resource.ResourceHttpRequestHandler.handleRequest(ResourceHttpRequestHandler.java:585)
	at org.springframework.web.servlet.mvc.HttpRequestHandlerAdapter.handle(HttpRequestHandlerAdapter.java:52)
	at org.springframework.web.servlet.DispatcherServlet.doDispatch(DispatcherServlet.java:1089)
	at org.springframework.web.servlet.DispatcherServlet.doService(DispatcherServlet.java:979)
	at org.springframework.web.servlet.FrameworkServlet.processRequest(FrameworkServlet.java:1014)
	at org.springframework.web.servlet.FrameworkServlet.doGet(FrameworkServlet.java:903)
	at jakarta.servlet.http.HttpServlet.service(HttpServlet.java:564)
	at org.springframework.web.servlet.FrameworkServlet.service(FrameworkServlet.java:885)
	at jakarta.servlet.http.HttpServlet.service(HttpServlet.java:658)
	at org.apache.catalina.core.ApplicationFilterChain.internalDoFilter(ApplicationFilterChain.java:206)
	at org.apache.catalina.core.ApplicationFilterChain.doFilter(ApplicationFilterChain.java:150)
	at org.apache.tomcat.websocket.server.WsFilter.doFilter(WsFilter.java:51)
	at org.apache.catalina.core.ApplicationFilterChain.internalDoFilter(ApplicationFilterChain.java:175)
	at org.apache.catalina.core.ApplicationFilterChain.doFilter(ApplicationFilterChain.java:150)
	at org.springframework.web.filter.RequestContextFilter.doFilterInternal(RequestContextFilter.java:100)
	at org.springframework.web.filter.OncePerRequestFilter.doFilter(OncePerRequestFilter.java:116)
	at org.apache.catalina.core.ApplicationFilterChain.internalDoFilter(ApplicationFilterChain.java:175)
	at org.apache.catalina.core.ApplicationFilterChain.doFilter(ApplicationFilterChain.java:150)
	at org.springframework.web.filter.FormContentFilter.doFilterInternal(FormContentFilter.java:93)
	at org.springframework.web.filter.OncePerRequestFilter.doFilter(OncePerRequestFilter.java:116)
	at org.apache.catalina.core.ApplicationFilterChain.internalDoFilter(ApplicationFilterChain.java:175)
	at org.apache.catalina.core.ApplicationFilterChain.doFilter(ApplicationFilterChain.java:150)
	at org.springframework.web.filter.ServerHttpObservationFilter.doFilterInternal(ServerHttpObservationFilter.java:109)
	at org.springframework.web.filter.OncePerRequestFilter.doFilter(OncePerRequestFilter.java:116)
	at org.apache.catalina.core.ApplicationFilterChain.internalDoFilter(ApplicationFilterChain.java:175)
	at org.apache.catalina.core.ApplicationFilterChain.doFilter(ApplicationFilterChain.java:150)
	at org.springframework.web.filter.CharacterEncodingFilter.doFilterInternal(CharacterEncodingFilter.java:201)
	at org.springframework.web.filter.OncePerRequestFilter.doFilter(OncePerRequestFilter.java:116)
	at org.apache.catalina.core.ApplicationFilterChain.internalDoFilter(ApplicationFilterChain.java:175)
	at org.apache.catalina.core.ApplicationFilterChain.doFilter(ApplicationFilterChain.java:150)
	at org.apache.catalina.core.StandardWrapperValve.invoke(StandardWrapperValve.java:167)
	at org.apache.catalina.core.StandardContextValve.invoke(StandardContextValve.java:90)
	at org.apache.catalina.authenticator.AuthenticatorBase.invoke(AuthenticatorBase.java:482)
	at org.apache.catalina.core.StandardHostValve.invoke(StandardHostValve.java:115)
	at org.apache.catalina.valves.ErrorReportValve.invoke(ErrorReportValve.java:93)
	at org.apache.catalina.core.StandardEngineValve.invoke(StandardEngineValve.java:74)
	at org.apache.catalina.connector.CoyoteAdapter.service(CoyoteAdapter.java:344)
	at org.apache.coyote.http11.Http11Processor.service(Http11Processor.java:391)
	at org.apache.coyote.AbstractProcessorLight.process(AbstractProcessorLight.java:63)
	at org.apache.coyote.AbstractProtocol$ConnectionHandler.process(AbstractProtocol.java:896)
	at org.apache.tomcat.util.net.NioEndpoint$SocketProcessor.doRun(NioEndpoint.java:1736)
	at org.apache.tomcat.util.net.SocketProcessorBase.run(SocketProcessorBase.java:52)
	at org.apache.tomcat.util.threads.ThreadPoolExecutor.runWorker(ThreadPoolExecutor.java:1191)
	at org.apache.tomcat.util.threads.ThreadPoolExecutor$Worker.run(ThreadPoolExecutor.java:659)
	at org.apache.tomcat.util.threads.TaskThread$WrappingRunnable.run(TaskThread.java:63)
	at java.base/java.lang.Thread.run(Thread.java:1570)
2025-09-16 16:57:51 [http-nio-8080-exec-4] DEBUG o.s.web.servlet.DispatcherServlet - Completed 200 OK
2025-09-16 16:57:51 [http-nio-8080-exec-6] DEBUG o.s.w.s.m.m.a.HttpEntityMethodProcessor - Using 'text/plain', given [*/*] and supported [text/plain, */*, application/json, application/*+json]
2025-09-16 16:57:51 [http-nio-8080-exec-6] DEBUG o.s.w.s.m.m.a.HttpEntityMethodProcessor - Writing ["An unexpected error occurred"]
2025-09-16 16:57:51 [http-nio-8080-exec-6] WARN  o.s.w.s.m.m.a.ExceptionHandlerExceptionResolver - Resolved [org.springframework.web.servlet.resource.NoResourceFoundException: No static resource api/decision-tree/functional-area/get.]
2025-09-16 16:57:51 [http-nio-8080-exec-6] DEBUG o.s.web.servlet.DispatcherServlet - Completed 500 INTERNAL_SERVER_ERROR
2025-09-16 16:57:51 [http-nio-8080-exec-1] DEBUG o.s.web.servlet.DispatcherServlet - Completed 200 OK
2025-09-16 16:57:53 [http-nio-8080-exec-7] DEBUG o.s.web.servlet.DispatcherServlet - POST "/api/decision-tree/functional-area/save", parameters={}
2025-09-16 16:57:53 [http-nio-8080-exec-7] DEBUG o.s.w.s.m.m.a.RequestMappingHandlerMapping - Mapped to com.example.DigitalWayfinder.controller.FunctionalAreaDTController#saveFunctionalArea(FunctionalAreaRequest, UserSession)
2025-09-16 16:57:53 [http-nio-8080-exec-7] DEBUG o.s.w.s.m.m.a.RequestResponseBodyMethodProcessor - Read "application/json;charset=UTF-8" to [FunctionalAreaRequest(functionalArea=supply-chain-fulfillment)]
2025-09-16 16:57:53 [http-nio-8080-exec-7] INFO  c.e.D.c.FunctionalAreaDTController - Saving functional area 'supply-chain-fulfillment' for userId: USER-4066A9B8, sessionId: E6621F2D8CD6B882D74668A0EC30C11F
2025-09-16 16:57:53 [http-nio-8080-exec-7] DEBUG org.hibernate.SQL - 
    select
        fad1_0.id,
        fad1_0.FunctionalArea,
        fad1_0.FunctionalSubArea,
        fad1_0.IndustryType,
        fad1_0.SessionID,
        fad1_0.UserID 
    from
        UserFunctionalArea fad1_0 
    where
        fad1_0.UserID=? 
        and fad1_0.SessionID=?
2025-09-16 16:57:53 [http-nio-8080-exec-7] DEBUG org.hibernate.SQL - 
    insert 
    into
        UserFunctionalArea
        (FunctionalArea, FunctionalSubArea, IndustryType, SessionID, UserID) 
    values
        (?, ?, ?, ?, ?)
2025-09-16 16:57:54 [http-nio-8080-exec-7] INFO  c.e.D.s.FunctionalAreaDTService - Saved new functionalArea for userId: USER-4066A9B8, sessionId: E6621F2D8CD6B882D74668A0EC30C11F
2025-09-16 16:57:54 [http-nio-8080-exec-7] DEBUG o.s.w.s.m.m.a.HttpEntityMethodProcessor - Using 'application/json', given [*/*] and supported [application/json, application/*+json]
2025-09-16 16:57:54 [http-nio-8080-exec-7] DEBUG o.s.w.s.m.m.a.HttpEntityMethodProcessor - Writing [FunctionalAreaResponse(id=141, userId=USER-4066A9B8, sessionId=E6621F2D8CD6B882D74668A0EC30C11F, fun (truncated)...]
2025-09-16 16:57:54 [http-nio-8080-exec-7] DEBUG o.s.web.servlet.DispatcherServlet - Completed 200 OK
2025-09-16 16:57:54 [http-nio-8080-exec-8] DEBUG o.s.web.servlet.DispatcherServlet - GET "/static/media/dashboard.fc64719693ae8c17e7c5.png", parameters={}
2025-09-16 16:57:54 [http-nio-8080-exec-9] DEBUG o.s.web.servlet.DispatcherServlet - GET "/static/media/warehouse-management.0fed6bc421ff6a0d0bb2.png", parameters={}
2025-09-16 16:57:54 [http-nio-8080-exec-5] DEBUG o.s.web.servlet.DispatcherServlet - GET "/static/media/transportation-management.441e7de72d119d4043ce.png", parameters={}
2025-09-16 16:57:54 [http-nio-8080-exec-10] DEBUG o.s.web.servlet.DispatcherServlet - GET "/static/media/order-management.f7bd9a2446beb26e5bc1.png", parameters={}
2025-09-16 16:57:54 [http-nio-8080-exec-8] DEBUG o.s.w.s.h.SimpleUrlHandlerMapping - Mapped to ResourceHttpRequestHandler [classpath [META-INF/resources/], classpath [resources/], classpath [static/], classpath [public/], ServletContext [/]]
2025-09-16 16:57:54 [http-nio-8080-exec-9] DEBUG o.s.w.s.h.SimpleUrlHandlerMapping - Mapped to ResourceHttpRequestHandler [classpath [META-INF/resources/], classpath [resources/], classpath [static/], classpath [public/], ServletContext [/]]
2025-09-16 16:57:54 [http-nio-8080-exec-5] DEBUG o.s.w.s.h.SimpleUrlHandlerMapping - Mapped to ResourceHttpRequestHandler [classpath [META-INF/resources/], classpath [resources/], classpath [static/], classpath [public/], ServletContext [/]]
2025-09-16 16:57:54 [http-nio-8080-exec-10] DEBUG o.s.w.s.h.SimpleUrlHandlerMapping - Mapped to ResourceHttpRequestHandler [classpath [META-INF/resources/], classpath [resources/], classpath [static/], classpath [public/], ServletContext [/]]
2025-09-16 16:57:54 [http-nio-8080-exec-8] DEBUG o.s.web.servlet.DispatcherServlet - Completed 200 OK
2025-09-16 16:57:54 [http-nio-8080-exec-10] DEBUG o.s.web.servlet.DispatcherServlet - Completed 200 OK
2025-09-16 16:57:54 [http-nio-8080-exec-9] DEBUG o.s.web.servlet.DispatcherServlet - Completed 200 OK
2025-09-16 16:57:55 [http-nio-8080-exec-5] DEBUG o.s.web.servlet.DispatcherServlet - Completed 200 OK
2025-09-16 16:57:57 [http-nio-8080-exec-2] DEBUG o.s.web.servlet.DispatcherServlet - POST "/api/decision-tree/industry-type/supply-chain-planning/save", parameters={}
2025-09-16 16:57:57 [http-nio-8080-exec-2] DEBUG o.s.w.s.m.m.a.RequestMappingHandlerMapping - Mapped to com.example.DigitalWayfinder.controller.IndustryTypeDTController#saveIndustryType(IndustryTypeRequestDTO, UserSession)
2025-09-16 16:57:57 [http-nio-8080-exec-2] DEBUG o.s.w.s.m.m.a.RequestResponseBodyMethodProcessor - Read "application/json;charset=UTF-8" to [IndustryTypeRequestDTO(industryType=transportation-management)]
2025-09-16 16:57:57 [http-nio-8080-exec-2] INFO  c.e.D.c.IndustryTypeDTController - Received request to save industry type: transportation-management for user: USER-4066A9B8 in session: E6621F2D8CD6B882D74668A0EC30C11F
2025-09-16 16:57:58 [http-nio-8080-exec-2] INFO  c.e.D.service.IndustryTypeDTService - Processing industry type: transportation-management for user: USER-4066A9B8 in session: E6621F2D8CD6B882D74668A0EC30C11F
2025-09-16 16:57:58 [http-nio-8080-exec-2] DEBUG org.hibernate.SQL - 
    select
        fad1_0.id,
        fad1_0.FunctionalArea,
        fad1_0.FunctionalSubArea,
        fad1_0.IndustryType,
        fad1_0.SessionID,
        fad1_0.UserID 
    from
        UserFunctionalArea fad1_0 
    where
        fad1_0.UserID=? 
        and fad1_0.SessionID=?
2025-09-16 16:57:58 [http-nio-8080-exec-2] INFO  c.e.D.service.IndustryTypeDTService - Updating industry type for existing functional area: supply-chain-fulfillment for user: USER-4066A9B8 in session: E6621F2D8CD6B882D74668A0EC30C11F
2025-09-16 16:57:58 [http-nio-8080-exec-2] INFO  c.e.D.service.IndustryTypeDTService - Updating existing functional area ID: 141 with industry type: transportation-management
2025-09-16 16:57:58 [http-nio-8080-exec-2] INFO  c.e.D.service.IndustryTypeDTService - Setting industry type for the first time for functional area ID: 141
2025-09-16 16:57:58 [http-nio-8080-exec-2] INFO  c.e.D.service.IndustryTypeDTService - Successfully updated functional area ID: 141 with industry type: transportation-management
2025-09-16 16:57:58 [http-nio-8080-exec-2] DEBUG org.hibernate.SQL - 
    update
        UserFunctionalArea 
    set
        FunctionalArea=?,
        FunctionalSubArea=?,
        IndustryType=?,
        SessionID=?,
        UserID=? 
    where
        id=?
2025-09-16 16:57:59 [http-nio-8080-exec-2] DEBUG o.s.w.s.m.m.a.HttpEntityMethodProcessor - Using 'application/json', given [*/*] and supported [application/json, application/*+json]
2025-09-16 16:57:59 [http-nio-8080-exec-2] DEBUG o.s.w.s.m.m.a.HttpEntityMethodProcessor - Writing [IndustryTypeResponseDTO(id=141, userId=USER-4066A9B8, sessionId=E6621F2D8CD6B882D74668A0EC30C11F, fu (truncated)...]
2025-09-16 16:57:59 [http-nio-8080-exec-2] DEBUG o.s.web.servlet.DispatcherServlet - Completed 200 OK
2025-09-16 16:57:59 [http-nio-8080-exec-3] DEBUG o.s.web.servlet.DispatcherServlet - GET "/api/decision-tree/functional-scope/tms/all", parameters={}
2025-09-16 16:57:59 [http-nio-8080-exec-3] DEBUG o.s.w.s.m.m.a.RequestMappingHandlerMapping - Mapped to com.example.DigitalWayfinder.controller.FunctionalScopeController#getAllFunctionalScopesTMS()
2025-09-16 16:57:59 [http-nio-8080-exec-3] INFO  c.e.D.c.FunctionalScopeController - Received request to fetch all functional scopes
2025-09-16 16:57:59 [http-nio-8080-exec-3] INFO  c.e.D.service.FunctionalScopeService - Fetching all functional scope levels
2025-09-16 16:57:59 [http-nio-8080-exec-3] DEBUG org.hibernate.SQL - 
    SELECT
        L1,
        L2,
        L3,
        L4 
    FROM
        Platform_Functional
2025-09-16 16:58:00 [http-nio-8080-exec-3] INFO  c.e.D.service.FunctionalScopeService - Successfully fetched 180 functional scope records
2025-09-16 16:58:00 [http-nio-8080-exec-3] INFO  c.e.D.c.FunctionalScopeController - Successfully returning 180 functional scope records
2025-09-16 16:58:00 [http-nio-8080-exec-3] DEBUG o.s.w.s.m.m.a.HttpEntityMethodProcessor - Using 'application/json', given [*/*] and supported [application/json, application/*+json]
2025-09-16 16:58:00 [http-nio-8080-exec-3] DEBUG o.s.w.s.m.m.a.HttpEntityMethodProcessor - Writing [[FunctionalScopeDto(l1=Transportation Forecasting, Planning, Sourcing and Logistics Service Provider (truncated)...]
2025-09-16 16:58:00 [http-nio-8080-exec-3] DEBUG o.s.web.servlet.DispatcherServlet - Completed 200 OK
2025-09-16 16:58:05 [http-nio-8080-exec-4] DEBUG o.s.web.servlet.DispatcherServlet - POST "/api/decision-tree/functional-scope/save", parameters={}
2025-09-16 16:58:05 [http-nio-8080-exec-4] DEBUG o.s.w.s.m.m.a.RequestMappingHandlerMapping - Mapped to com.example.DigitalWayfinder.controller.FunctionalScopeController#saveFunctionalScope(FunctionalScopeRequest, UserSession)
2025-09-16 16:58:05 [http-nio-8080-exec-4] DEBUG o.s.w.s.m.m.a.RequestResponseBodyMethodProcessor - Read "application/json;charset=UTF-8" to [FunctionalScopeRequest(userId=null, sessionId=null, functionalArea=null, industryType=null, function (truncated)...]
2025-09-16 16:58:05 [http-nio-8080-exec-4] INFO  c.e.D.c.FunctionalScopeController - Received functional scope save request for user: USER-4066A9B8 and session: E6621F2D8CD6B882D74668A0EC30C11F
2025-09-16 16:58:05 [http-nio-8080-exec-4] INFO  c.e.D.c.FunctionalScopeController - Request body received: {"levelSelections":{"l1":["Transportation Forecasting, Planning, Sourcing and Logistics Service Provider Management"],"l2":["Network Modelling & Optimization"],"l3":["Flow Path Optimization"],"l4":["Optimization based on available resources, network routes, operational and Cost constraints to meet the customer orders"],"l5":null}}
2025-09-16 16:58:05 [http-nio-8080-exec-4] INFO  c.e.D.service.FunctionalScopeService - Saving functional scope for user: USER-4066A9B8 and session: E6621F2D8CD6B882D74668A0EC30C11F
2025-09-16 16:58:05 [http-nio-8080-exec-4] DEBUG org.hibernate.SQL - 
    select
        ufp1_0.id,
        ufp1_0.CreatedDate,
        ufp1_0.FunctionalArea,
        ufp1_0.FunctionalSubArea,
        ufp1_0.IndustryType,
        ufp1_0.L1,
        ufp1_0.L2,
        ufp1_0.L3,
        ufp1_0.L4,
        ufp1_0.L5,
        ufp1_0.SessionID,
        ufp1_0.UserID 
    from
        UserFunctionalProcess ufp1_0 
    where
        ufp1_0.UserID=? 
        and ufp1_0.SessionID=?
2025-09-16 16:58:06 [http-nio-8080-exec-4] DEBUG org.hibernate.SQL - 
    select
        fad1_0.id,
        fad1_0.FunctionalArea,
        fad1_0.FunctionalSubArea,
        fad1_0.IndustryType,
        fad1_0.SessionID,
        fad1_0.UserID 
    from
        UserFunctionalArea fad1_0 
    where
        fad1_0.UserID=? 
        and fad1_0.SessionID=?
2025-09-16 16:58:06 [http-nio-8080-exec-4] INFO  c.e.D.service.FunctionalScopeService - Determining repository for - functionalArea: supply-chain-fulfillment, industryType: transportation-management, functionalSubArea: null
2025-09-16 16:58:06 [http-nio-8080-exec-4] INFO  c.e.D.service.FunctionalScopeService - Using TMS repository based on industryType: transportation-management
2025-09-16 16:58:06 [http-nio-8080-exec-4] INFO  c.e.D.service.FunctionalScopeService - Processing selections for functionalArea: TRANSPORTATION-MANAGEMENT - L1: 1, L2: 1, L3: 1, L4: 1
2025-09-16 16:58:06 [http-nio-8080-exec-4] INFO  c.e.D.service.FunctionalScopeService - L1 selections: [Transportation Forecasting, Planning, Sourcing and Logistics Service Provider Management]
2025-09-16 16:58:06 [http-nio-8080-exec-4] INFO  c.e.D.service.FunctionalScopeService - L2 selections: [Network Modelling & Optimization]
2025-09-16 16:58:06 [http-nio-8080-exec-4] INFO  c.e.D.service.FunctionalScopeService - L3 selections: [Flow Path Optimization]
2025-09-16 16:58:06 [http-nio-8080-exec-4] INFO  c.e.D.service.FunctionalScopeService - L4 selections: [Optimization based on available resources, network routes, operational and Cost constraints to meet the customer orders]
2025-09-16 16:58:06 [http-nio-8080-exec-4] INFO  c.e.D.service.FunctionalScopeService - Processing L4: Optimization based on available resources, network routes, operational and Cost constraints to meet the customer orders
2025-09-16 16:58:06 [http-nio-8080-exec-4] DEBUG org.hibernate.SQL - 
    select
        tf1_0.L1,
        tf1_0.L2,
        tf1_0.L3,
        tf1_0.L4 
    from
        Platform_Functional tf1_0 
    where
        tf1_0.L4=?
2025-09-16 16:58:06 [http-nio-8080-exec-4] INFO  c.e.D.service.FunctionalScopeService - Found path for L4 'Optimization based on available resources, network routes, operational and Cost constraints to meet the customer orders': [[Ljava.lang.Object;@3cf83459]
2025-09-16 16:58:06 [http-nio-8080-exec-4] INFO  c.e.D.service.FunctionalScopeService - Creating record from path: [[Ljava.lang.Object;@3cf83459]
2025-09-16 16:58:06 [http-nio-8080-exec-4] INFO  c.e.D.service.FunctionalScopeService - Extracted nested array: [Transportation Forecasting, Planning, Sourcing and Logistics Service Provider Management, Network Modelling & Optimization, Flow Path Optimization, Optimization based on available resources, network routes, operational and Cost constraints to meet the customer orders]
2025-09-16 16:58:06 [http-nio-8080-exec-4] INFO  c.e.D.service.FunctionalScopeService - Created record: L1=Transportation Forecasting, Planning, Sourcing and Logistics Service Provider Management, L2=Network Modelling & Optimization, L3=Flow Path Optimization, L4=Optimization based on available resources, network routes, operational and Cost constraints to meet the customer orders, L5=null
2025-09-16 16:58:06 [http-nio-8080-exec-4] INFO  c.e.D.service.FunctionalScopeService - Added record for L4: Optimization based on available resources, network routes, operational and Cost constraints to meet the customer orders
2025-09-16 16:58:06 [http-nio-8080-exec-4] INFO  c.e.D.service.FunctionalScopeService - Processing L3: Flow Path Optimization
2025-09-16 16:58:06 [http-nio-8080-exec-4] DEBUG org.hibernate.SQL - 
    select
        tf1_0.L1,
        tf1_0.L2,
        tf1_0.L3 
    from
        Platform_Functional tf1_0 
    where
        tf1_0.L3=?
2025-09-16 16:58:06 [http-nio-8080-exec-4] DEBUG org.hibernate.SQL - 
    select
        distinct tf1_0.L4 
    from
        Platform_Functional tf1_0 
    where
        tf1_0.L1=? 
        and tf1_0.L2=? 
        and tf1_0.L3=? 
        and tf1_0.L4 is not null 
        and tf1_0.L4<>''
2025-09-16 16:58:07 [http-nio-8080-exec-4] INFO  c.e.D.service.FunctionalScopeService - Processing L2: Network Modelling & Optimization
2025-09-16 16:58:07 [http-nio-8080-exec-4] DEBUG org.hibernate.SQL - 
    select
        tf1_0.L1,
        tf1_0.L2 
    from
        Platform_Functional tf1_0 
    where
        tf1_0.L2=?
2025-09-16 16:58:07 [http-nio-8080-exec-4] DEBUG org.hibernate.SQL - 
    select
        distinct tf1_0.L3 
    from
        Platform_Functional tf1_0 
    where
        tf1_0.L1=? 
        and tf1_0.L2=? 
        and tf1_0.L3 is not null 
        and tf1_0.L3<>''
2025-09-16 16:58:07 [http-nio-8080-exec-4] INFO  c.e.D.service.FunctionalScopeService - Processing L1: Transportation Forecasting, Planning, Sourcing and Logistics Service Provider Management
2025-09-16 16:58:07 [http-nio-8080-exec-4] DEBUG org.hibernate.SQL - 
    select
        distinct tf1_0.L2 
    from
        Platform_Functional tf1_0 
    where
        tf1_0.L1=? 
        and tf1_0.L2 is not null 
        and tf1_0.L2<>''
2025-09-16 16:58:07 [http-nio-8080-exec-4] INFO  c.e.D.service.FunctionalScopeService - Total records created: 1
2025-09-16 16:58:07 [http-nio-8080-exec-4] DEBUG org.hibernate.SQL - 
    insert 
    into
        UserFunctionalProcess
        (CreatedDate, FunctionalArea, FunctionalSubArea, IndustryType, L1, L2, L3, L4, L5, SessionID, UserID) 
    values
        (?, ?, ?, ?, ?, ?, ?, ?, ?, ?, ?)
2025-09-16 16:58:08 [http-nio-8080-exec-4] INFO  c.e.D.service.FunctionalScopeService - Successfully saved 1 functional scope records
2025-09-16 16:58:08 [http-nio-8080-exec-4] INFO  c.e.D.service.FunctionalScopeService - Mapping 1 saved records to response
2025-09-16 16:58:08 [http-nio-8080-exec-4] INFO  c.e.D.service.FunctionalScopeService - Record: L1=Transportation Forecasting, Planning, Sourcing and Logistics Service Provider Management, L2=Network Modelling & Optimization, L3=Flow Path Optimization, L4=Optimization based on available resources, network routes, operational and Cost constraints to meet the customer orders
2025-09-16 16:58:08 [http-nio-8080-exec-4] INFO  c.e.D.c.FunctionalScopeController - Successfully saved functional scope for user: USER-4066A9B8 and session: E6621F2D8CD6B882D74668A0EC30C11F
2025-09-16 16:58:08 [http-nio-8080-exec-4] DEBUG o.s.w.s.m.m.a.HttpEntityMethodProcessor - Using 'application/json', given [*/*] and supported [application/json, application/*+json]
2025-09-16 16:58:08 [http-nio-8080-exec-4] DEBUG o.s.w.s.m.m.a.HttpEntityMethodProcessor - Writing [FunctionalScopeResponse(userId=USER-4066A9B8, sessionId=E6621F2D8CD6B882D74668A0EC30C11F, functional (truncated)...]
2025-09-16 16:58:08 [http-nio-8080-exec-4] DEBUG o.s.web.servlet.DispatcherServlet - Completed 201 CREATED
2025-09-16 16:58:08 [http-nio-8080-exec-6] DEBUG o.s.web.servlet.DispatcherServlet - GET "/api/decision-tree/non-functional-scope/wms/all", parameters={}
2025-09-16 16:58:08 [http-nio-8080-exec-6] DEBUG o.s.w.s.m.m.a.RequestMappingHandlerMapping - Mapped to com.example.DigitalWayfinder.controller.NonFunctionalScopeController#getAllFunctionalScopesWMS()
2025-09-16 16:58:08 [http-nio-8080-exec-6] INFO  c.e.D.c.NonFunctionalScopeController - Received request to fetch all functional scopes
2025-09-16 16:58:08 [http-nio-8080-exec-6] INFO  c.e.D.s.NonFunctionalScopeService - Fetching all non-functional scope levels
2025-09-16 16:58:08 [http-nio-8080-exec-6] DEBUG org.hibernate.SQL - 
    SELECT
        L1,
        L2,
        L3 
    FROM
        [WMS_Non-Functional]
2025-09-16 16:58:09 [http-nio-8080-exec-6] INFO  c.e.D.s.NonFunctionalScopeService - Successfully fetched 147 non-functional scope records
2025-09-16 16:58:09 [http-nio-8080-exec-6] INFO  c.e.D.c.NonFunctionalScopeController - Successfully returning 147 non-functional scope records
2025-09-16 16:58:09 [http-nio-8080-exec-6] DEBUG o.s.w.s.m.m.a.HttpEntityMethodProcessor - Using 'application/json', given [*/*] and supported [application/json, application/*+json]
2025-09-16 16:58:09 [http-nio-8080-exec-6] DEBUG o.s.w.s.m.m.a.HttpEntityMethodProcessor - Writing [[NonFunctionalScopeDto(l1=Technical Requirements, l2=Application Hosting, l3=Partnerships with diffe (truncated)...]
2025-09-16 16:58:09 [http-nio-8080-exec-6] DEBUG o.s.web.servlet.DispatcherServlet - Completed 200 OK
2025-09-16 16:58:13 [http-nio-8080-exec-1] DEBUG o.s.web.servlet.DispatcherServlet - POST "/api/decision-tree/non-functional-scope/save", parameters={}
2025-09-16 16:58:13 [http-nio-8080-exec-1] DEBUG o.s.w.s.m.m.a.RequestMappingHandlerMapping - Mapped to com.example.DigitalWayfinder.controller.NonFunctionalScopeController#saveNonFunctionalScope(NonFunctionalRequest, UserSession)
2025-09-16 16:58:13 [http-nio-8080-exec-1] DEBUG o.s.w.s.m.m.a.RequestResponseBodyMethodProcessor - Read "application/json;charset=UTF-8" to [NonFunctionalRequest(userId=null, sessionId=null, functionalArea=null, industryType=null, functional (truncated)...]
2025-09-16 16:58:13 [http-nio-8080-exec-1] INFO  c.e.D.c.NonFunctionalScopeController - Received non-functional scope save request for user: USER-4066A9B8 and session: E6621F2D8CD6B882D74668A0EC30C11F
2025-09-16 16:58:13 [http-nio-8080-exec-1] INFO  c.e.D.c.NonFunctionalScopeController - Request body received: {"levelSelections":{"l1":["Technical Requirements"],"l2":["Application Hosting"],"l3":["Partnerships with different Hyper-scalers for hosting cloud solutions"],"l4":null,"l5":null}}
2025-09-16 16:58:13 [http-nio-8080-exec-1] INFO  c.e.D.s.NonFunctionalScopeService - Saving non-functional scope for user: USER-4066A9B8 and session: E6621F2D8CD6B882D74668A0EC30C11F
2025-09-16 16:58:13 [http-nio-8080-exec-1] DEBUG org.hibernate.SQL - 
    select
        unfp1_0.id,
        unfp1_0.CreatedDate,
        unfp1_0.FunctionalArea,
        unfp1_0.FunctionalSubArea,
        unfp1_0.IndustryType,
        unfp1_0.L1,
        unfp1_0.L2,
        unfp1_0.L3,
        unfp1_0.L4,
        unfp1_0.L5,
        unfp1_0.SessionID,
        unfp1_0.UserID 
    from
        UserNonFuncProcess unfp1_0 
    where
        unfp1_0.UserID=? 
        and unfp1_0.SessionID=?
2025-09-16 16:58:13 [http-nio-8080-exec-1] DEBUG org.hibernate.SQL - 
    select
        fad1_0.id,
        fad1_0.FunctionalArea,
        fad1_0.FunctionalSubArea,
        fad1_0.IndustryType,
        fad1_0.SessionID,
        fad1_0.UserID 
    from
        UserFunctionalArea fad1_0 
    where
        fad1_0.UserID=? 
        and fad1_0.SessionID=?
2025-09-16 16:58:14 [http-nio-8080-exec-1] INFO  c.e.D.s.NonFunctionalScopeService - Determining repository for - functionalArea: supply-chain-fulfillment, industryType: transportation-management, functionalSubArea: null
2025-09-16 16:58:14 [http-nio-8080-exec-1] INFO  c.e.D.s.NonFunctionalScopeService - Using TMS repository based on industryType: transportation-management
2025-09-16 16:58:14 [http-nio-8080-exec-1] INFO  c.e.D.s.NonFunctionalScopeService - === DEBUG: Testing non-functional repository methods for area: TRANSPORTATION-MANAGEMENT ===
2025-09-16 16:58:14 [http-nio-8080-exec-1] DEBUG org.hibernate.SQL - 
    SELECT
        L1,
        L2,
        L3 
    FROM
        [Platform_Non-Functional]
2025-09-16 16:58:14 [http-nio-8080-exec-1] INFO  c.e.D.s.NonFunctionalScopeService - TMS Non-functional: 147 records found
2025-09-16 16:58:14 [http-nio-8080-exec-1] INFO  c.e.D.s.NonFunctionalScopeService - Processing non-functional selections for functionalArea: TRANSPORTATION-MANAGEMENT - L1: 1, L2: 1, L3: 1
2025-09-16 16:58:14 [http-nio-8080-exec-1] INFO  c.e.D.s.NonFunctionalScopeService - L1 selections: [Technical Requirements]
2025-09-16 16:58:14 [http-nio-8080-exec-1] INFO  c.e.D.s.NonFunctionalScopeService - L2 selections: [Application Hosting]
2025-09-16 16:58:14 [http-nio-8080-exec-1] INFO  c.e.D.s.NonFunctionalScopeService - L3 selections: [Partnerships with different Hyper-scalers for hosting cloud solutions]
2025-09-16 16:58:14 [http-nio-8080-exec-1] INFO  c.e.D.s.NonFunctionalScopeService - Processing L3: Partnerships with different Hyper-scalers for hosting cloud solutions
2025-09-16 16:58:14 [http-nio-8080-exec-1] INFO  c.e.D.s.NonFunctionalScopeService - Looking for L3 'Partnerships with different Hyper-scalers for hosting cloud solutions' in functionalArea 'TRANSPORTATION-MANAGEMENT'
2025-09-16 16:58:14 [http-nio-8080-exec-1] DEBUG org.hibernate.SQL - 
    select
        tnf1_0.L1,
        tnf1_0.L2,
        tnf1_0.L3 
    from
        [Platform_Non-Functional] tnf1_0 
    where
        tnf1_0.L3=?
2025-09-16 16:58:14 [http-nio-8080-exec-1] INFO  c.e.D.s.NonFunctionalScopeService - TMS Non-functional findPathsByL3('Partnerships with different Hyper-scalers for hosting cloud solutions') returned 1 paths
2025-09-16 16:58:14 [http-nio-8080-exec-1] INFO  c.e.D.s.NonFunctionalScopeService - Returning first path: [Technical Requirements, Application Hosting, Partnerships with different Hyper-scalers for hosting cloud solutions]
2025-09-16 16:58:14 [http-nio-8080-exec-1] INFO  c.e.D.s.NonFunctionalScopeService - Found path for L3 'Partnerships with different Hyper-scalers for hosting cloud solutions': [Technical Requirements, Application Hosting, Partnerships with different Hyper-scalers for hosting cloud solutions]
2025-09-16 16:58:14 [http-nio-8080-exec-1] INFO  c.e.D.s.NonFunctionalScopeService - Creating non-functional record from path: [Technical Requirements, Application Hosting, Partnerships with different Hyper-scalers for hosting cloud solutions]
2025-09-16 16:58:14 [http-nio-8080-exec-1] INFO  c.e.D.s.NonFunctionalScopeService - Created non-functional record: L1=Technical Requirements, L2=Application Hosting, L3=Partnerships with different Hyper-scalers for hosting cloud solutions
2025-09-16 16:58:14 [http-nio-8080-exec-1] INFO  c.e.D.s.NonFunctionalScopeService - Added record for L3: Partnerships with different Hyper-scalers for hosting cloud solutions
2025-09-16 16:58:14 [http-nio-8080-exec-1] INFO  c.e.D.s.NonFunctionalScopeService - Processing L2: Application Hosting
2025-09-16 16:58:14 [http-nio-8080-exec-1] DEBUG org.hibernate.SQL - 
    select
        tnf1_0.L1,
        tnf1_0.L2 
    from
        [Platform_Non-Functional] tnf1_0 
    where
        tnf1_0.L2=?
2025-09-16 16:58:14 [http-nio-8080-exec-1] DEBUG org.hibernate.SQL - 
    select
        distinct tnf1_0.L3 
    from
        [Platform_Non-Functional] tnf1_0 
    where
        tnf1_0.L1=? 
        and tnf1_0.L2=? 
        and tnf1_0.L3 is not null 
        and tnf1_0.L3<>''
2025-09-16 16:58:15 [http-nio-8080-exec-1] INFO  c.e.D.s.NonFunctionalScopeService - Processing L1: Technical Requirements
2025-09-16 16:58:15 [http-nio-8080-exec-1] DEBUG org.hibernate.SQL - 
    select
        distinct tnf1_0.L2 
    from
        [Platform_Non-Functional] tnf1_0 
    where
        tnf1_0.L1=? 
        and tnf1_0.L2 is not null 
        and tnf1_0.L2<>''
2025-09-16 16:58:15 [http-nio-8080-exec-1] INFO  c.e.D.s.NonFunctionalScopeService - Total non-functional records created: 1
2025-09-16 16:58:15 [http-nio-8080-exec-1] DEBUG org.hibernate.SQL - 
    insert 
    into
        UserNonFuncProcess
        (CreatedDate, FunctionalArea, FunctionalSubArea, IndustryType, L1, L2, L3, L4, L5, SessionID, UserID) 
    values
        (?, ?, ?, ?, ?, ?, ?, ?, ?, ?, ?)
2025-09-16 16:58:15 [http-nio-8080-exec-1] INFO  c.e.D.s.NonFunctionalScopeService - Successfully saved 1 non-functional scope records
2025-09-16 16:58:15 [http-nio-8080-exec-1] INFO  c.e.D.s.NonFunctionalScopeService - Mapping 1 saved non-functional records to response
2025-09-16 16:58:15 [http-nio-8080-exec-1] INFO  c.e.D.s.NonFunctionalScopeService - Non-functional Record: L1=Technical Requirements, L2=Application Hosting, L3=Partnerships with different Hyper-scalers for hosting cloud solutions, L4=null, L5=null
2025-09-16 16:58:16 [http-nio-8080-exec-1] INFO  c.e.D.c.NonFunctionalScopeController - Successfully saved non-functional scope for user: USER-4066A9B8 and session: E6621F2D8CD6B882D74668A0EC30C11F
2025-09-16 16:58:16 [http-nio-8080-exec-1] DEBUG o.s.w.s.m.m.a.HttpEntityMethodProcessor - Using 'application/json', given [*/*] and supported [application/json, application/*+json]
2025-09-16 16:58:16 [http-nio-8080-exec-1] DEBUG o.s.w.s.m.m.a.HttpEntityMethodProcessor - Writing [NonFunctionalResponse(userId=USER-4066A9B8, sessionId=E6621F2D8CD6B882D74668A0EC30C11F, functionalAr (truncated)...]
2025-09-16 16:58:16 [http-nio-8080-exec-1] DEBUG o.s.web.servlet.DispatcherServlet - Completed 201 CREATED
2025-09-16 16:58:16 [http-nio-8080-exec-7] DEBUG o.s.web.servlet.DispatcherServlet - GET "/api/decision-tree/functional-scope/decision-criteria/get-details", parameters={}
2025-09-16 16:58:16 [http-nio-8080-exec-7] DEBUG o.s.w.s.m.m.a.RequestMappingHandlerMapping - Mapped to com.example.DigitalWayfinder.controller.DecisionCriteriaController#getDecisionCriteria(UserSession)
2025-09-16 16:58:16 [http-nio-8080-exec-7] INFO  c.e.D.c.DecisionCriteriaController - Received decision criteria request for user: USER-4066A9B8 and session: E6621F2D8CD6B882D74668A0EC30C11F
2025-09-16 16:58:16 [http-nio-8080-exec-7] INFO  c.e.D.s.DecisionCriteriaService - Fetching decision criteria for user: USER-4066A9B8 and session: E6621F2D8CD6B882D74668A0EC30C11F
2025-09-16 16:58:16 [http-nio-8080-exec-7] DEBUG org.hibernate.SQL - 
    select
        ufp1_0.id,
        ufp1_0.CreatedDate,
        ufp1_0.FunctionalArea,
        ufp1_0.FunctionalSubArea,
        ufp1_0.IndustryType,
        ufp1_0.L1,
        ufp1_0.L2,
        ufp1_0.L3,
        ufp1_0.L4,
        ufp1_0.L5,
        ufp1_0.SessionID,
        ufp1_0.UserID 
    from
        UserFunctionalProcess ufp1_0 
    where
        ufp1_0.UserID=? 
        and ufp1_0.SessionID=?
2025-09-16 16:58:16 [http-nio-8080-exec-7] DEBUG org.hibernate.SQL - 
    select
        unfp1_0.id,
        unfp1_0.CreatedDate,
        unfp1_0.FunctionalArea,
        unfp1_0.FunctionalSubArea,
        unfp1_0.IndustryType,
        unfp1_0.L1,
        unfp1_0.L2,
        unfp1_0.L3,
        unfp1_0.L4,
        unfp1_0.L5,
        unfp1_0.SessionID,
        unfp1_0.UserID 
    from
        UserNonFuncProcess unfp1_0 
    where
        unfp1_0.UserID=? 
        and unfp1_0.SessionID=?
2025-09-16 16:58:17 [http-nio-8080-exec-7] DEBUG org.hibernate.SQL - 
    select
        fad1_0.id,
        fad1_0.FunctionalArea,
        fad1_0.FunctionalSubArea,
        fad1_0.IndustryType,
        fad1_0.SessionID,
        fad1_0.UserID 
    from
        UserFunctionalArea fad1_0 
    where
        fad1_0.UserID=? 
        and fad1_0.SessionID=?
2025-09-16 16:58:17 [http-nio-8080-exec-7] INFO  c.e.D.s.DecisionCriteriaService - Found 1 functional processes and 1 non-functional processes
2025-09-16 16:58:17 [http-nio-8080-exec-7] INFO  c.e.D.s.DecisionCriteriaService - Successfully converted 1 functional rows and 1 non-functional rows
2025-09-16 16:58:17 [http-nio-8080-exec-7] INFO  c.e.D.c.DecisionCriteriaController - Successfully retrieved decision criteria for user: USER-4066A9B8 and session: E6621F2D8CD6B882D74668A0EC30C11F
2025-09-16 16:58:17 [http-nio-8080-exec-7] DEBUG o.s.w.s.m.m.a.HttpEntityMethodProcessor - Using 'application/json', given [*/*] and supported [application/json, application/*+json]
2025-09-16 16:58:17 [http-nio-8080-exec-7] DEBUG o.s.w.s.m.m.a.HttpEntityMethodProcessor - Writing [DecisionCriteriaResponse(userId=USER-4066A9B8, sessionId=E6621F2D8CD6B882D74668A0EC30C11F, functiona (truncated)...]
2025-09-16 16:58:17 [http-nio-8080-exec-7] DEBUG o.s.web.servlet.DispatcherServlet - Completed 200 OK
2025-09-16 16:58:17 [http-nio-8080-exec-8] DEBUG o.s.web.servlet.DispatcherServlet - GET "/api/decision-tree/functional-scope/decision-criteria/get-details", parameters={}
2025-09-16 16:58:17 [http-nio-8080-exec-8] DEBUG o.s.w.s.m.m.a.RequestMappingHandlerMapping - Mapped to com.example.DigitalWayfinder.controller.DecisionCriteriaController#getDecisionCriteria(UserSession)
2025-09-16 16:58:17 [http-nio-8080-exec-8] INFO  c.e.D.c.DecisionCriteriaController - Received decision criteria request for user: USER-4066A9B8 and session: E6621F2D8CD6B882D74668A0EC30C11F
2025-09-16 16:58:18 [http-nio-8080-exec-8] INFO  c.e.D.s.DecisionCriteriaService - Fetching decision criteria for user: USER-4066A9B8 and session: E6621F2D8CD6B882D74668A0EC30C11F
2025-09-16 16:58:18 [http-nio-8080-exec-8] DEBUG org.hibernate.SQL - 
    select
        ufp1_0.id,
        ufp1_0.CreatedDate,
        ufp1_0.FunctionalArea,
        ufp1_0.FunctionalSubArea,
        ufp1_0.IndustryType,
        ufp1_0.L1,
        ufp1_0.L2,
        ufp1_0.L3,
        ufp1_0.L4,
        ufp1_0.L5,
        ufp1_0.SessionID,
        ufp1_0.UserID 
    from
        UserFunctionalProcess ufp1_0 
    where
        ufp1_0.UserID=? 
        and ufp1_0.SessionID=?
2025-09-16 16:58:18 [http-nio-8080-exec-8] DEBUG org.hibernate.SQL - 
    select
        unfp1_0.id,
        unfp1_0.CreatedDate,
        unfp1_0.FunctionalArea,
        unfp1_0.FunctionalSubArea,
        unfp1_0.IndustryType,
        unfp1_0.L1,
        unfp1_0.L2,
        unfp1_0.L3,
        unfp1_0.L4,
        unfp1_0.L5,
        unfp1_0.SessionID,
        unfp1_0.UserID 
    from
        UserNonFuncProcess unfp1_0 
    where
        unfp1_0.UserID=? 
        and unfp1_0.SessionID=?
2025-09-16 16:58:18 [http-nio-8080-exec-8] DEBUG org.hibernate.SQL - 
    select
        fad1_0.id,
        fad1_0.FunctionalArea,
        fad1_0.FunctionalSubArea,
        fad1_0.IndustryType,
        fad1_0.SessionID,
        fad1_0.UserID 
    from
        UserFunctionalArea fad1_0 
    where
        fad1_0.UserID=? 
        and fad1_0.SessionID=?
2025-09-16 16:58:18 [http-nio-8080-exec-8] INFO  c.e.D.s.DecisionCriteriaService - Found 1 functional processes and 1 non-functional processes
2025-09-16 16:58:18 [http-nio-8080-exec-8] INFO  c.e.D.s.DecisionCriteriaService - Successfully converted 1 functional rows and 1 non-functional rows
2025-09-16 16:58:19 [http-nio-8080-exec-8] INFO  c.e.D.c.DecisionCriteriaController - Successfully retrieved decision criteria for user: USER-4066A9B8 and session: E6621F2D8CD6B882D74668A0EC30C11F
2025-09-16 16:58:19 [http-nio-8080-exec-8] DEBUG o.s.w.s.m.m.a.HttpEntityMethodProcessor - Using 'application/json', given [*/*] and supported [application/json, application/*+json]
2025-09-16 16:58:19 [http-nio-8080-exec-8] DEBUG o.s.w.s.m.m.a.HttpEntityMethodProcessor - Writing [DecisionCriteriaResponse(userId=USER-4066A9B8, sessionId=E6621F2D8CD6B882D74668A0EC30C11F, functiona (truncated)...]
2025-09-16 16:58:19 [http-nio-8080-exec-8] DEBUG o.s.web.servlet.DispatcherServlet - Completed 200 OK
2025-09-16 16:58:21 [http-nio-8080-exec-10] DEBUG o.s.web.servlet.DispatcherServlet - GET "/api/decision-tree/functional-scope/solution/all?functionalSubArea=Warehouse%20Management%20System", parameters={masked}
2025-09-16 16:58:21 [http-nio-8080-exec-10] DEBUG o.s.w.s.m.m.a.RequestMappingHandlerMapping - Mapped to com.example.DigitalWayfinder.controller.PlatformSolutionController#getAllPlatformSolutions(String, String, String)
2025-09-16 16:58:21 [http-nio-8080-exec-10] INFO  c.e.D.c.PlatformSolutionController - GET request received for platform solutions with filters
2025-09-16 16:58:21 [http-nio-8080-exec-10] INFO  c.e.D.s.PlatformSolutionService - Fetching platforms with filters - functionalArea: null, industryType: null, functionalSubArea: Warehouse Management System
2025-09-16 16:58:21 [http-nio-8080-exec-10] DEBUG org.hibernate.SQL - 
    select
        isp1_0.[Key],
        isp1_0.FunctionalArea,
        isp1_0.FunctionalSubArea,
        isp1_0.IndustryType,
        isp1_0.PlatformImage,
        isp1_0.PlatformName 
    from
        InScopePlatforms isp1_0 
    where
        (
            ? is null 
            or isp1_0.FunctionalArea=?
        ) 
        and (
            ? is null 
            or isp1_0.IndustryType=?
        ) 
        and (
            ? is null 
            or isp1_0.FunctionalSubArea=?
        )
2025-09-16 16:58:21 [http-nio-8080-exec-10] INFO  c.e.D.s.PlatformSolutionService - Retrieved 5 platforms with applied filters
2025-09-16 16:58:21 [http-nio-8080-exec-10] INFO  c.e.D.c.PlatformSolutionController - Returning 5 platform solutions
2025-09-16 16:58:21 [http-nio-8080-exec-10] DEBUG o.s.w.s.m.m.a.HttpEntityMethodProcessor - Using 'application/json', given [*/*] and supported [application/json, application/*+json]
2025-09-16 16:58:21 [http-nio-8080-exec-10] DEBUG o.s.w.s.m.m.a.HttpEntityMethodProcessor - Writing [[PlatformSolutionDTO(functionalArea=Supply Chain Fulfillment, industryType=null, functionalSubArea=W (truncated)...]
2025-09-16 16:58:21 [http-nio-8080-exec-10] DEBUG o.s.web.servlet.DispatcherServlet - Completed 200 OK
2025-09-16 16:58:21 [http-nio-8080-exec-9] DEBUG o.s.web.servlet.DispatcherServlet - GET "/images/Manhattan.png", parameters={}
2025-09-16 16:58:21 [http-nio-8080-exec-9] DEBUG o.s.w.s.h.SimpleUrlHandlerMapping - Mapped to ResourceHttpRequestHandler [classpath [META-INF/resources/], classpath [resources/], classpath [static/], classpath [public/], ServletContext [/]]
2025-09-16 16:58:21 [http-nio-8080-exec-5] DEBUG o.s.web.servlet.DispatcherServlet - GET "/images/Blueyonder.png", parameters={}
2025-09-16 16:58:21 [http-nio-8080-exec-4] DEBUG o.s.web.servlet.DispatcherServlet - GET "/images/SAP.jpg", parameters={}
2025-09-16 16:58:21 [http-nio-8080-exec-3] DEBUG o.s.web.servlet.DispatcherServlet - GET "/images/Oracle.png", parameters={}
2025-09-16 16:58:21 [http-nio-8080-exec-2] DEBUG o.s.web.servlet.DispatcherServlet - GET "/images/Korber.png", parameters={}
2025-09-16 16:58:21 [http-nio-8080-exec-9] DEBUG o.s.web.servlet.DispatcherServlet - Completed 200 OK
2025-09-16 16:58:21 [http-nio-8080-exec-5] DEBUG o.s.w.s.h.SimpleUrlHandlerMapping - Mapped to ResourceHttpRequestHandler [classpath [META-INF/resources/], classpath [resources/], classpath [static/], classpath [public/], ServletContext [/]]
2025-09-16 16:58:21 [http-nio-8080-exec-3] DEBUG o.s.w.s.h.SimpleUrlHandlerMapping - Mapped to ResourceHttpRequestHandler [classpath [META-INF/resources/], classpath [resources/], classpath [static/], classpath [public/], ServletContext [/]]
2025-09-16 16:58:21 [http-nio-8080-exec-4] DEBUG o.s.w.s.h.SimpleUrlHandlerMapping - Mapped to ResourceHttpRequestHandler [classpath [META-INF/resources/], classpath [resources/], classpath [static/], classpath [public/], ServletContext [/]]
2025-09-16 16:58:21 [http-nio-8080-exec-2] DEBUG o.s.w.s.h.SimpleUrlHandlerMapping - Mapped to ResourceHttpRequestHandler [classpath [META-INF/resources/], classpath [resources/], classpath [static/], classpath [public/], ServletContext [/]]
2025-09-16 16:58:21 [http-nio-8080-exec-2] DEBUG o.s.web.servlet.DispatcherServlet - Completed 200 OK
2025-09-16 16:58:21 [http-nio-8080-exec-4] DEBUG o.s.web.servlet.DispatcherServlet - Completed 200 OK
2025-09-16 16:58:21 [http-nio-8080-exec-5] DEBUG o.s.web.servlet.DispatcherServlet - Completed 200 OK
2025-09-16 16:58:21 [http-nio-8080-exec-3] DEBUG o.s.web.servlet.DispatcherServlet - Completed 200 OK
2025-09-16 18:28:47 [HikariPool-1 housekeeper] WARN  com.zaxxer.hikari.pool.HikariPool - HikariPool-1 - Thread starvation or clock leap detected (housekeeper delta=1h19m52s55ms523µs100ns).
2025-09-16 20:28:48 [HikariPool-1 housekeeper] WARN  com.zaxxer.hikari.pool.HikariPool - HikariPool-1 - Thread starvation or clock leap detected (housekeeper delta=31m29s355ms235µs800ns).
2025-09-16 22:25:05 [HikariPool-1 connection adder] WARN  c.m.s.j.i.SQLServerConnection - ConnectionID:60 ClientConnectionId: e52f6131-ed84-4d73-992a-e30235763e6d Prelogin error: host dwfeus-test.database.windows.net port 1433 Error reading prelogin response: Connection reset ClientConnectionId:e52f6131-ed84-4d73-992a-e30235763e6d
2025-09-16 22:47:59 [HikariPool-1 housekeeper] WARN  com.zaxxer.hikari.pool.HikariPool - HikariPool-1 - Thread starvation or clock leap detected (housekeeper delta=2h19m11s60ms262µs100ns).
2025-09-17 15:20:18 [restartedMain] INFO  c.e.D.DigitalWayfinderApplication - Starting DigitalWayfinderApplication using Java 22.0.2 with PID 15628 (C:\Users\sai.k.nallapati\digital-wayfinder\target\classes started by sai.k.nallapati in C:\Users\sai.k.nallapati\digital-wayfinder)
2025-09-17 15:20:18 [restartedMain] INFO  c.e.D.DigitalWayfinderApplication - No active profile set, falling back to 1 default profile: "default"
2025-09-17 15:20:18 [restartedMain] INFO  o.s.b.d.e.DevToolsPropertyDefaultsPostProcessor - Devtools property defaults active! Set 'spring.devtools.add-properties' to 'false' to disable
2025-09-17 15:20:18 [restartedMain] INFO  o.s.b.d.e.DevToolsPropertyDefaultsPostProcessor - For additional web related logging consider setting the 'logging.level.web' property to 'DEBUG'
2025-09-17 15:20:21 [restartedMain] INFO  o.s.d.r.c.RepositoryConfigurationDelegate - Bootstrapping Spring Data JPA repositories in DEFAULT mode.
2025-09-17 15:20:21 [restartedMain] INFO  o.s.d.r.c.RepositoryConfigurationDelegate - Finished Spring Data repository scanning in 268 ms. Found 29 JPA repository interfaces.
2025-09-17 15:20:23 [restartedMain] INFO  o.s.b.w.e.tomcat.TomcatWebServer - Tomcat initialized with port 8080 (http)
2025-09-17 15:20:23 [restartedMain] INFO  o.a.catalina.core.StandardService - Starting service [Tomcat]
2025-09-17 15:20:23 [restartedMain] INFO  o.a.catalina.core.StandardEngine - Starting Servlet engine: [Apache Tomcat/10.1.20]
2025-09-17 15:20:23 [restartedMain] INFO  o.a.c.c.C.[Tomcat].[localhost].[/] - Initializing Spring embedded WebApplicationContext
2025-09-17 15:20:23 [restartedMain] INFO  o.s.b.w.s.c.ServletWebServerApplicationContext - Root WebApplicationContext: initialization completed in 5025 ms
2025-09-17 15:20:24 [restartedMain] DEBUG o.s.w.f.ServerHttpObservationFilter - Filter 'webMvcObservationFilter' configured for use
2025-09-17 15:20:24 [restartedMain] INFO  o.h.jpa.internal.util.LogHelper - HHH000204: Processing PersistenceUnitInfo [name: default]
2025-09-17 15:20:24 [restartedMain] INFO  org.hibernate.Version - HHH000412: Hibernate ORM core version 6.4.4.Final
2025-09-17 15:20:24 [restartedMain] INFO  o.h.c.i.RegionFactoryInitiator - HHH000026: Second-level cache disabled
2025-09-17 15:20:25 [restartedMain] INFO  o.s.o.j.p.SpringPersistenceUnitInfo - No LoadTimeWeaver setup: ignoring JPA class transformer
2025-09-17 15:20:25 [restartedMain] INFO  com.zaxxer.hikari.HikariDataSource - HikariPool-1 - Starting...
2025-09-17 15:20:28 [restartedMain] INFO  com.zaxxer.hikari.pool.HikariPool - HikariPool-1 - Added connection ConnectionID:1 ClientConnectionId: 8fb78759-fb00-4b5e-9aef-6d3d760021ec
2025-09-17 15:20:28 [restartedMain] INFO  com.zaxxer.hikari.HikariDataSource - HikariPool-1 - Start completed.
2025-09-17 15:20:28 [restartedMain] WARN  org.hibernate.orm.deprecation - HHH90000025: SQLServerDialect does not need to be specified explicitly using 'hibernate.dialect' (remove the property setting and it will be selected by default)
2025-09-17 15:20:31 [restartedMain] INFO  o.h.e.t.j.p.i.JtaPlatformInitiator - HHH000489: No JTA platform available (set 'hibernate.transaction.jta.platform' to enable JTA platform integration)
2025-09-17 15:20:31 [restartedMain] INFO  o.s.o.j.LocalContainerEntityManagerFactoryBean - Initialized JPA EntityManagerFactory for persistence unit 'default'
2025-09-17 15:20:31 [restartedMain] INFO  o.s.d.j.r.query.QueryEnhancerFactory - Hibernate is in classpath; If applicable, HQL parser will be used.
2025-09-17 15:20:34 [restartedMain] WARN  o.s.b.a.o.j.JpaBaseConfiguration$JpaWebConfiguration - spring.jpa.open-in-view is enabled by default. Therefore, database queries may be performed during view rendering. Explicitly configure spring.jpa.open-in-view to disable this warning
2025-09-17 15:20:34 [restartedMain] INFO  o.s.b.a.w.s.WelcomePageHandlerMapping - Adding welcome page: class path resource [static/index.html]
2025-09-17 15:20:34 [restartedMain] DEBUG o.s.w.s.m.m.a.RequestMappingHandlerMapping - 64 mappings in 'requestMappingHandlerMapping'
2025-09-17 15:20:34 [restartedMain] DEBUG o.s.w.s.h.SimpleUrlHandlerMapping - Patterns [/webjars/**, /**, /swagger-ui*/*swagger-initializer.js, /swagger-ui*/**] in 'resourceHandlerMapping'
2025-09-17 15:20:34 [restartedMain] DEBUG o.s.w.s.m.m.a.RequestMappingHandlerAdapter - ControllerAdvice beans: 1 @ModelAttribute, 0 @InitBinder, 1 RequestBodyAdvice, 1 ResponseBodyAdvice
2025-09-17 15:20:34 [restartedMain] DEBUG o.s.w.s.m.m.a.ExceptionHandlerExceptionResolver - ControllerAdvice beans: 2 @ExceptionHandler, 1 ResponseBodyAdvice
2025-09-17 15:20:35 [restartedMain] INFO  o.s.b.d.a.OptionalLiveReloadServer - LiveReload server is running on port 35729
2025-09-17 15:20:35 [restartedMain] INFO  o.s.b.a.e.web.EndpointLinksResolver - Exposing 3 endpoint(s) beneath base path '/actuator'
2025-09-17 15:20:35 [restartedMain] INFO  o.s.b.w.e.tomcat.TomcatWebServer - Tomcat started on port 8080 (http) with context path ''
2025-09-17 15:20:35 [restartedMain] INFO  c.e.D.DigitalWayfinderApplication - Started DigitalWayfinderApplication in 17.985 seconds (process running for 18.989)
2025-09-17 15:20:44 [http-nio-8080-exec-1] INFO  o.a.c.c.C.[Tomcat].[localhost].[/] - Initializing Spring DispatcherServlet 'dispatcherServlet'
2025-09-17 15:20:44 [http-nio-8080-exec-1] INFO  o.s.web.servlet.DispatcherServlet - Initializing Servlet 'dispatcherServlet'
2025-09-17 15:20:44 [http-nio-8080-exec-1] DEBUG o.s.web.servlet.DispatcherServlet - Detected StandardServletMultipartResolver
2025-09-17 15:20:44 [http-nio-8080-exec-1] DEBUG o.s.web.servlet.DispatcherServlet - Detected AcceptHeaderLocaleResolver
2025-09-17 15:20:44 [http-nio-8080-exec-1] DEBUG o.s.web.servlet.DispatcherServlet - Detected FixedThemeResolver
2025-09-17 15:20:44 [http-nio-8080-exec-1] DEBUG o.s.web.servlet.DispatcherServlet - Detected org.springframework.web.servlet.view.DefaultRequestToViewNameTranslator@2a60dac
2025-09-17 15:20:44 [http-nio-8080-exec-1] DEBUG o.s.web.servlet.DispatcherServlet - Detected org.springframework.web.servlet.support.SessionFlashMapManager@4c45c539
2025-09-17 15:20:44 [http-nio-8080-exec-1] DEBUG o.s.web.servlet.DispatcherServlet - enableLoggingRequestDetails='false': request parameters and headers will be masked to prevent unsafe logging of potentially sensitive data
2025-09-17 15:20:44 [http-nio-8080-exec-1] INFO  o.s.web.servlet.DispatcherServlet - Completed initialization in 147 ms
2025-09-17 15:20:45 [http-nio-8080-exec-1] DEBUG o.s.web.servlet.DispatcherServlet - GET "/", parameters={}
2025-09-17 15:20:45 [http-nio-8080-exec-1] DEBUG o.s.w.s.v.ContentNegotiatingViewResolver - Selected 'text/html' given [text/html, application/xhtml+xml, image/avif, image/webp, image/apng, application/xml;q=0.9, */*;q=0.8, application/signed-exchange;v=b3;q=0.7]
2025-09-17 15:20:45 [http-nio-8080-exec-1] DEBUG o.s.w.s.view.InternalResourceView - View name 'forward:', model {}
2025-09-17 15:20:45 [http-nio-8080-exec-1] DEBUG o.s.w.s.view.InternalResourceView - Forwarding to [index.html]
2025-09-17 15:20:45 [http-nio-8080-exec-1] DEBUG o.s.web.servlet.DispatcherServlet - "FORWARD" dispatch for GET "/index.html", parameters={}
2025-09-17 15:20:45 [http-nio-8080-exec-1] DEBUG o.s.w.s.h.SimpleUrlHandlerMapping - Mapped to ResourceHttpRequestHandler [classpath [META-INF/resources/], classpath [resources/], classpath [static/], classpath [public/], ServletContext [/]]
2025-09-17 15:20:45 [http-nio-8080-exec-1] DEBUG o.s.web.servlet.DispatcherServlet - Exiting from "FORWARD" dispatch, status 200
2025-09-17 15:20:45 [http-nio-8080-exec-1] DEBUG o.s.web.servlet.DispatcherServlet - Completed 200 OK
2025-09-17 15:20:45 [http-nio-8080-exec-3] DEBUG o.s.web.servlet.DispatcherServlet - GET "/static/css/main.9d9a0e93.css", parameters={}
2025-09-17 15:20:45 [http-nio-8080-exec-1] DEBUG o.s.web.servlet.DispatcherServlet - GET "/static/js/main.e86a041b.js", parameters={}
2025-09-17 15:20:45 [http-nio-8080-exec-3] DEBUG o.s.w.s.h.SimpleUrlHandlerMapping - Mapped to ResourceHttpRequestHandler [classpath [META-INF/resources/], classpath [resources/], classpath [static/], classpath [public/], ServletContext [/]]
2025-09-17 15:20:45 [http-nio-8080-exec-1] DEBUG o.s.w.s.h.SimpleUrlHandlerMapping - Mapped to ResourceHttpRequestHandler [classpath [META-INF/resources/], classpath [resources/], classpath [static/], classpath [public/], ServletContext [/]]
2025-09-17 15:20:45 [http-nio-8080-exec-3] DEBUG o.s.web.servlet.DispatcherServlet - Completed 200 OK
2025-09-17 15:20:45 [http-nio-8080-exec-1] DEBUG o.s.web.servlet.DispatcherServlet - Completed 200 OK
2025-09-17 15:20:45 [http-nio-8080-exec-2] DEBUG o.s.web.servlet.DispatcherServlet - GET "/static/media/logo.2dfd99a2aed3f920a263.png", parameters={}
2025-09-17 15:20:45 [http-nio-8080-exec-4] DEBUG o.s.web.servlet.DispatcherServlet - GET "/static/media/Row8-Stocksy_txpaa54b8f6L2q300_OriginalDelivery_4364319.d22bd690ca4ef70ee85c.jpg", parameters={}
2025-09-17 15:20:45 [http-nio-8080-exec-2] DEBUG o.s.w.s.h.SimpleUrlHandlerMapping - Mapped to ResourceHttpRequestHandler [classpath [META-INF/resources/], classpath [resources/], classpath [static/], classpath [public/], ServletContext [/]]
2025-09-17 15:20:45 [http-nio-8080-exec-4] DEBUG o.s.w.s.h.SimpleUrlHandlerMapping - Mapped to ResourceHttpRequestHandler [classpath [META-INF/resources/], classpath [resources/], classpath [static/], classpath [public/], ServletContext [/]]
2025-09-17 15:20:45 [http-nio-8080-exec-2] DEBUG o.s.web.servlet.DispatcherServlet - Completed 200 OK
2025-09-17 15:20:46 [http-nio-8080-exec-5] DEBUG o.s.web.servlet.DispatcherServlet - GET "/manifest.json", parameters={}
2025-09-17 15:20:46 [http-nio-8080-exec-5] DEBUG o.s.w.s.h.SimpleUrlHandlerMapping - Mapped to ResourceHttpRequestHandler [classpath [META-INF/resources/], classpath [resources/], classpath [static/], classpath [public/], ServletContext [/]]
2025-09-17 15:20:46 [http-nio-8080-exec-5] DEBUG o.s.web.servlet.DispatcherServlet - Completed 200 OK
2025-09-17 15:20:46 [http-nio-8080-exec-6] DEBUG o.s.web.servlet.DispatcherServlet - GET "/logo192.png", parameters={}
2025-09-17 15:20:46 [http-nio-8080-exec-6] DEBUG o.s.w.s.h.SimpleUrlHandlerMapping - Mapped to ResourceHttpRequestHandler [classpath [META-INF/resources/], classpath [resources/], classpath [static/], classpath [public/], ServletContext [/]]
2025-09-17 15:20:46 [http-nio-8080-exec-6] DEBUG o.s.web.servlet.DispatcherServlet - Completed 200 OK
2025-09-17 15:20:47 [http-nio-8080-exec-4] DEBUG o.s.web.servlet.DispatcherServlet - Completed 200 OK
2025-09-17 15:20:50 [http-nio-8080-exec-7] DEBUG o.s.web.servlet.DispatcherServlet - GET "/api/decision-tree/project-info/get", parameters={}
2025-09-17 15:20:50 [http-nio-8080-exec-7] DEBUG o.s.w.s.h.SimpleUrlHandlerMapping - Mapped to ResourceHttpRequestHandler [classpath [META-INF/resources/], classpath [resources/], classpath [static/], classpath [public/], ServletContext [/]]
2025-09-17 15:20:50 [http-nio-8080-exec-7] DEBUG o.s.w.s.r.ResourceHttpRequestHandler - Resource not found
2025-09-17 15:20:50 [http-nio-8080-exec-7] DEBUG o.s.w.s.m.m.a.ExceptionHandlerExceptionResolver - Using @ExceptionHandler com.example.DigitalWayfinder.exception.GlobalExceptionHandler#handleGenericException(Exception)
2025-09-17 15:20:50 [http-nio-8080-exec-7] ERROR c.e.D.e.GlobalExceptionHandler - Unexpected exception occurred: No static resource api/decision-tree/project-info/get.
org.springframework.web.servlet.resource.NoResourceFoundException: No static resource api/decision-tree/project-info/get.
	at org.springframework.web.servlet.resource.ResourceHttpRequestHandler.handleRequest(ResourceHttpRequestHandler.java:585)
	at org.springframework.web.servlet.mvc.HttpRequestHandlerAdapter.handle(HttpRequestHandlerAdapter.java:52)
	at org.springframework.web.servlet.DispatcherServlet.doDispatch(DispatcherServlet.java:1089)
	at org.springframework.web.servlet.DispatcherServlet.doService(DispatcherServlet.java:979)
	at org.springframework.web.servlet.FrameworkServlet.processRequest(FrameworkServlet.java:1014)
	at org.springframework.web.servlet.FrameworkServlet.doGet(FrameworkServlet.java:903)
	at jakarta.servlet.http.HttpServlet.service(HttpServlet.java:564)
	at org.springframework.web.servlet.FrameworkServlet.service(FrameworkServlet.java:885)
	at jakarta.servlet.http.HttpServlet.service(HttpServlet.java:658)
	at org.apache.catalina.core.ApplicationFilterChain.internalDoFilter(ApplicationFilterChain.java:206)
	at org.apache.catalina.core.ApplicationFilterChain.doFilter(ApplicationFilterChain.java:150)
	at org.apache.tomcat.websocket.server.WsFilter.doFilter(WsFilter.java:51)
	at org.apache.catalina.core.ApplicationFilterChain.internalDoFilter(ApplicationFilterChain.java:175)
	at org.apache.catalina.core.ApplicationFilterChain.doFilter(ApplicationFilterChain.java:150)
	at org.springframework.web.filter.RequestContextFilter.doFilterInternal(RequestContextFilter.java:100)
	at org.springframework.web.filter.OncePerRequestFilter.doFilter(OncePerRequestFilter.java:116)
	at org.apache.catalina.core.ApplicationFilterChain.internalDoFilter(ApplicationFilterChain.java:175)
	at org.apache.catalina.core.ApplicationFilterChain.doFilter(ApplicationFilterChain.java:150)
	at org.springframework.web.filter.FormContentFilter.doFilterInternal(FormContentFilter.java:93)
	at org.springframework.web.filter.OncePerRequestFilter.doFilter(OncePerRequestFilter.java:116)
	at org.apache.catalina.core.ApplicationFilterChain.internalDoFilter(ApplicationFilterChain.java:175)
	at org.apache.catalina.core.ApplicationFilterChain.doFilter(ApplicationFilterChain.java:150)
	at org.springframework.web.filter.ServerHttpObservationFilter.doFilterInternal(ServerHttpObservationFilter.java:109)
	at org.springframework.web.filter.OncePerRequestFilter.doFilter(OncePerRequestFilter.java:116)
	at org.apache.catalina.core.ApplicationFilterChain.internalDoFilter(ApplicationFilterChain.java:175)
	at org.apache.catalina.core.ApplicationFilterChain.doFilter(ApplicationFilterChain.java:150)
	at org.springframework.web.filter.CharacterEncodingFilter.doFilterInternal(CharacterEncodingFilter.java:201)
	at org.springframework.web.filter.OncePerRequestFilter.doFilter(OncePerRequestFilter.java:116)
	at org.apache.catalina.core.ApplicationFilterChain.internalDoFilter(ApplicationFilterChain.java:175)
	at org.apache.catalina.core.ApplicationFilterChain.doFilter(ApplicationFilterChain.java:150)
	at org.apache.catalina.core.StandardWrapperValve.invoke(StandardWrapperValve.java:167)
	at org.apache.catalina.core.StandardContextValve.invoke(StandardContextValve.java:90)
	at org.apache.catalina.authenticator.AuthenticatorBase.invoke(AuthenticatorBase.java:482)
	at org.apache.catalina.core.StandardHostValve.invoke(StandardHostValve.java:115)
	at org.apache.catalina.valves.ErrorReportValve.invoke(ErrorReportValve.java:93)
	at org.apache.catalina.core.StandardEngineValve.invoke(StandardEngineValve.java:74)
	at org.apache.catalina.connector.CoyoteAdapter.service(CoyoteAdapter.java:344)
	at org.apache.coyote.http11.Http11Processor.service(Http11Processor.java:391)
	at org.apache.coyote.AbstractProcessorLight.process(AbstractProcessorLight.java:63)
	at org.apache.coyote.AbstractProtocol$ConnectionHandler.process(AbstractProtocol.java:896)
	at org.apache.tomcat.util.net.NioEndpoint$SocketProcessor.doRun(NioEndpoint.java:1736)
	at org.apache.tomcat.util.net.SocketProcessorBase.run(SocketProcessorBase.java:52)
	at org.apache.tomcat.util.threads.ThreadPoolExecutor.runWorker(ThreadPoolExecutor.java:1191)
	at org.apache.tomcat.util.threads.ThreadPoolExecutor$Worker.run(ThreadPoolExecutor.java:659)
	at org.apache.tomcat.util.threads.TaskThread$WrappingRunnable.run(TaskThread.java:63)
	at java.base/java.lang.Thread.run(Thread.java:1570)
2025-09-17 15:20:50 [http-nio-8080-exec-7] DEBUG o.s.w.s.m.m.a.HttpEntityMethodProcessor - Using 'text/plain', given [*/*] and supported [text/plain, */*, application/json, application/*+json]
2025-09-17 15:20:50 [http-nio-8080-exec-7] DEBUG o.s.w.s.m.m.a.HttpEntityMethodProcessor - Writing ["An unexpected error occurred"]
2025-09-17 15:20:50 [http-nio-8080-exec-7] WARN  o.s.w.s.m.m.a.ExceptionHandlerExceptionResolver - Resolved [org.springframework.web.servlet.resource.NoResourceFoundException: No static resource api/decision-tree/project-info/get.]
2025-09-17 15:20:50 [http-nio-8080-exec-7] DEBUG o.s.web.servlet.DispatcherServlet - Completed 500 INTERNAL_SERVER_ERROR
2025-09-17 15:20:50 [http-nio-8080-exec-10] DEBUG o.s.web.servlet.DispatcherServlet - GET "/static/media/dashboard.fc64719693ae8c17e7c5.png", parameters={}
2025-09-17 15:20:50 [http-nio-8080-exec-10] DEBUG o.s.w.s.h.SimpleUrlHandlerMapping - Mapped to ResourceHttpRequestHandler [classpath [META-INF/resources/], classpath [resources/], classpath [static/], classpath [public/], ServletContext [/]]
2025-09-17 15:20:50 [http-nio-8080-exec-10] DEBUG o.s.web.servlet.DispatcherServlet - Completed 200 OK
2025-09-17 15:20:56 [http-nio-8080-exec-9] DEBUG o.s.web.servlet.DispatcherServlet - POST "/api/decision-tree/project-info/save", parameters={}
2025-09-17 15:20:56 [http-nio-8080-exec-9] DEBUG o.s.w.s.m.m.a.RequestMappingHandlerMapping - Mapped to com.example.DigitalWayfinder.controller.ProjectInfoController#saveProjectInfo(ProjectInfoRequest, UserSession)
2025-09-17 15:20:56 [http-nio-8080-exec-9] INFO  c.e.D.config.SessionAdvice - Generated anonymous user ID: USER-FCB38E31 for session: 77D27EF9C20E87C35B9CFB683258F415
2025-09-17 15:20:56 [http-nio-8080-exec-9] DEBUG o.s.w.s.m.m.a.RequestResponseBodyMethodProcessor - Read "application/json;charset=UTF-8" to [ProjectInfoRequest(projectType=internal, requestID=1234, clientName=rqwer, clientDescription=, proje (truncated)...]
2025-09-17 15:20:56 [http-nio-8080-exec-9] INFO  c.e.D.c.ProjectInfoController - Received request to save project info: 1234 for user: USER-FCB38E31 in session: 77D27EF9C20E87C35B9CFB683258F415
2025-09-17 15:20:56 [http-nio-8080-exec-9] INFO  c.e.D.service.ProjectInfoService - Processing project info for request ID: 1234 by user: USER-FCB38E31 in session: 77D27EF9C20E87C35B9CFB683258F415
2025-09-17 15:20:57 [http-nio-8080-exec-9] DEBUG org.hibernate.SQL - 
    select
        pt1_0.id,
        pt1_0.ClientDescription,
        pt1_0.ClientName,
        pt1_0.CreatedDate,
        pt1_0.ProjectScope,
        pt1_0.ProjectType,
        pt1_0.RequestID,
        pt1_0.SessionID,
        pt1_0.UserID 
    from
        ProjectType pt1_0 
    where
        pt1_0.UserID=? 
        and pt1_0.SessionID=?
2025-09-17 15:20:57 [http-nio-8080-exec-9] INFO  c.e.D.service.ProjectInfoService - Creating new project record
2025-09-17 15:20:57 [http-nio-8080-exec-9] DEBUG org.hibernate.SQL - 
    insert 
    into
        ProjectType
        (ClientDescription, ClientName, CreatedDate, ProjectScope, ProjectType, RequestID, SessionID, UserID) 
    values
        (?, ?, ?, ?, ?, ?, ?, ?)
2025-09-17 15:20:57 [http-nio-8080-exec-9] INFO  c.e.D.service.ProjectInfoService - Project information saved successfully with ID: 219
2025-09-17 15:20:58 [http-nio-8080-exec-9] DEBUG o.s.w.s.m.m.a.HttpEntityMethodProcessor - Using 'application/json', given [*/*] and supported [application/json, application/*+json]
2025-09-17 15:20:58 [http-nio-8080-exec-9] DEBUG o.s.w.s.m.m.a.HttpEntityMethodProcessor - Writing [ProjectInfoResponse(id=219, userID=USER-FCB38E31, projectType=internal, requestID=1234, clientName=r (truncated)...]
2025-09-17 15:20:58 [http-nio-8080-exec-9] DEBUG o.s.web.servlet.DispatcherServlet - Completed 201 CREATED
2025-09-17 15:20:58 [http-nio-8080-exec-8] DEBUG o.s.web.servlet.DispatcherServlet - GET "/static/media/dashboard.fc64719693ae8c17e7c5.png", parameters={}
2025-09-17 15:20:58 [http-nio-8080-exec-3] DEBUG o.s.web.servlet.DispatcherServlet - GET "/static/media/supply-chain-planning.e00cda5f9f556d0f2f7b.png", parameters={}
2025-09-17 15:20:58 [http-nio-8080-exec-8] DEBUG o.s.w.s.h.SimpleUrlHandlerMapping - Mapped to ResourceHttpRequestHandler [classpath [META-INF/resources/], classpath [resources/], classpath [static/], classpath [public/], ServletContext [/]]
2025-09-17 15:20:58 [http-nio-8080-exec-3] DEBUG o.s.w.s.h.SimpleUrlHandlerMapping - Mapped to ResourceHttpRequestHandler [classpath [META-INF/resources/], classpath [resources/], classpath [static/], classpath [public/], ServletContext [/]]
2025-09-17 15:20:58 [http-nio-8080-exec-8] DEBUG o.s.web.servlet.DispatcherServlet - Completed 200 OK
2025-09-17 15:20:58 [http-nio-8080-exec-1] DEBUG o.s.web.servlet.DispatcherServlet - GET "/static/media/supply-chain-fulfillment.6dc3aaa89826c6c2506e.png", parameters={}
2025-09-17 15:20:58 [http-nio-8080-exec-1] DEBUG o.s.w.s.h.SimpleUrlHandlerMapping - Mapped to ResourceHttpRequestHandler [classpath [META-INF/resources/], classpath [resources/], classpath [static/], classpath [public/], ServletContext [/]]
2025-09-17 15:20:58 [http-nio-8080-exec-1] DEBUG o.s.web.servlet.DispatcherServlet - Completed 200 OK
2025-09-17 15:20:58 [http-nio-8080-exec-3] DEBUG o.s.web.servlet.DispatcherServlet - Completed 200 OK
2025-09-17 15:21:11 [http-nio-8080-exec-2] DEBUG o.s.web.servlet.DispatcherServlet - GET "/static/media/dashboard.fc64719693ae8c17e7c5.png", parameters={}
2025-09-17 15:21:11 [http-nio-8080-exec-5] DEBUG o.s.web.servlet.DispatcherServlet - GET "/static/media/warehouse-management.0fed6bc421ff6a0d0bb2.png", parameters={}
2025-09-17 15:21:11 [http-nio-8080-exec-6] DEBUG o.s.web.servlet.DispatcherServlet - GET "/static/media/order-management.f7bd9a2446beb26e5bc1.png", parameters={}
2025-09-17 15:21:11 [http-nio-8080-exec-4] DEBUG o.s.web.servlet.DispatcherServlet - GET "/static/media/transportation-management.441e7de72d119d4043ce.png", parameters={}
2025-09-17 15:21:11 [http-nio-8080-exec-2] DEBUG o.s.w.s.h.SimpleUrlHandlerMapping - Mapped to ResourceHttpRequestHandler [classpath [META-INF/resources/], classpath [resources/], classpath [static/], classpath [public/], ServletContext [/]]
2025-09-17 15:21:11 [http-nio-8080-exec-6] DEBUG o.s.w.s.h.SimpleUrlHandlerMapping - Mapped to ResourceHttpRequestHandler [classpath [META-INF/resources/], classpath [resources/], classpath [static/], classpath [public/], ServletContext [/]]
2025-09-17 15:21:11 [http-nio-8080-exec-5] DEBUG o.s.w.s.h.SimpleUrlHandlerMapping - Mapped to ResourceHttpRequestHandler [classpath [META-INF/resources/], classpath [resources/], classpath [static/], classpath [public/], ServletContext [/]]
2025-09-17 15:21:11 [http-nio-8080-exec-4] DEBUG o.s.w.s.h.SimpleUrlHandlerMapping - Mapped to ResourceHttpRequestHandler [classpath [META-INF/resources/], classpath [resources/], classpath [static/], classpath [public/], ServletContext [/]]
2025-09-17 15:21:11 [http-nio-8080-exec-2] DEBUG o.s.web.servlet.DispatcherServlet - Completed 200 OK
2025-09-17 15:21:11 [http-nio-8080-exec-6] DEBUG o.s.web.servlet.DispatcherServlet - Completed 200 OK
2025-09-17 15:21:11 [http-nio-8080-exec-5] DEBUG o.s.web.servlet.DispatcherServlet - Completed 200 OK
2025-09-17 15:21:12 [http-nio-8080-exec-4] DEBUG o.s.web.servlet.DispatcherServlet - Completed 200 OK
2025-09-17 15:21:14 [http-nio-8080-exec-9] DEBUG o.s.web.servlet.DispatcherServlet - GET "/static/media/Blueyonder.58d4f4950656f6f8b79e.png", parameters={}
2025-09-17 15:21:14 [http-nio-8080-exec-10] DEBUG o.s.web.servlet.DispatcherServlet - GET "/static/media/SAP.85bae5998550b4e2f11a.jpg", parameters={}
2025-09-17 15:21:14 [http-nio-8080-exec-7] DEBUG o.s.web.servlet.DispatcherServlet - GET "/static/media/dashboard.fc64719693ae8c17e7c5.png", parameters={}
2025-09-17 15:21:14 [http-nio-8080-exec-7] DEBUG o.s.w.s.h.SimpleUrlHandlerMapping - Mapped to ResourceHttpRequestHandler [classpath [META-INF/resources/], classpath [resources/], classpath [static/], classpath [public/], ServletContext [/]]
2025-09-17 15:21:14 [http-nio-8080-exec-9] DEBUG o.s.w.s.h.SimpleUrlHandlerMapping - Mapped to ResourceHttpRequestHandler [classpath [META-INF/resources/], classpath [resources/], classpath [static/], classpath [public/], ServletContext [/]]
2025-09-17 15:21:14 [http-nio-8080-exec-10] DEBUG o.s.w.s.h.SimpleUrlHandlerMapping - Mapped to ResourceHttpRequestHandler [classpath [META-INF/resources/], classpath [resources/], classpath [static/], classpath [public/], ServletContext [/]]
2025-09-17 15:21:14 [http-nio-8080-exec-9] DEBUG o.s.web.servlet.DispatcherServlet - Completed 200 OK
2025-09-17 15:21:14 [http-nio-8080-exec-10] DEBUG o.s.web.servlet.DispatcherServlet - Completed 200 OK
2025-09-17 15:21:14 [http-nio-8080-exec-7] DEBUG o.s.web.servlet.DispatcherServlet - Completed 200 OK
2025-09-17 15:22:00 [http-nio-8080-exec-1] DEBUG o.s.web.servlet.DispatcherServlet - GET "/api/digital-wayfinder/questionnaire/data-cloud/get-questions?functionalSubArea=Industry%20Agnostic", parameters={masked}
2025-09-17 15:22:00 [http-nio-8080-exec-1] DEBUG o.s.w.s.m.m.a.RequestMappingHandlerMapping - Mapped to com.example.DigitalWayfinder.controller.QuestionnaireController#getDataCloudQuestions(String, UserSession)
2025-09-17 15:22:00 [http-nio-8080-exec-1] INFO  c.e.D.c.QuestionnaireController - Received request for Data & Cloud questions - functionalSubArea: Industry Agnostic, user: USER-FCB38E31, session: 77D27EF9C20E87C35B9CFB683258F415
2025-09-17 15:22:00 [http-nio-8080-exec-1] INFO  c.e.D.service.QuestionnaireService - Fetching questions for functionalSubArea: Industry Agnostic, category: Data & Cloud, userId: USER-FCB38E31, sessionId: 77D27EF9C20E87C35B9CFB683258F415
2025-09-17 15:22:00 [http-nio-8080-exec-1] INFO  c.e.D.service.QuestionnaireService - Fetching questions from Planning table for industry type: Industry Agnostic and category: Data & Cloud
2025-09-17 15:22:00 [http-nio-8080-exec-1] DEBUG org.hibernate.SQL - 
    select
        pq1_0.category,
        pq1_0.question,
        pq1_0.[Answer Type] 
    from
        Planning_Questionnaire pq1_0 
    where
        pq1_0.category=?
2025-09-17 15:22:01 [http-nio-8080-exec-1] INFO  c.e.D.service.QuestionnaireService - Successfully fetched 4 Planning questions for industry type: Industry Agnostic and category: Data & Cloud
2025-09-17 15:22:01 [http-nio-8080-exec-1] INFO  c.e.D.c.QuestionnaireController - Successfully returning questions for functionalSubArea: Industry Agnostic
2025-09-17 15:22:01 [http-nio-8080-exec-1] DEBUG o.s.w.s.m.m.a.HttpEntityMethodProcessor - Using 'application/json', given [*/*] and supported [application/json, application/*+json]
2025-09-17 15:22:01 [http-nio-8080-exec-1] DEBUG o.s.w.s.m.m.a.HttpEntityMethodProcessor - Writing [QuestionnaireResponse(userId=USER-FCB38E31, sessionId=77D27EF9C20E87C35B9CFB683258F415, functionalSu (truncated)...]
2025-09-17 15:22:01 [http-nio-8080-exec-1] DEBUG o.s.web.servlet.DispatcherServlet - Completed 200 OK
2025-09-17 15:22:09 [http-nio-8080-exec-3] DEBUG o.s.web.servlet.DispatcherServlet - POST "/api/digital-wayfinder/questionnaire/data-cloud/save-answers", parameters={}
2025-09-17 15:22:09 [http-nio-8080-exec-3] DEBUG o.s.w.s.m.m.a.RequestMappingHandlerMapping - Mapped to com.example.DigitalWayfinder.controller.QuestionnaireController#saveDataCloudAnswers(SaveAnswersRequest, UserSession)
2025-09-17 15:22:09 [http-nio-8080-exec-3] DEBUG o.s.w.s.m.m.a.RequestResponseBodyMethodProcessor - Read "application/json;charset=UTF-8" to [SaveAnswersRequest(functionalArea=Supply Chain Fulfillment, functionalSubArea=Industry Agnostic, ans (truncated)...]
2025-09-17 15:22:09 [http-nio-8080-exec-3] INFO  c.e.D.c.QuestionnaireController - Received request to save Data & Cloud answers - user: USER-FCB38E31, session: 77D27EF9C20E87C35B9CFB683258F415
2025-09-17 15:22:09 [http-nio-8080-exec-3] INFO  c.e.D.service.QuestionnaireService - Saving answers for category: Data & Cloud, userId: USER-FCB38E31, sessionId: 77D27EF9C20E87C35B9CFB683258F415
2025-09-17 15:22:09 [http-nio-8080-exec-3] INFO  c.e.D.service.QuestionnaireService - Using provided session - User: USER-FCB38E31, Session: 77D27EF9C20E87C35B9CFB683258F415
2025-09-17 15:22:09 [http-nio-8080-exec-3] DEBUG org.hibernate.SQL - 
    select
        d1_0.id,
        d1_0.Category,
        d1_0.FunctionalArea,
        d1_0.FunctionalSubArea,
        d1_0.Question,
        d1_0.ResponseType,
        d1_0.SessionID,
        d1_0.UserID 
    from
        DWQuestions d1_0 
    where
        d1_0.UserID=? 
        and d1_0.SessionID=? 
        and d1_0.Category=? 
        and d1_0.Question=?
2025-09-17 15:22:10 [http-nio-8080-exec-3] DEBUG org.hibernate.SQL - 
    insert 
    into
        DWQuestions
        (Category, FunctionalArea, FunctionalSubArea, Question, ResponseType, SessionID, UserID) 
    values
        (?, ?, ?, ?, ?, ?, ?)
2025-09-17 15:22:11 [http-nio-8080-exec-3] DEBUG org.hibernate.SQL - 
    select
        d1_0.id,
        d1_0.Category,
        d1_0.FunctionalArea,
        d1_0.FunctionalSubArea,
        d1_0.Question,
        d1_0.ResponseType,
        d1_0.SessionID,
        d1_0.UserID 
    from
        DWQuestions d1_0 
    where
        d1_0.UserID=? 
        and d1_0.SessionID=? 
        and d1_0.Category=? 
        and d1_0.Question=?
2025-09-17 15:22:12 [http-nio-8080-exec-3] DEBUG org.hibernate.SQL - 
    insert 
    into
        DWQuestions
        (Category, FunctionalArea, FunctionalSubArea, Question, ResponseType, SessionID, UserID) 
    values
        (?, ?, ?, ?, ?, ?, ?)
2025-09-17 15:22:13 [http-nio-8080-exec-3] DEBUG org.hibernate.SQL - 
    select
        d1_0.id,
        d1_0.Category,
        d1_0.FunctionalArea,
        d1_0.FunctionalSubArea,
        d1_0.Question,
        d1_0.ResponseType,
        d1_0.SessionID,
        d1_0.UserID 
    from
        DWQuestions d1_0 
    where
        d1_0.UserID=? 
        and d1_0.SessionID=? 
        and d1_0.Category=? 
        and d1_0.Question=?
2025-09-17 15:22:13 [http-nio-8080-exec-3] DEBUG org.hibernate.SQL - 
    insert 
    into
        DWQuestions
        (Category, FunctionalArea, FunctionalSubArea, Question, ResponseType, SessionID, UserID) 
    values
        (?, ?, ?, ?, ?, ?, ?)
2025-09-17 15:22:14 [http-nio-8080-exec-3] DEBUG org.hibernate.SQL - 
    select
        d1_0.id,
        d1_0.Category,
        d1_0.FunctionalArea,
        d1_0.FunctionalSubArea,
        d1_0.Question,
        d1_0.ResponseType,
        d1_0.SessionID,
        d1_0.UserID 
    from
        DWQuestions d1_0 
    where
        d1_0.UserID=? 
        and d1_0.SessionID=? 
        and d1_0.Category=? 
        and d1_0.Question=?
2025-09-17 15:22:15 [http-nio-8080-exec-3] DEBUG org.hibernate.SQL - 
    insert 
    into
        DWQuestions
        (Category, FunctionalArea, FunctionalSubArea, Question, ResponseType, SessionID, UserID) 
    values
        (?, ?, ?, ?, ?, ?, ?)
2025-09-17 15:22:16 [http-nio-8080-exec-3] INFO  c.e.D.service.QuestionnaireService - Successfully saved 4 answers for category: Data & Cloud with session: 77D27EF9C20E87C35B9CFB683258F415
2025-09-17 15:22:16 [http-nio-8080-exec-3] INFO  c.e.D.c.QuestionnaireController - Successfully saved 4 Data & Cloud answers
2025-09-17 15:22:16 [http-nio-8080-exec-3] DEBUG o.s.w.s.m.m.a.HttpEntityMethodProcessor - Using 'application/json', given [*/*] and supported [application/json, application/*+json]
2025-09-17 15:22:16 [http-nio-8080-exec-3] DEBUG o.s.w.s.m.m.a.HttpEntityMethodProcessor - Writing [SaveAnswersResponse(userId=USER-FCB38E31, sessionId=77D27EF9C20E87C35B9CFB683258F415, functionalArea (truncated)...]
2025-09-17 15:22:16 [http-nio-8080-exec-3] DEBUG o.s.web.servlet.DispatcherServlet - Completed 201 CREATED
2025-09-17 15:22:16 [http-nio-8080-exec-4] DEBUG o.s.web.servlet.DispatcherServlet - GET "/api/digital-wayfinder/questionnaire/operational-innovations/get-questions?functionalSubArea=Industry%20Agnostic", parameters={masked}
2025-09-17 15:22:16 [http-nio-8080-exec-4] DEBUG o.s.w.s.m.m.a.RequestMappingHandlerMapping - Mapped to com.example.DigitalWayfinder.controller.QuestionnaireController#getOperationalInnovationsQuestions(String, UserSession)
2025-09-17 15:22:16 [http-nio-8080-exec-4] INFO  c.e.D.c.QuestionnaireController - Received request for Operational Innovations questions - functionalSubArea: Industry Agnostic, user: USER-FCB38E31, session: 77D27EF9C20E87C35B9CFB683258F415
2025-09-17 15:22:16 [http-nio-8080-exec-4] INFO  c.e.D.service.QuestionnaireService - Fetching questions for functionalSubArea: Industry Agnostic, category: Operational Innovations, userId: USER-FCB38E31, sessionId: 77D27EF9C20E87C35B9CFB683258F415
2025-09-17 15:22:16 [http-nio-8080-exec-4] INFO  c.e.D.service.QuestionnaireService - Fetching questions from Planning table for industry type: Industry Agnostic and category: Operational Innovations
2025-09-17 15:22:16 [http-nio-8080-exec-4] DEBUG org.hibernate.SQL - 
    select
        pq1_0.category,
        pq1_0.question,
        pq1_0.[Answer Type] 
    from
        Planning_Questionnaire pq1_0 
    where
        pq1_0.category=?
2025-09-17 15:22:17 [http-nio-8080-exec-4] INFO  c.e.D.service.QuestionnaireService - Successfully fetched 14 Planning questions for industry type: Industry Agnostic and category: Operational Innovations
2025-09-17 15:22:17 [http-nio-8080-exec-4] INFO  c.e.D.c.QuestionnaireController - Successfully returning questions for functionalSubArea: Industry Agnostic
2025-09-17 15:22:17 [http-nio-8080-exec-4] DEBUG o.s.w.s.m.m.a.HttpEntityMethodProcessor - Using 'application/json', given [*/*] and supported [application/json, application/*+json]
2025-09-17 15:22:17 [http-nio-8080-exec-4] DEBUG o.s.w.s.m.m.a.HttpEntityMethodProcessor - Writing [QuestionnaireResponse(userId=USER-FCB38E31, sessionId=77D27EF9C20E87C35B9CFB683258F415, functionalSu (truncated)...]
2025-09-17 15:22:17 [http-nio-8080-exec-4] DEBUG o.s.web.servlet.DispatcherServlet - Completed 200 OK
2025-09-17 15:22:17 [http-nio-8080-exec-9] DEBUG o.s.web.servlet.DispatcherServlet - GET "/api/digital-wayfinder/questionnaire/data-cloud/get-answers?functionalSubArea=Industry%20Agnostic", parameters={masked}
2025-09-17 15:22:17 [http-nio-8080-exec-9] DEBUG o.s.w.s.m.m.a.RequestMappingHandlerMapping - Mapped to com.example.DigitalWayfinder.controller.QuestionnaireController#getDataCloudAnswers(UserSession)
2025-09-17 15:22:17 [http-nio-8080-exec-9] INFO  c.e.D.c.QuestionnaireController - Received request for Data & Cloud answers - user: USER-FCB38E31, session: 77D27EF9C20E87C35B9CFB683258F415
2025-09-17 15:22:17 [http-nio-8080-exec-9] INFO  c.e.D.service.QuestionnaireService - Fetching answers for category: Data & Cloud, userId: USER-FCB38E31, sessionId: 77D27EF9C20E87C35B9CFB683258F415
2025-09-17 15:22:17 [http-nio-8080-exec-9] INFO  c.e.D.service.QuestionnaireService - Using provided session - User: USER-FCB38E31, Session: 77D27EF9C20E87C35B9CFB683258F415
2025-09-17 15:22:17 [http-nio-8080-exec-9] DEBUG org.hibernate.SQL - 
    select
        d1_0.id,
        d1_0.Category,
        d1_0.FunctionalArea,
        d1_0.FunctionalSubArea,
        d1_0.Question,
        d1_0.ResponseType,
        d1_0.SessionID,
        d1_0.UserID 
    from
        DWQuestions d1_0 
    where
        d1_0.Category=? 
        and (
            d1_0.UserID=? 
            or d1_0.UserID is null
        ) 
        and (
            d1_0.SessionID=? 
            or d1_0.SessionID is null
        )
2025-09-17 15:22:17 [http-nio-8080-exec-9] INFO  c.e.D.service.QuestionnaireService - Successfully fetched 4 saved answers for category: Data & Cloud with session: 77D27EF9C20E87C35B9CFB683258F415
2025-09-17 15:22:17 [http-nio-8080-exec-9] INFO  c.e.D.c.QuestionnaireController - Successfully returning 4 Data & Cloud answers
2025-09-17 15:22:17 [http-nio-8080-exec-9] DEBUG o.s.w.s.m.m.a.HttpEntityMethodProcessor - Using 'application/json', given [*/*] and supported [application/json, application/*+json]
2025-09-17 15:22:17 [http-nio-8080-exec-9] DEBUG o.s.w.s.m.m.a.HttpEntityMethodProcessor - Writing [GetAnswersResponse(userId=USER-FCB38E31, sessionId=77D27EF9C20E87C35B9CFB683258F415, functionalSubAr (truncated)...]
2025-09-17 15:22:17 [http-nio-8080-exec-9] DEBUG o.s.web.servlet.DispatcherServlet - Completed 200 OK
2025-09-17 15:22:39 [http-nio-8080-exec-10] DEBUG o.s.web.servlet.DispatcherServlet - POST "/api/digital-wayfinder/questionnaire/operational-innovations/save-answers", parameters={}
2025-09-17 15:22:39 [http-nio-8080-exec-10] DEBUG o.s.w.s.m.m.a.RequestMappingHandlerMapping - Mapped to com.example.DigitalWayfinder.controller.QuestionnaireController#saveOperationalInnovationsAnswers(SaveAnswersRequest, UserSession)
2025-09-17 15:22:39 [http-nio-8080-exec-10] DEBUG o.s.w.s.m.m.a.RequestResponseBodyMethodProcessor - Read "application/json;charset=UTF-8" to [SaveAnswersRequest(functionalArea=Supply Chain Fulfillment, functionalSubArea=Industry Agnostic, ans (truncated)...]
2025-09-17 15:22:39 [http-nio-8080-exec-10] INFO  c.e.D.c.QuestionnaireController - Received request to save Operational Innovations answers - user: USER-FCB38E31, session: 77D27EF9C20E87C35B9CFB683258F415
2025-09-17 15:22:39 [http-nio-8080-exec-10] INFO  c.e.D.service.QuestionnaireService - Saving answers for category: Operational Innovations, userId: USER-FCB38E31, sessionId: 77D27EF9C20E87C35B9CFB683258F415
2025-09-17 15:22:39 [http-nio-8080-exec-10] INFO  c.e.D.service.QuestionnaireService - Using provided session - User: USER-FCB38E31, Session: 77D27EF9C20E87C35B9CFB683258F415
2025-09-17 15:22:39 [http-nio-8080-exec-10] DEBUG org.hibernate.SQL - 
    select
        d1_0.id,
        d1_0.Category,
        d1_0.FunctionalArea,
        d1_0.FunctionalSubArea,
        d1_0.Question,
        d1_0.ResponseType,
        d1_0.SessionID,
        d1_0.UserID 
    from
        DWQuestions d1_0 
    where
        d1_0.UserID=? 
        and d1_0.SessionID=? 
        and d1_0.Category=? 
        and d1_0.Question=?
2025-09-17 15:22:40 [http-nio-8080-exec-10] DEBUG org.hibernate.SQL - 
    insert 
    into
        DWQuestions
        (Category, FunctionalArea, FunctionalSubArea, Question, ResponseType, SessionID, UserID) 
    values
        (?, ?, ?, ?, ?, ?, ?)
2025-09-17 15:22:41 [http-nio-8080-exec-10] DEBUG org.hibernate.SQL - 
    select
        d1_0.id,
        d1_0.Category,
        d1_0.FunctionalArea,
        d1_0.FunctionalSubArea,
        d1_0.Question,
        d1_0.ResponseType,
        d1_0.SessionID,
        d1_0.UserID 
    from
        DWQuestions d1_0 
    where
        d1_0.UserID=? 
        and d1_0.SessionID=? 
        and d1_0.Category=? 
        and d1_0.Question=?
2025-09-17 15:22:42 [http-nio-8080-exec-10] DEBUG org.hibernate.SQL - 
    insert 
    into
        DWQuestions
        (Category, FunctionalArea, FunctionalSubArea, Question, ResponseType, SessionID, UserID) 
    values
        (?, ?, ?, ?, ?, ?, ?)
2025-09-17 15:22:43 [http-nio-8080-exec-10] DEBUG org.hibernate.SQL - 
    select
        d1_0.id,
        d1_0.Category,
        d1_0.FunctionalArea,
        d1_0.FunctionalSubArea,
        d1_0.Question,
        d1_0.ResponseType,
        d1_0.SessionID,
        d1_0.UserID 
    from
        DWQuestions d1_0 
    where
        d1_0.UserID=? 
        and d1_0.SessionID=? 
        and d1_0.Category=? 
        and d1_0.Question=?
2025-09-17 15:22:43 [http-nio-8080-exec-10] DEBUG org.hibernate.SQL - 
    insert 
    into
        DWQuestions
        (Category, FunctionalArea, FunctionalSubArea, Question, ResponseType, SessionID, UserID) 
    values
        (?, ?, ?, ?, ?, ?, ?)
2025-09-17 15:22:44 [http-nio-8080-exec-10] DEBUG org.hibernate.SQL - 
    select
        d1_0.id,
        d1_0.Category,
        d1_0.FunctionalArea,
        d1_0.FunctionalSubArea,
        d1_0.Question,
        d1_0.ResponseType,
        d1_0.SessionID,
        d1_0.UserID 
    from
        DWQuestions d1_0 
    where
        d1_0.UserID=? 
        and d1_0.SessionID=? 
        and d1_0.Category=? 
        and d1_0.Question=?
2025-09-17 15:22:44 [http-nio-8080-exec-10] DEBUG org.hibernate.SQL - 
    insert 
    into
        DWQuestions
        (Category, FunctionalArea, FunctionalSubArea, Question, ResponseType, SessionID, UserID) 
    values
        (?, ?, ?, ?, ?, ?, ?)
2025-09-17 15:22:45 [http-nio-8080-exec-10] DEBUG org.hibernate.SQL - 
    select
        d1_0.id,
        d1_0.Category,
        d1_0.FunctionalArea,
        d1_0.FunctionalSubArea,
        d1_0.Question,
        d1_0.ResponseType,
        d1_0.SessionID,
        d1_0.UserID 
    from
        DWQuestions d1_0 
    where
        d1_0.UserID=? 
        and d1_0.SessionID=? 
        and d1_0.Category=? 
        and d1_0.Question=?
2025-09-17 15:22:46 [http-nio-8080-exec-10] DEBUG org.hibernate.SQL - 
    insert 
    into
        DWQuestions
        (Category, FunctionalArea, FunctionalSubArea, Question, ResponseType, SessionID, UserID) 
    values
        (?, ?, ?, ?, ?, ?, ?)
2025-09-17 15:22:47 [http-nio-8080-exec-10] DEBUG org.hibernate.SQL - 
    select
        d1_0.id,
        d1_0.Category,
        d1_0.FunctionalArea,
        d1_0.FunctionalSubArea,
        d1_0.Question,
        d1_0.ResponseType,
        d1_0.SessionID,
        d1_0.UserID 
    from
        DWQuestions d1_0 
    where
        d1_0.UserID=? 
        and d1_0.SessionID=? 
        and d1_0.Category=? 
        and d1_0.Question=?
2025-09-17 15:22:47 [http-nio-8080-exec-10] DEBUG org.hibernate.SQL - 
    insert 
    into
        DWQuestions
        (Category, FunctionalArea, FunctionalSubArea, Question, ResponseType, SessionID, UserID) 
    values
        (?, ?, ?, ?, ?, ?, ?)
2025-09-17 15:22:48 [http-nio-8080-exec-10] DEBUG org.hibernate.SQL - 
    select
        d1_0.id,
        d1_0.Category,
        d1_0.FunctionalArea,
        d1_0.FunctionalSubArea,
        d1_0.Question,
        d1_0.ResponseType,
        d1_0.SessionID,
        d1_0.UserID 
    from
        DWQuestions d1_0 
    where
        d1_0.UserID=? 
        and d1_0.SessionID=? 
        and d1_0.Category=? 
        and d1_0.Question=?
2025-09-17 15:22:49 [http-nio-8080-exec-10] DEBUG org.hibernate.SQL - 
    insert 
    into
        DWQuestions
        (Category, FunctionalArea, FunctionalSubArea, Question, ResponseType, SessionID, UserID) 
    values
        (?, ?, ?, ?, ?, ?, ?)
2025-09-17 15:22:49 [http-nio-8080-exec-10] DEBUG org.hibernate.SQL - 
    select
        d1_0.id,
        d1_0.Category,
        d1_0.FunctionalArea,
        d1_0.FunctionalSubArea,
        d1_0.Question,
        d1_0.ResponseType,
        d1_0.SessionID,
        d1_0.UserID 
    from
        DWQuestions d1_0 
    where
        d1_0.UserID=? 
        and d1_0.SessionID=? 
        and d1_0.Category=? 
        and d1_0.Question=?
2025-09-17 15:22:50 [http-nio-8080-exec-10] DEBUG org.hibernate.SQL - 
    insert 
    into
        DWQuestions
        (Category, FunctionalArea, FunctionalSubArea, Question, ResponseType, SessionID, UserID) 
    values
        (?, ?, ?, ?, ?, ?, ?)
2025-09-17 15:22:51 [http-nio-8080-exec-10] DEBUG org.hibernate.SQL - 
    select
        d1_0.id,
        d1_0.Category,
        d1_0.FunctionalArea,
        d1_0.FunctionalSubArea,
        d1_0.Question,
        d1_0.ResponseType,
        d1_0.SessionID,
        d1_0.UserID 
    from
        DWQuestions d1_0 
    where
        d1_0.UserID=? 
        and d1_0.SessionID=? 
        and d1_0.Category=? 
        and d1_0.Question=?
2025-09-17 15:22:51 [http-nio-8080-exec-10] DEBUG org.hibernate.SQL - 
    insert 
    into
        DWQuestions
        (Category, FunctionalArea, FunctionalSubArea, Question, ResponseType, SessionID, UserID) 
    values
        (?, ?, ?, ?, ?, ?, ?)
2025-09-17 15:22:52 [http-nio-8080-exec-10] DEBUG org.hibernate.SQL - 
    select
        d1_0.id,
        d1_0.Category,
        d1_0.FunctionalArea,
        d1_0.FunctionalSubArea,
        d1_0.Question,
        d1_0.ResponseType,
        d1_0.SessionID,
        d1_0.UserID 
    from
        DWQuestions d1_0 
    where
        d1_0.UserID=? 
        and d1_0.SessionID=? 
        and d1_0.Category=? 
        and d1_0.Question=?
2025-09-17 15:22:53 [http-nio-8080-exec-10] DEBUG org.hibernate.SQL - 
    insert 
    into
        DWQuestions
        (Category, FunctionalArea, FunctionalSubArea, Question, ResponseType, SessionID, UserID) 
    values
        (?, ?, ?, ?, ?, ?, ?)
2025-09-17 15:22:54 [http-nio-8080-exec-10] DEBUG org.hibernate.SQL - 
    select
        d1_0.id,
        d1_0.Category,
        d1_0.FunctionalArea,
        d1_0.FunctionalSubArea,
        d1_0.Question,
        d1_0.ResponseType,
        d1_0.SessionID,
        d1_0.UserID 
    from
        DWQuestions d1_0 
    where
        d1_0.UserID=? 
        and d1_0.SessionID=? 
        and d1_0.Category=? 
        and d1_0.Question=?
2025-09-17 15:22:54 [http-nio-8080-exec-10] DEBUG org.hibernate.SQL - 
    insert 
    into
        DWQuestions
        (Category, FunctionalArea, FunctionalSubArea, Question, ResponseType, SessionID, UserID) 
    values
        (?, ?, ?, ?, ?, ?, ?)
2025-09-17 15:22:55 [http-nio-8080-exec-10] DEBUG org.hibernate.SQL - 
    select
        d1_0.id,
        d1_0.Category,
        d1_0.FunctionalArea,
        d1_0.FunctionalSubArea,
        d1_0.Question,
        d1_0.ResponseType,
        d1_0.SessionID,
        d1_0.UserID 
    from
        DWQuestions d1_0 
    where
        d1_0.UserID=? 
        and d1_0.SessionID=? 
        and d1_0.Category=? 
        and d1_0.Question=?
2025-09-17 15:22:56 [http-nio-8080-exec-10] DEBUG org.hibernate.SQL - 
    insert 
    into
        DWQuestions
        (Category, FunctionalArea, FunctionalSubArea, Question, ResponseType, SessionID, UserID) 
    values
        (?, ?, ?, ?, ?, ?, ?)
2025-09-17 15:22:56 [http-nio-8080-exec-10] DEBUG org.hibernate.SQL - 
    select
        d1_0.id,
        d1_0.Category,
        d1_0.FunctionalArea,
        d1_0.FunctionalSubArea,
        d1_0.Question,
        d1_0.ResponseType,
        d1_0.SessionID,
        d1_0.UserID 
    from
        DWQuestions d1_0 
    where
        d1_0.UserID=? 
        and d1_0.SessionID=? 
        and d1_0.Category=? 
        and d1_0.Question=?
2025-09-17 15:22:57 [http-nio-8080-exec-10] DEBUG org.hibernate.SQL - 
    insert 
    into
        DWQuestions
        (Category, FunctionalArea, FunctionalSubArea, Question, ResponseType, SessionID, UserID) 
    values
        (?, ?, ?, ?, ?, ?, ?)
2025-09-17 15:22:58 [http-nio-8080-exec-10] DEBUG org.hibernate.SQL - 
    select
        d1_0.id,
        d1_0.Category,
        d1_0.FunctionalArea,
        d1_0.FunctionalSubArea,
        d1_0.Question,
        d1_0.ResponseType,
        d1_0.SessionID,
        d1_0.UserID 
    from
        DWQuestions d1_0 
    where
        d1_0.UserID=? 
        and d1_0.SessionID=? 
        and d1_0.Category=? 
        and d1_0.Question=?
2025-09-17 15:22:58 [http-nio-8080-exec-10] DEBUG org.hibernate.SQL - 
    insert 
    into
        DWQuestions
        (Category, FunctionalArea, FunctionalSubArea, Question, ResponseType, SessionID, UserID) 
    values
        (?, ?, ?, ?, ?, ?, ?)
2025-09-17 15:22:59 [http-nio-8080-exec-10] INFO  c.e.D.service.QuestionnaireService - Successfully saved 14 answers for category: Operational Innovations with session: 77D27EF9C20E87C35B9CFB683258F415
2025-09-17 15:22:59 [http-nio-8080-exec-10] INFO  c.e.D.c.QuestionnaireController - Successfully saved 14 Operational Innovations answers
2025-09-17 15:22:59 [http-nio-8080-exec-10] DEBUG o.s.w.s.m.m.a.HttpEntityMethodProcessor - Using 'application/json', given [*/*] and supported [application/json, application/*+json]
2025-09-17 15:22:59 [http-nio-8080-exec-10] DEBUG o.s.w.s.m.m.a.HttpEntityMethodProcessor - Writing [SaveAnswersResponse(userId=USER-FCB38E31, sessionId=77D27EF9C20E87C35B9CFB683258F415, functionalArea (truncated)...]
2025-09-17 15:22:59 [http-nio-8080-exec-10] DEBUG o.s.web.servlet.DispatcherServlet - Completed 201 CREATED
2025-09-17 15:22:59 [http-nio-8080-exec-7] DEBUG o.s.web.servlet.DispatcherServlet - GET "/api/digital-wayfinder/questionnaire/visibility-proactive/get-questions?functionalSubArea=Industry%20Agnostic", parameters={masked}
2025-09-17 15:22:59 [http-nio-8080-exec-7] DEBUG o.s.w.s.m.m.a.RequestMappingHandlerMapping - Mapped to com.example.DigitalWayfinder.controller.QuestionnaireController#getVisibilityProactiveQuestions(String, UserSession)
2025-09-17 15:22:59 [http-nio-8080-exec-7] INFO  c.e.D.c.QuestionnaireController - Received request for Visibility & Proactive Planning questions - functionalSubArea: Industry Agnostic, user: USER-FCB38E31, session: 77D27EF9C20E87C35B9CFB683258F415
2025-09-17 15:22:59 [http-nio-8080-exec-7] INFO  c.e.D.service.QuestionnaireService - Fetching questions for functionalSubArea: Industry Agnostic, category: Visibility & Proactive Planning, userId: USER-FCB38E31, sessionId: 77D27EF9C20E87C35B9CFB683258F415
2025-09-17 15:22:59 [http-nio-8080-exec-7] INFO  c.e.D.service.QuestionnaireService - Fetching questions from Planning table for industry type: Industry Agnostic and category: Visibility & Proactive Planning
2025-09-17 15:22:59 [http-nio-8080-exec-7] DEBUG org.hibernate.SQL - 
    select
        pq1_0.category,
        pq1_0.question,
        pq1_0.[Answer Type] 
    from
        Planning_Questionnaire pq1_0 
    where
        pq1_0.category=?
2025-09-17 15:22:59 [http-nio-8080-exec-7] INFO  c.e.D.service.QuestionnaireService - Successfully fetched 9 Planning questions for industry type: Industry Agnostic and category: Visibility & Proactive Planning
2025-09-17 15:22:59 [http-nio-8080-exec-7] INFO  c.e.D.c.QuestionnaireController - Successfully returning questions for functionalSubArea: Industry Agnostic
2025-09-17 15:22:59 [http-nio-8080-exec-7] DEBUG o.s.w.s.m.m.a.HttpEntityMethodProcessor - Using 'application/json', given [*/*] and supported [application/json, application/*+json]
2025-09-17 15:22:59 [http-nio-8080-exec-7] DEBUG o.s.w.s.m.m.a.HttpEntityMethodProcessor - Writing [QuestionnaireResponse(userId=USER-FCB38E31, sessionId=77D27EF9C20E87C35B9CFB683258F415, functionalSu (truncated)...]
2025-09-17 15:22:59 [http-nio-8080-exec-7] DEBUG o.s.web.servlet.DispatcherServlet - Completed 200 OK
2025-09-17 15:22:59 [http-nio-8080-exec-8] DEBUG o.s.web.servlet.DispatcherServlet - GET "/api/digital-wayfinder/questionnaire/operational-innovations/get-answers?functionalSubArea=Industry%20Agnostic", parameters={masked}
2025-09-17 15:22:59 [http-nio-8080-exec-8] DEBUG o.s.w.s.m.m.a.RequestMappingHandlerMapping - Mapped to com.example.DigitalWayfinder.controller.QuestionnaireController#getOperationalInnovationsAnswers(UserSession)
2025-09-17 15:22:59 [http-nio-8080-exec-8] INFO  c.e.D.c.QuestionnaireController - Received request for Operational Innovations answers - user: USER-FCB38E31, session: 77D27EF9C20E87C35B9CFB683258F415
2025-09-17 15:22:59 [http-nio-8080-exec-8] INFO  c.e.D.service.QuestionnaireService - Fetching answers for category: Operational Innovations, userId: USER-FCB38E31, sessionId: 77D27EF9C20E87C35B9CFB683258F415
2025-09-17 15:22:59 [http-nio-8080-exec-8] INFO  c.e.D.service.QuestionnaireService - Using provided session - User: USER-FCB38E31, Session: 77D27EF9C20E87C35B9CFB683258F415
2025-09-17 15:22:59 [http-nio-8080-exec-8] DEBUG org.hibernate.SQL - 
    select
        d1_0.id,
        d1_0.Category,
        d1_0.FunctionalArea,
        d1_0.FunctionalSubArea,
        d1_0.Question,
        d1_0.ResponseType,
        d1_0.SessionID,
        d1_0.UserID 
    from
        DWQuestions d1_0 
    where
        d1_0.Category=? 
        and (
            d1_0.UserID=? 
            or d1_0.UserID is null
        ) 
        and (
            d1_0.SessionID=? 
            or d1_0.SessionID is null
        )
2025-09-17 15:23:00 [http-nio-8080-exec-8] INFO  c.e.D.service.QuestionnaireService - Successfully fetched 14 saved answers for category: Operational Innovations with session: 77D27EF9C20E87C35B9CFB683258F415
2025-09-17 15:23:00 [http-nio-8080-exec-8] INFO  c.e.D.c.QuestionnaireController - Successfully returning 14 Operational Innovations answers
2025-09-17 15:23:00 [http-nio-8080-exec-8] DEBUG o.s.w.s.m.m.a.HttpEntityMethodProcessor - Using 'application/json', given [*/*] and supported [application/json, application/*+json]
2025-09-17 15:23:00 [http-nio-8080-exec-8] DEBUG o.s.w.s.m.m.a.HttpEntityMethodProcessor - Writing [GetAnswersResponse(userId=USER-FCB38E31, sessionId=77D27EF9C20E87C35B9CFB683258F415, functionalSubAr (truncated)...]
2025-09-17 15:23:00 [http-nio-8080-exec-8] DEBUG o.s.web.servlet.DispatcherServlet - Completed 200 OK
2025-09-17 15:23:12 [http-nio-8080-exec-1] DEBUG o.s.web.servlet.DispatcherServlet - POST "/api/digital-wayfinder/questionnaire/visibility-proactive/save-answers", parameters={}
2025-09-17 15:23:12 [http-nio-8080-exec-1] DEBUG o.s.w.s.m.m.a.RequestMappingHandlerMapping - Mapped to com.example.DigitalWayfinder.controller.QuestionnaireController#saveVisibilityProactiveAnswers(SaveAnswersRequest, UserSession)
2025-09-17 15:23:12 [http-nio-8080-exec-1] DEBUG o.s.w.s.m.m.a.RequestResponseBodyMethodProcessor - Read "application/json;charset=UTF-8" to [SaveAnswersRequest(functionalArea=Supply Chain Fulfillment, functionalSubArea=Industry Agnostic, ans (truncated)...]
2025-09-17 15:23:12 [http-nio-8080-exec-1] INFO  c.e.D.c.QuestionnaireController - Received request to save Visibility & Proactive Planning answers - user: USER-FCB38E31, session: 77D27EF9C20E87C35B9CFB683258F415
2025-09-17 15:23:12 [http-nio-8080-exec-1] INFO  c.e.D.service.QuestionnaireService - Saving answers for category: Visibility & Proactive Planning, userId: USER-FCB38E31, sessionId: 77D27EF9C20E87C35B9CFB683258F415
2025-09-17 15:23:12 [http-nio-8080-exec-1] INFO  c.e.D.service.QuestionnaireService - Using provided session - User: USER-FCB38E31, Session: 77D27EF9C20E87C35B9CFB683258F415
2025-09-17 15:23:12 [http-nio-8080-exec-1] DEBUG org.hibernate.SQL - 
    select
        d1_0.id,
        d1_0.Category,
        d1_0.FunctionalArea,
        d1_0.FunctionalSubArea,
        d1_0.Question,
        d1_0.ResponseType,
        d1_0.SessionID,
        d1_0.UserID 
    from
        DWQuestions d1_0 
    where
        d1_0.UserID=? 
        and d1_0.SessionID=? 
        and d1_0.Category=? 
        and d1_0.Question=?
2025-09-17 15:23:13 [http-nio-8080-exec-1] DEBUG org.hibernate.SQL - 
    insert 
    into
        DWQuestions
        (Category, FunctionalArea, FunctionalSubArea, Question, ResponseType, SessionID, UserID) 
    values
        (?, ?, ?, ?, ?, ?, ?)
2025-09-17 15:23:14 [http-nio-8080-exec-1] DEBUG org.hibernate.SQL - 
    select
        d1_0.id,
        d1_0.Category,
        d1_0.FunctionalArea,
        d1_0.FunctionalSubArea,
        d1_0.Question,
        d1_0.ResponseType,
        d1_0.SessionID,
        d1_0.UserID 
    from
        DWQuestions d1_0 
    where
        d1_0.UserID=? 
        and d1_0.SessionID=? 
        and d1_0.Category=? 
        and d1_0.Question=?
2025-09-17 15:23:14 [http-nio-8080-exec-1] DEBUG org.hibernate.SQL - 
    insert 
    into
        DWQuestions
        (Category, FunctionalArea, FunctionalSubArea, Question, ResponseType, SessionID, UserID) 
    values
        (?, ?, ?, ?, ?, ?, ?)
2025-09-17 15:23:15 [http-nio-8080-exec-1] DEBUG org.hibernate.SQL - 
    select
        d1_0.id,
        d1_0.Category,
        d1_0.FunctionalArea,
        d1_0.FunctionalSubArea,
        d1_0.Question,
        d1_0.ResponseType,
        d1_0.SessionID,
        d1_0.UserID 
    from
        DWQuestions d1_0 
    where
        d1_0.UserID=? 
        and d1_0.SessionID=? 
        and d1_0.Category=? 
        and d1_0.Question=?
2025-09-17 15:23:16 [http-nio-8080-exec-1] DEBUG org.hibernate.SQL - 
    insert 
    into
        DWQuestions
        (Category, FunctionalArea, FunctionalSubArea, Question, ResponseType, SessionID, UserID) 
    values
        (?, ?, ?, ?, ?, ?, ?)
2025-09-17 15:23:17 [http-nio-8080-exec-1] DEBUG org.hibernate.SQL - 
    select
        d1_0.id,
        d1_0.Category,
        d1_0.FunctionalArea,
        d1_0.FunctionalSubArea,
        d1_0.Question,
        d1_0.ResponseType,
        d1_0.SessionID,
        d1_0.UserID 
    from
        DWQuestions d1_0 
    where
        d1_0.UserID=? 
        and d1_0.SessionID=? 
        and d1_0.Category=? 
        and d1_0.Question=?
2025-09-17 15:23:17 [http-nio-8080-exec-1] DEBUG org.hibernate.SQL - 
    insert 
    into
        DWQuestions
        (Category, FunctionalArea, FunctionalSubArea, Question, ResponseType, SessionID, UserID) 
    values
        (?, ?, ?, ?, ?, ?, ?)
2025-09-17 15:23:18 [http-nio-8080-exec-1] DEBUG org.hibernate.SQL - 
    select
        d1_0.id,
        d1_0.Category,
        d1_0.FunctionalArea,
        d1_0.FunctionalSubArea,
        d1_0.Question,
        d1_0.ResponseType,
        d1_0.SessionID,
        d1_0.UserID 
    from
        DWQuestions d1_0 
    where
        d1_0.UserID=? 
        and d1_0.SessionID=? 
        and d1_0.Category=? 
        and d1_0.Question=?
2025-09-17 15:23:19 [http-nio-8080-exec-1] DEBUG org.hibernate.SQL - 
    insert 
    into
        DWQuestions
        (Category, FunctionalArea, FunctionalSubArea, Question, ResponseType, SessionID, UserID) 
    values
        (?, ?, ?, ?, ?, ?, ?)
2025-09-17 15:23:20 [http-nio-8080-exec-1] DEBUG org.hibernate.SQL - 
    select
        d1_0.id,
        d1_0.Category,
        d1_0.FunctionalArea,
        d1_0.FunctionalSubArea,
        d1_0.Question,
        d1_0.ResponseType,
        d1_0.SessionID,
        d1_0.UserID 
    from
        DWQuestions d1_0 
    where
        d1_0.UserID=? 
        and d1_0.SessionID=? 
        and d1_0.Category=? 
        and d1_0.Question=?
2025-09-17 15:23:20 [http-nio-8080-exec-1] DEBUG org.hibernate.SQL - 
    insert 
    into
        DWQuestions
        (Category, FunctionalArea, FunctionalSubArea, Question, ResponseType, SessionID, UserID) 
    values
        (?, ?, ?, ?, ?, ?, ?)
2025-09-17 15:23:21 [http-nio-8080-exec-1] DEBUG org.hibernate.SQL - 
    select
        d1_0.id,
        d1_0.Category,
        d1_0.FunctionalArea,
        d1_0.FunctionalSubArea,
        d1_0.Question,
        d1_0.ResponseType,
        d1_0.SessionID,
        d1_0.UserID 
    from
        DWQuestions d1_0 
    where
        d1_0.UserID=? 
        and d1_0.SessionID=? 
        and d1_0.Category=? 
        and d1_0.Question=?
2025-09-17 15:23:22 [http-nio-8080-exec-1] DEBUG org.hibernate.SQL - 
    insert 
    into
        DWQuestions
        (Category, FunctionalArea, FunctionalSubArea, Question, ResponseType, SessionID, UserID) 
    values
        (?, ?, ?, ?, ?, ?, ?)
2025-09-17 15:23:22 [http-nio-8080-exec-1] DEBUG org.hibernate.SQL - 
    select
        d1_0.id,
        d1_0.Category,
        d1_0.FunctionalArea,
        d1_0.FunctionalSubArea,
        d1_0.Question,
        d1_0.ResponseType,
        d1_0.SessionID,
        d1_0.UserID 
    from
        DWQuestions d1_0 
    where
        d1_0.UserID=? 
        and d1_0.SessionID=? 
        and d1_0.Category=? 
        and d1_0.Question=?
2025-09-17 15:23:23 [http-nio-8080-exec-1] DEBUG org.hibernate.SQL - 
    insert 
    into
        DWQuestions
        (Category, FunctionalArea, FunctionalSubArea, Question, ResponseType, SessionID, UserID) 
    values
        (?, ?, ?, ?, ?, ?, ?)
2025-09-17 15:23:24 [http-nio-8080-exec-1] DEBUG org.hibernate.SQL - 
    select
        d1_0.id,
        d1_0.Category,
        d1_0.FunctionalArea,
        d1_0.FunctionalSubArea,
        d1_0.Question,
        d1_0.ResponseType,
        d1_0.SessionID,
        d1_0.UserID 
    from
        DWQuestions d1_0 
    where
        d1_0.UserID=? 
        and d1_0.SessionID=? 
        and d1_0.Category=? 
        and d1_0.Question=?
2025-09-17 15:23:24 [http-nio-8080-exec-1] DEBUG org.hibernate.SQL - 
    insert 
    into
        DWQuestions
        (Category, FunctionalArea, FunctionalSubArea, Question, ResponseType, SessionID, UserID) 
    values
        (?, ?, ?, ?, ?, ?, ?)
2025-09-17 15:23:25 [http-nio-8080-exec-1] INFO  c.e.D.service.QuestionnaireService - Successfully saved 9 answers for category: Visibility & Proactive Planning with session: 77D27EF9C20E87C35B9CFB683258F415
2025-09-17 15:23:25 [http-nio-8080-exec-1] INFO  c.e.D.c.QuestionnaireController - Successfully saved 9 Visibility & Proactive Planning answers
2025-09-17 15:23:25 [http-nio-8080-exec-1] DEBUG o.s.w.s.m.m.a.HttpEntityMethodProcessor - Using 'application/json', given [*/*] and supported [application/json, application/*+json]
2025-09-17 15:23:25 [http-nio-8080-exec-1] DEBUG o.s.w.s.m.m.a.HttpEntityMethodProcessor - Writing [SaveAnswersResponse(userId=USER-FCB38E31, sessionId=77D27EF9C20E87C35B9CFB683258F415, functionalArea (truncated)...]
2025-09-17 15:23:25 [http-nio-8080-exec-1] DEBUG o.s.web.servlet.DispatcherServlet - Completed 201 CREATED
2025-09-17 15:23:25 [http-nio-8080-exec-2] DEBUG o.s.web.servlet.DispatcherServlet - GET "/api/digital-wayfinder/questionnaire/genai/get-questions?functionalSubArea=Industry%20Agnostic", parameters={masked}
2025-09-17 15:23:25 [http-nio-8080-exec-2] DEBUG o.s.w.s.m.m.a.RequestMappingHandlerMapping - Mapped to com.example.DigitalWayfinder.controller.QuestionnaireController#getGenAIQuestions(String, UserSession)
2025-09-17 15:23:25 [http-nio-8080-exec-2] INFO  c.e.D.c.QuestionnaireController - Received request for Agentic AI questions - functionalSubArea: Industry Agnostic, user: USER-FCB38E31, session: 77D27EF9C20E87C35B9CFB683258F415
2025-09-17 15:23:25 [http-nio-8080-exec-2] INFO  c.e.D.service.QuestionnaireService - Fetching questions for functionalSubArea: Industry Agnostic, category: Agentic AI, userId: USER-FCB38E31, sessionId: 77D27EF9C20E87C35B9CFB683258F415
2025-09-17 15:23:25 [http-nio-8080-exec-2] INFO  c.e.D.service.QuestionnaireService - Fetching questions from Planning table for industry type: Industry Agnostic and category: Agentic AI
2025-09-17 15:23:25 [http-nio-8080-exec-2] DEBUG org.hibernate.SQL - 
    select
        pq1_0.category,
        pq1_0.question,
        pq1_0.[Answer Type] 
    from
        Planning_Questionnaire pq1_0 
    where
        pq1_0.category=?
2025-09-17 15:23:26 [http-nio-8080-exec-2] INFO  c.e.D.service.QuestionnaireService - Successfully fetched 8 Planning questions for industry type: Industry Agnostic and category: Agentic AI
2025-09-17 15:23:26 [http-nio-8080-exec-2] INFO  c.e.D.c.QuestionnaireController - Successfully returning questions for functionalSubArea: Industry Agnostic
2025-09-17 15:23:26 [http-nio-8080-exec-2] DEBUG o.s.w.s.m.m.a.HttpEntityMethodProcessor - Using 'application/json', given [*/*] and supported [application/json, application/*+json]
2025-09-17 15:23:26 [http-nio-8080-exec-2] DEBUG o.s.w.s.m.m.a.HttpEntityMethodProcessor - Writing [QuestionnaireResponse(userId=USER-FCB38E31, sessionId=77D27EF9C20E87C35B9CFB683258F415, functionalSu (truncated)...]
2025-09-17 15:23:26 [http-nio-8080-exec-2] DEBUG o.s.web.servlet.DispatcherServlet - Completed 200 OK
2025-09-17 15:23:44 [http-nio-8080-exec-6] DEBUG o.s.web.servlet.DispatcherServlet - POST "/api/digital-wayfinder/questionnaire/genai/save-answers", parameters={}
2025-09-17 15:23:44 [http-nio-8080-exec-6] DEBUG o.s.w.s.m.m.a.RequestMappingHandlerMapping - Mapped to com.example.DigitalWayfinder.controller.QuestionnaireController#saveGenAIAnswers(SaveAnswersRequest, UserSession)
2025-09-17 15:23:44 [http-nio-8080-exec-6] DEBUG o.s.w.s.m.m.a.RequestResponseBodyMethodProcessor - Read "application/json;charset=UTF-8" to [SaveAnswersRequest(functionalArea=Supply Chain Fulfillment, functionalSubArea=Industry Agnostic, ans (truncated)...]
2025-09-17 15:23:44 [http-nio-8080-exec-6] INFO  c.e.D.c.QuestionnaireController - Received request to save Agentic AI answers - user: USER-FCB38E31, session: 77D27EF9C20E87C35B9CFB683258F415
2025-09-17 15:23:44 [http-nio-8080-exec-6] INFO  c.e.D.service.QuestionnaireService - Saving answers for category: Agentic AI, userId: USER-FCB38E31, sessionId: 77D27EF9C20E87C35B9CFB683258F415
2025-09-17 15:23:44 [http-nio-8080-exec-6] INFO  c.e.D.service.QuestionnaireService - Using provided session - User: USER-FCB38E31, Session: 77D27EF9C20E87C35B9CFB683258F415
2025-09-17 15:23:44 [http-nio-8080-exec-6] DEBUG org.hibernate.SQL - 
    select
        d1_0.id,
        d1_0.Category,
        d1_0.FunctionalArea,
        d1_0.FunctionalSubArea,
        d1_0.Question,
        d1_0.ResponseType,
        d1_0.SessionID,
        d1_0.UserID 
    from
        DWQuestions d1_0 
    where
        d1_0.UserID=? 
        and d1_0.SessionID=? 
        and d1_0.Category=? 
        and d1_0.Question=?
2025-09-17 15:23:45 [http-nio-8080-exec-6] DEBUG org.hibernate.SQL - 
    insert 
    into
        DWQuestions
        (Category, FunctionalArea, FunctionalSubArea, Question, ResponseType, SessionID, UserID) 
    values
        (?, ?, ?, ?, ?, ?, ?)
2025-09-17 15:23:46 [http-nio-8080-exec-6] DEBUG org.hibernate.SQL - 
    select
        d1_0.id,
        d1_0.Category,
        d1_0.FunctionalArea,
        d1_0.FunctionalSubArea,
        d1_0.Question,
        d1_0.ResponseType,
        d1_0.SessionID,
        d1_0.UserID 
    from
        DWQuestions d1_0 
    where
        d1_0.UserID=? 
        and d1_0.SessionID=? 
        and d1_0.Category=? 
        and d1_0.Question=?
2025-09-17 15:23:47 [http-nio-8080-exec-6] DEBUG org.hibernate.SQL - 
    insert 
    into
        DWQuestions
        (Category, FunctionalArea, FunctionalSubArea, Question, ResponseType, SessionID, UserID) 
    values
        (?, ?, ?, ?, ?, ?, ?)
2025-09-17 15:23:48 [http-nio-8080-exec-6] DEBUG org.hibernate.SQL - 
    select
        d1_0.id,
        d1_0.Category,
        d1_0.FunctionalArea,
        d1_0.FunctionalSubArea,
        d1_0.Question,
        d1_0.ResponseType,
        d1_0.SessionID,
        d1_0.UserID 
    from
        DWQuestions d1_0 
    where
        d1_0.UserID=? 
        and d1_0.SessionID=? 
        and d1_0.Category=? 
        and d1_0.Question=?
2025-09-17 15:23:48 [http-nio-8080-exec-6] DEBUG org.hibernate.SQL - 
    insert 
    into
        DWQuestions
        (Category, FunctionalArea, FunctionalSubArea, Question, ResponseType, SessionID, UserID) 
    values
        (?, ?, ?, ?, ?, ?, ?)
2025-09-17 15:23:49 [http-nio-8080-exec-6] DEBUG org.hibernate.SQL - 
    select
        d1_0.id,
        d1_0.Category,
        d1_0.FunctionalArea,
        d1_0.FunctionalSubArea,
        d1_0.Question,
        d1_0.ResponseType,
        d1_0.SessionID,
        d1_0.UserID 
    from
        DWQuestions d1_0 
    where
        d1_0.UserID=? 
        and d1_0.SessionID=? 
        and d1_0.Category=? 
        and d1_0.Question=?
2025-09-17 15:23:49 [http-nio-8080-exec-6] DEBUG org.hibernate.SQL - 
    insert 
    into
        DWQuestions
        (Category, FunctionalArea, FunctionalSubArea, Question, ResponseType, SessionID, UserID) 
    values
        (?, ?, ?, ?, ?, ?, ?)
2025-09-17 15:23:50 [http-nio-8080-exec-6] DEBUG org.hibernate.SQL - 
    select
        d1_0.id,
        d1_0.Category,
        d1_0.FunctionalArea,
        d1_0.FunctionalSubArea,
        d1_0.Question,
        d1_0.ResponseType,
        d1_0.SessionID,
        d1_0.UserID 
    from
        DWQuestions d1_0 
    where
        d1_0.UserID=? 
        and d1_0.SessionID=? 
        and d1_0.Category=? 
        and d1_0.Question=?
2025-09-17 15:23:51 [http-nio-8080-exec-6] DEBUG org.hibernate.SQL - 
    insert 
    into
        DWQuestions
        (Category, FunctionalArea, FunctionalSubArea, Question, ResponseType, SessionID, UserID) 
    values
        (?, ?, ?, ?, ?, ?, ?)
2025-09-17 15:23:52 [http-nio-8080-exec-6] DEBUG org.hibernate.SQL - 
    select
        d1_0.id,
        d1_0.Category,
        d1_0.FunctionalArea,
        d1_0.FunctionalSubArea,
        d1_0.Question,
        d1_0.ResponseType,
        d1_0.SessionID,
        d1_0.UserID 
    from
        DWQuestions d1_0 
    where
        d1_0.UserID=? 
        and d1_0.SessionID=? 
        and d1_0.Category=? 
        and d1_0.Question=?
2025-09-17 15:23:52 [http-nio-8080-exec-6] DEBUG org.hibernate.SQL - 
    insert 
    into
        DWQuestions
        (Category, FunctionalArea, FunctionalSubArea, Question, ResponseType, SessionID, UserID) 
    values
        (?, ?, ?, ?, ?, ?, ?)
2025-09-17 15:23:53 [http-nio-8080-exec-6] DEBUG org.hibernate.SQL - 
    select
        d1_0.id,
        d1_0.Category,
        d1_0.FunctionalArea,
        d1_0.FunctionalSubArea,
        d1_0.Question,
        d1_0.ResponseType,
        d1_0.SessionID,
        d1_0.UserID 
    from
        DWQuestions d1_0 
    where
        d1_0.UserID=? 
        and d1_0.SessionID=? 
        and d1_0.Category=? 
        and d1_0.Question=?
2025-09-17 15:23:54 [http-nio-8080-exec-6] DEBUG org.hibernate.SQL - 
    insert 
    into
        DWQuestions
        (Category, FunctionalArea, FunctionalSubArea, Question, ResponseType, SessionID, UserID) 
    values
        (?, ?, ?, ?, ?, ?, ?)
2025-09-17 15:23:54 [http-nio-8080-exec-6] DEBUG org.hibernate.SQL - 
    select
        d1_0.id,
        d1_0.Category,
        d1_0.FunctionalArea,
        d1_0.FunctionalSubArea,
        d1_0.Question,
        d1_0.ResponseType,
        d1_0.SessionID,
        d1_0.UserID 
    from
        DWQuestions d1_0 
    where
        d1_0.UserID=? 
        and d1_0.SessionID=? 
        and d1_0.Category=? 
        and d1_0.Question=?
2025-09-17 15:23:55 [http-nio-8080-exec-6] DEBUG org.hibernate.SQL - 
    insert 
    into
        DWQuestions
        (Category, FunctionalArea, FunctionalSubArea, Question, ResponseType, SessionID, UserID) 
    values
        (?, ?, ?, ?, ?, ?, ?)
2025-09-17 15:23:56 [http-nio-8080-exec-6] INFO  c.e.D.service.QuestionnaireService - Successfully saved 8 answers for category: Agentic AI with session: 77D27EF9C20E87C35B9CFB683258F415
2025-09-17 15:23:56 [http-nio-8080-exec-6] INFO  c.e.D.c.QuestionnaireController - Successfully saved 8 Agentic AI answers
2025-09-17 15:23:56 [http-nio-8080-exec-6] DEBUG o.s.w.s.m.m.a.HttpEntityMethodProcessor - Using 'application/json', given [*/*] and supported [application/json, application/*+json]
2025-09-17 15:23:56 [http-nio-8080-exec-6] DEBUG o.s.w.s.m.m.a.HttpEntityMethodProcessor - Writing [SaveAnswersResponse(userId=USER-FCB38E31, sessionId=77D27EF9C20E87C35B9CFB683258F415, functionalArea (truncated)...]
2025-09-17 15:23:56 [http-nio-8080-exec-6] DEBUG o.s.web.servlet.DispatcherServlet - Completed 201 CREATED
2025-09-17 15:24:21 [http-nio-8080-exec-5] DEBUG o.s.web.servlet.DispatcherServlet - GET "/", parameters={}
2025-09-17 15:24:21 [http-nio-8080-exec-5] DEBUG o.s.w.s.v.ContentNegotiatingViewResolver - Selected 'text/html' given [text/html, application/xhtml+xml, image/avif, image/webp, image/apng, application/xml;q=0.9, */*;q=0.8, application/signed-exchange;v=b3;q=0.7]
2025-09-17 15:24:21 [http-nio-8080-exec-5] DEBUG o.s.w.s.view.InternalResourceView - View name 'forward:', model {}
2025-09-17 15:24:21 [http-nio-8080-exec-5] DEBUG o.s.w.s.view.InternalResourceView - Forwarding to [index.html]
2025-09-17 15:24:21 [http-nio-8080-exec-5] DEBUG o.s.web.servlet.DispatcherServlet - "FORWARD" dispatch for GET "/index.html", parameters={}
2025-09-17 15:24:21 [http-nio-8080-exec-5] DEBUG o.s.w.s.h.SimpleUrlHandlerMapping - Mapped to ResourceHttpRequestHandler [classpath [META-INF/resources/], classpath [resources/], classpath [static/], classpath [public/], ServletContext [/]]
2025-09-17 15:24:21 [http-nio-8080-exec-5] DEBUG o.s.web.servlet.DispatcherServlet - Exiting from "FORWARD" dispatch, status 200
2025-09-17 15:24:21 [http-nio-8080-exec-5] DEBUG o.s.web.servlet.DispatcherServlet - Completed 200 OK
2025-09-17 15:24:21 [http-nio-8080-exec-3] DEBUG o.s.web.servlet.DispatcherServlet - GET "/static/js/main.e86a041b.js", parameters={}
2025-09-17 15:24:21 [http-nio-8080-exec-4] DEBUG o.s.web.servlet.DispatcherServlet - GET "/static/css/main.9d9a0e93.css", parameters={}
2025-09-17 15:24:21 [http-nio-8080-exec-3] DEBUG o.s.w.s.h.SimpleUrlHandlerMapping - Mapped to ResourceHttpRequestHandler [classpath [META-INF/resources/], classpath [resources/], classpath [static/], classpath [public/], ServletContext [/]]
2025-09-17 15:24:21 [http-nio-8080-exec-4] DEBUG o.s.w.s.h.SimpleUrlHandlerMapping - Mapped to ResourceHttpRequestHandler [classpath [META-INF/resources/], classpath [resources/], classpath [static/], classpath [public/], ServletContext [/]]
2025-09-17 15:24:21 [http-nio-8080-exec-3] DEBUG o.s.web.servlet.DispatcherServlet - Completed 200 OK
2025-09-17 15:24:21 [http-nio-8080-exec-4] DEBUG o.s.web.servlet.DispatcherServlet - Completed 200 OK
2025-09-17 15:24:21 [http-nio-8080-exec-9] DEBUG o.s.web.servlet.DispatcherServlet - GET "/static/media/logo.2dfd99a2aed3f920a263.png", parameters={}
2025-09-17 15:24:21 [http-nio-8080-exec-9] DEBUG o.s.w.s.h.SimpleUrlHandlerMapping - Mapped to ResourceHttpRequestHandler [classpath [META-INF/resources/], classpath [resources/], classpath [static/], classpath [public/], ServletContext [/]]
2025-09-17 15:24:21 [http-nio-8080-exec-7] DEBUG o.s.web.servlet.DispatcherServlet - GET "/manifest.json", parameters={}
2025-09-17 15:24:21 [http-nio-8080-exec-8] DEBUG o.s.web.servlet.DispatcherServlet - GET "/static/media/Row8-Stocksy_txpaa54b8f6L2q300_OriginalDelivery_4364319.d22bd690ca4ef70ee85c.jpg", parameters={}
2025-09-17 15:24:21 [http-nio-8080-exec-10] DEBUG o.s.web.servlet.DispatcherServlet - GET "/favicon.ico", parameters={}
2025-09-17 15:24:21 [http-nio-8080-exec-9] DEBUG o.s.web.servlet.DispatcherServlet - Completed 200 OK
2025-09-17 15:24:21 [http-nio-8080-exec-7] DEBUG o.s.w.s.h.SimpleUrlHandlerMapping - Mapped to ResourceHttpRequestHandler [classpath [META-INF/resources/], classpath [resources/], classpath [static/], classpath [public/], ServletContext [/]]
2025-09-17 15:24:21 [http-nio-8080-exec-8] DEBUG o.s.w.s.h.SimpleUrlHandlerMapping - Mapped to ResourceHttpRequestHandler [classpath [META-INF/resources/], classpath [resources/], classpath [static/], classpath [public/], ServletContext [/]]
2025-09-17 15:24:21 [http-nio-8080-exec-10] DEBUG o.s.w.s.h.SimpleUrlHandlerMapping - Mapped to ResourceHttpRequestHandler [classpath [META-INF/resources/], classpath [resources/], classpath [static/], classpath [public/], ServletContext [/]]
2025-09-17 15:24:21 [http-nio-8080-exec-7] DEBUG o.s.web.servlet.DispatcherServlet - Completed 200 OK
2025-09-17 15:24:21 [http-nio-8080-exec-1] DEBUG o.s.web.servlet.DispatcherServlet - GET "/logo192.png", parameters={}
2025-09-17 15:24:21 [http-nio-8080-exec-1] DEBUG o.s.w.s.h.SimpleUrlHandlerMapping - Mapped to ResourceHttpRequestHandler [classpath [META-INF/resources/], classpath [resources/], classpath [static/], classpath [public/], ServletContext [/]]
2025-09-17 15:24:21 [http-nio-8080-exec-10] DEBUG o.s.web.servlet.DispatcherServlet - Completed 200 OK
2025-09-17 15:24:21 [http-nio-8080-exec-1] DEBUG o.s.web.servlet.DispatcherServlet - Completed 200 OK
2025-09-17 15:24:22 [http-nio-8080-exec-8] DEBUG o.s.web.servlet.DispatcherServlet - Completed 200 OK
2025-09-17 15:24:23 [http-nio-8080-exec-2] DEBUG o.s.web.servlet.DispatcherServlet - GET "/api/decision-tree/project-info/get", parameters={}
2025-09-17 15:24:23 [http-nio-8080-exec-2] DEBUG o.s.w.s.h.SimpleUrlHandlerMapping - Mapped to ResourceHttpRequestHandler [classpath [META-INF/resources/], classpath [resources/], classpath [static/], classpath [public/], ServletContext [/]]
2025-09-17 15:24:24 [http-nio-8080-exec-2] DEBUG o.s.w.s.r.ResourceHttpRequestHandler - Resource not found
2025-09-17 15:24:24 [http-nio-8080-exec-2] DEBUG o.s.w.s.m.m.a.ExceptionHandlerExceptionResolver - Using @ExceptionHandler com.example.DigitalWayfinder.exception.GlobalExceptionHandler#handleGenericException(Exception)
2025-09-17 15:24:24 [http-nio-8080-exec-2] ERROR c.e.D.e.GlobalExceptionHandler - Unexpected exception occurred: No static resource api/decision-tree/project-info/get.
org.springframework.web.servlet.resource.NoResourceFoundException: No static resource api/decision-tree/project-info/get.
	at org.springframework.web.servlet.resource.ResourceHttpRequestHandler.handleRequest(ResourceHttpRequestHandler.java:585)
	at org.springframework.web.servlet.mvc.HttpRequestHandlerAdapter.handle(HttpRequestHandlerAdapter.java:52)
	at org.springframework.web.servlet.DispatcherServlet.doDispatch(DispatcherServlet.java:1089)
	at org.springframework.web.servlet.DispatcherServlet.doService(DispatcherServlet.java:979)
	at org.springframework.web.servlet.FrameworkServlet.processRequest(FrameworkServlet.java:1014)
	at org.springframework.web.servlet.FrameworkServlet.doGet(FrameworkServlet.java:903)
	at jakarta.servlet.http.HttpServlet.service(HttpServlet.java:564)
	at org.springframework.web.servlet.FrameworkServlet.service(FrameworkServlet.java:885)
	at jakarta.servlet.http.HttpServlet.service(HttpServlet.java:658)
	at org.apache.catalina.core.ApplicationFilterChain.internalDoFilter(ApplicationFilterChain.java:206)
	at org.apache.catalina.core.ApplicationFilterChain.doFilter(ApplicationFilterChain.java:150)
	at org.apache.tomcat.websocket.server.WsFilter.doFilter(WsFilter.java:51)
	at org.apache.catalina.core.ApplicationFilterChain.internalDoFilter(ApplicationFilterChain.java:175)
	at org.apache.catalina.core.ApplicationFilterChain.doFilter(ApplicationFilterChain.java:150)
	at org.springframework.web.filter.RequestContextFilter.doFilterInternal(RequestContextFilter.java:100)
	at org.springframework.web.filter.OncePerRequestFilter.doFilter(OncePerRequestFilter.java:116)
	at org.apache.catalina.core.ApplicationFilterChain.internalDoFilter(ApplicationFilterChain.java:175)
	at org.apache.catalina.core.ApplicationFilterChain.doFilter(ApplicationFilterChain.java:150)
	at org.springframework.web.filter.FormContentFilter.doFilterInternal(FormContentFilter.java:93)
	at org.springframework.web.filter.OncePerRequestFilter.doFilter(OncePerRequestFilter.java:116)
	at org.apache.catalina.core.ApplicationFilterChain.internalDoFilter(ApplicationFilterChain.java:175)
	at org.apache.catalina.core.ApplicationFilterChain.doFilter(ApplicationFilterChain.java:150)
	at org.springframework.web.filter.ServerHttpObservationFilter.doFilterInternal(ServerHttpObservationFilter.java:109)
	at org.springframework.web.filter.OncePerRequestFilter.doFilter(OncePerRequestFilter.java:116)
	at org.apache.catalina.core.ApplicationFilterChain.internalDoFilter(ApplicationFilterChain.java:175)
	at org.apache.catalina.core.ApplicationFilterChain.doFilter(ApplicationFilterChain.java:150)
	at org.springframework.web.filter.CharacterEncodingFilter.doFilterInternal(CharacterEncodingFilter.java:201)
	at org.springframework.web.filter.OncePerRequestFilter.doFilter(OncePerRequestFilter.java:116)
	at org.apache.catalina.core.ApplicationFilterChain.internalDoFilter(ApplicationFilterChain.java:175)
	at org.apache.catalina.core.ApplicationFilterChain.doFilter(ApplicationFilterChain.java:150)
	at org.apache.catalina.core.StandardWrapperValve.invoke(StandardWrapperValve.java:167)
	at org.apache.catalina.core.StandardContextValve.invoke(StandardContextValve.java:90)
	at org.apache.catalina.authenticator.AuthenticatorBase.invoke(AuthenticatorBase.java:482)
	at org.apache.catalina.core.StandardHostValve.invoke(StandardHostValve.java:115)
	at org.apache.catalina.valves.ErrorReportValve.invoke(ErrorReportValve.java:93)
	at org.apache.catalina.core.StandardEngineValve.invoke(StandardEngineValve.java:74)
	at org.apache.catalina.connector.CoyoteAdapter.service(CoyoteAdapter.java:344)
	at org.apache.coyote.http11.Http11Processor.service(Http11Processor.java:391)
	at org.apache.coyote.AbstractProcessorLight.process(AbstractProcessorLight.java:63)
	at org.apache.coyote.AbstractProtocol$ConnectionHandler.process(AbstractProtocol.java:896)
	at org.apache.tomcat.util.net.NioEndpoint$SocketProcessor.doRun(NioEndpoint.java:1736)
	at org.apache.tomcat.util.net.SocketProcessorBase.run(SocketProcessorBase.java:52)
	at org.apache.tomcat.util.threads.ThreadPoolExecutor.runWorker(ThreadPoolExecutor.java:1191)
	at org.apache.tomcat.util.threads.ThreadPoolExecutor$Worker.run(ThreadPoolExecutor.java:659)
	at org.apache.tomcat.util.threads.TaskThread$WrappingRunnable.run(TaskThread.java:63)
	at java.base/java.lang.Thread.run(Thread.java:1570)
2025-09-17 15:24:24 [http-nio-8080-exec-2] DEBUG o.s.w.s.m.m.a.HttpEntityMethodProcessor - Using 'text/plain', given [*/*] and supported [text/plain, */*, application/json, application/*+json]
2025-09-17 15:24:24 [http-nio-8080-exec-2] DEBUG o.s.w.s.m.m.a.HttpEntityMethodProcessor - Writing ["An unexpected error occurred"]
2025-09-17 15:24:24 [http-nio-8080-exec-2] WARN  o.s.w.s.m.m.a.ExceptionHandlerExceptionResolver - Resolved [org.springframework.web.servlet.resource.NoResourceFoundException: No static resource api/decision-tree/project-info/get.]
2025-09-17 15:24:24 [http-nio-8080-exec-2] DEBUG o.s.web.servlet.DispatcherServlet - Completed 500 INTERNAL_SERVER_ERROR
2025-09-17 15:24:24 [http-nio-8080-exec-6] DEBUG o.s.web.servlet.DispatcherServlet - GET "/static/media/dashboard.fc64719693ae8c17e7c5.png", parameters={}
2025-09-17 15:24:24 [http-nio-8080-exec-6] DEBUG o.s.w.s.h.SimpleUrlHandlerMapping - Mapped to ResourceHttpRequestHandler [classpath [META-INF/resources/], classpath [resources/], classpath [static/], classpath [public/], ServletContext [/]]
2025-09-17 15:24:24 [http-nio-8080-exec-6] DEBUG o.s.web.servlet.DispatcherServlet - Completed 200 OK
2025-09-17 15:24:31 [http-nio-8080-exec-5] DEBUG o.s.web.servlet.DispatcherServlet - POST "/api/decision-tree/project-info/save", parameters={}
2025-09-17 15:24:31 [http-nio-8080-exec-5] DEBUG o.s.w.s.m.m.a.RequestMappingHandlerMapping - Mapped to com.example.DigitalWayfinder.controller.ProjectInfoController#saveProjectInfo(ProjectInfoRequest, UserSession)
2025-09-17 15:24:31 [http-nio-8080-exec-5] DEBUG o.s.w.s.m.m.a.RequestResponseBodyMethodProcessor - Read "application/json;charset=UTF-8" to [ProjectInfoRequest(projectType=internal, requestID=1234, clientName=rqwerwf, clientDescription=, pro (truncated)...]
2025-09-17 15:24:31 [http-nio-8080-exec-5] INFO  c.e.D.c.ProjectInfoController - Received request to save project info: 1234 for user: USER-FCB38E31 in session: 77D27EF9C20E87C35B9CFB683258F415
2025-09-17 15:24:32 [http-nio-8080-exec-5] INFO  c.e.D.service.ProjectInfoService - Processing project info for request ID: 1234 by user: USER-FCB38E31 in session: 77D27EF9C20E87C35B9CFB683258F415
2025-09-17 15:24:32 [http-nio-8080-exec-5] DEBUG org.hibernate.SQL - 
    select
        pt1_0.id,
        pt1_0.ClientDescription,
        pt1_0.ClientName,
        pt1_0.CreatedDate,
        pt1_0.ProjectScope,
        pt1_0.ProjectType,
        pt1_0.RequestID,
        pt1_0.SessionID,
        pt1_0.UserID 
    from
        ProjectType pt1_0 
    where
        pt1_0.UserID=? 
        and pt1_0.SessionID=?
2025-09-17 15:24:32 [http-nio-8080-exec-5] INFO  c.e.D.service.ProjectInfoService - Updating existing project with ID: 219
2025-09-17 15:24:32 [http-nio-8080-exec-5] INFO  c.e.D.service.ProjectInfoService - Project information updated successfully with ID: 219
2025-09-17 15:24:32 [http-nio-8080-exec-5] DEBUG org.hibernate.SQL - 
    update
        ProjectType 
    set
        ClientDescription=?,
        ClientName=?,
        CreatedDate=?,
        ProjectScope=?,
        ProjectType=?,
        RequestID=?,
        SessionID=?,
        UserID=? 
    where
        id=?
2025-09-17 15:24:33 [http-nio-8080-exec-5] DEBUG o.s.w.s.m.m.a.HttpEntityMethodProcessor - Using 'application/json', given [*/*] and supported [application/json, application/*+json]
2025-09-17 15:24:33 [http-nio-8080-exec-5] DEBUG o.s.w.s.m.m.a.HttpEntityMethodProcessor - Writing [ProjectInfoResponse(id=219, userID=USER-FCB38E31, projectType=internal, requestID=1234, clientName=r (truncated)...]
2025-09-17 15:24:33 [http-nio-8080-exec-5] DEBUG o.s.web.servlet.DispatcherServlet - Completed 200 OK
2025-09-17 15:24:33 [http-nio-8080-exec-3] DEBUG o.s.web.servlet.DispatcherServlet - GET "/static/media/supply-chain-planning.e00cda5f9f556d0f2f7b.png", parameters={}
2025-09-17 15:24:33 [http-nio-8080-exec-3] DEBUG o.s.w.s.h.SimpleUrlHandlerMapping - Mapped to ResourceHttpRequestHandler [classpath [META-INF/resources/], classpath [resources/], classpath [static/], classpath [public/], ServletContext [/]]
2025-09-17 15:24:33 [http-nio-8080-exec-4] DEBUG o.s.web.servlet.DispatcherServlet - GET "/static/media/supply-chain-fulfillment.6dc3aaa89826c6c2506e.png", parameters={}
2025-09-17 15:24:33 [http-nio-8080-exec-9] DEBUG o.s.web.servlet.DispatcherServlet - GET "/static/media/dashboard.fc64719693ae8c17e7c5.png", parameters={}
2025-09-17 15:24:33 [http-nio-8080-exec-4] DEBUG o.s.w.s.h.SimpleUrlHandlerMapping - Mapped to ResourceHttpRequestHandler [classpath [META-INF/resources/], classpath [resources/], classpath [static/], classpath [public/], ServletContext [/]]
2025-09-17 15:24:33 [http-nio-8080-exec-9] DEBUG o.s.w.s.h.SimpleUrlHandlerMapping - Mapped to ResourceHttpRequestHandler [classpath [META-INF/resources/], classpath [resources/], classpath [static/], classpath [public/], ServletContext [/]]
2025-09-17 15:24:33 [http-nio-8080-exec-9] DEBUG o.s.web.servlet.DispatcherServlet - Completed 200 OK
2025-09-17 15:24:33 [http-nio-8080-exec-4] DEBUG o.s.web.servlet.DispatcherServlet - Completed 200 OK
2025-09-17 15:24:33 [http-nio-8080-exec-3] DEBUG o.s.web.servlet.DispatcherServlet - Completed 200 OK
2025-09-17 15:24:35 [http-nio-8080-exec-10] DEBUG o.s.web.servlet.DispatcherServlet - GET "/static/media/warehouse-management.0fed6bc421ff6a0d0bb2.png", parameters={}
2025-09-17 15:24:35 [http-nio-8080-exec-7] DEBUG o.s.web.servlet.DispatcherServlet - GET "/static/media/dashboard.fc64719693ae8c17e7c5.png", parameters={}
2025-09-17 15:24:35 [http-nio-8080-exec-10] DEBUG o.s.w.s.h.SimpleUrlHandlerMapping - Mapped to ResourceHttpRequestHandler [classpath [META-INF/resources/], classpath [resources/], classpath [static/], classpath [public/], ServletContext [/]]
2025-09-17 15:24:35 [http-nio-8080-exec-7] DEBUG o.s.w.s.h.SimpleUrlHandlerMapping - Mapped to ResourceHttpRequestHandler [classpath [META-INF/resources/], classpath [resources/], classpath [static/], classpath [public/], ServletContext [/]]
2025-09-17 15:24:35 [http-nio-8080-exec-1] DEBUG o.s.web.servlet.DispatcherServlet - GET "/static/media/transportation-management.441e7de72d119d4043ce.png", parameters={}
2025-09-17 15:24:35 [http-nio-8080-exec-8] DEBUG o.s.web.servlet.DispatcherServlet - GET "/static/media/order-management.f7bd9a2446beb26e5bc1.png", parameters={}
2025-09-17 15:24:35 [http-nio-8080-exec-8] DEBUG o.s.w.s.h.SimpleUrlHandlerMapping - Mapped to ResourceHttpRequestHandler [classpath [META-INF/resources/], classpath [resources/], classpath [static/], classpath [public/], ServletContext [/]]
2025-09-17 15:24:35 [http-nio-8080-exec-1] DEBUG o.s.w.s.h.SimpleUrlHandlerMapping - Mapped to ResourceHttpRequestHandler [classpath [META-INF/resources/], classpath [resources/], classpath [static/], classpath [public/], ServletContext [/]]
2025-09-17 15:24:35 [http-nio-8080-exec-7] DEBUG o.s.web.servlet.DispatcherServlet - Completed 200 OK
2025-09-17 15:24:35 [http-nio-8080-exec-8] DEBUG o.s.web.servlet.DispatcherServlet - Completed 200 OK
2025-09-17 15:24:35 [http-nio-8080-exec-10] DEBUG o.s.web.servlet.DispatcherServlet - Completed 200 OK
2025-09-17 15:24:35 [http-nio-8080-exec-1] DEBUG o.s.web.servlet.DispatcherServlet - Completed 200 OK
2025-09-17 15:24:38 [http-nio-8080-exec-6] DEBUG o.s.web.servlet.DispatcherServlet - GET "/static/media/SAP.85bae5998550b4e2f11a.jpg", parameters={}
2025-09-17 15:24:38 [http-nio-8080-exec-2] DEBUG o.s.web.servlet.DispatcherServlet - GET "/static/media/dashboard.fc64719693ae8c17e7c5.png", parameters={}
2025-09-17 15:24:38 [http-nio-8080-exec-5] DEBUG o.s.web.servlet.DispatcherServlet - GET "/static/media/Blueyonder.58d4f4950656f6f8b79e.png", parameters={}
2025-09-17 15:24:38 [http-nio-8080-exec-5] DEBUG o.s.w.s.h.SimpleUrlHandlerMapping - Mapped to ResourceHttpRequestHandler [classpath [META-INF/resources/], classpath [resources/], classpath [static/], classpath [public/], ServletContext [/]]
2025-09-17 15:24:38 [http-nio-8080-exec-2] DEBUG o.s.w.s.h.SimpleUrlHandlerMapping - Mapped to ResourceHttpRequestHandler [classpath [META-INF/resources/], classpath [resources/], classpath [static/], classpath [public/], ServletContext [/]]
2025-09-17 15:24:38 [http-nio-8080-exec-6] DEBUG o.s.w.s.h.SimpleUrlHandlerMapping - Mapped to ResourceHttpRequestHandler [classpath [META-INF/resources/], classpath [resources/], classpath [static/], classpath [public/], ServletContext [/]]
2025-09-17 15:24:38 [http-nio-8080-exec-5] DEBUG o.s.web.servlet.DispatcherServlet - Completed 200 OK
2025-09-17 15:24:38 [http-nio-8080-exec-6] DEBUG o.s.web.servlet.DispatcherServlet - Completed 200 OK
2025-09-17 15:24:38 [http-nio-8080-exec-2] DEBUG o.s.web.servlet.DispatcherServlet - Completed 200 OK
2025-09-17 15:24:41 [http-nio-8080-exec-9] DEBUG o.s.web.servlet.DispatcherServlet - GET "/api/digital-wayfinder/questionnaire/data-cloud/get-questions?functionalSubArea=Transportation%20Management%20System", parameters={masked}
2025-09-17 15:24:41 [http-nio-8080-exec-9] DEBUG o.s.w.s.m.m.a.RequestMappingHandlerMapping - Mapped to com.example.DigitalWayfinder.controller.QuestionnaireController#getDataCloudQuestions(String, UserSession)
2025-09-17 15:24:41 [http-nio-8080-exec-9] INFO  c.e.D.c.QuestionnaireController - Received request for Data & Cloud questions - functionalSubArea: Transportation Management System, user: USER-FCB38E31, session: 77D27EF9C20E87C35B9CFB683258F415
2025-09-17 15:24:41 [http-nio-8080-exec-9] INFO  c.e.D.service.QuestionnaireService - Fetching questions for functionalSubArea: Transportation Management System, category: Data & Cloud, userId: USER-FCB38E31, sessionId: 77D27EF9C20E87C35B9CFB683258F415
2025-09-17 15:24:41 [http-nio-8080-exec-9] INFO  c.e.D.service.QuestionnaireService - Fetching questions from TMS table for category: Data & Cloud
2025-09-17 15:24:41 [http-nio-8080-exec-9] DEBUG org.hibernate.SQL - 
    select
        tq1_0.category,
        tq1_0.question,
        tq1_0.[Answer Type] 
    from
        TMS_Questionnaire tq1_0 
    where
        tq1_0.category=?
2025-09-17 15:24:41 [http-nio-8080-exec-9] INFO  c.e.D.service.QuestionnaireService - Successfully fetched 4 TMS questions for category: Data & Cloud
2025-09-17 15:24:41 [http-nio-8080-exec-9] INFO  c.e.D.c.QuestionnaireController - Successfully returning questions for functionalSubArea: Transportation Management System
2025-09-17 15:24:41 [http-nio-8080-exec-9] DEBUG o.s.w.s.m.m.a.HttpEntityMethodProcessor - Using 'application/json', given [*/*] and supported [application/json, application/*+json]
2025-09-17 15:24:41 [http-nio-8080-exec-9] DEBUG o.s.w.s.m.m.a.HttpEntityMethodProcessor - Writing [QuestionnaireResponse(userId=USER-FCB38E31, sessionId=77D27EF9C20E87C35B9CFB683258F415, functionalSu (truncated)...]
2025-09-17 15:24:41 [http-nio-8080-exec-9] DEBUG o.s.web.servlet.DispatcherServlet - Completed 200 OK
2025-09-17 15:24:47 [http-nio-8080-exec-4] DEBUG o.s.web.servlet.DispatcherServlet - POST "/api/digital-wayfinder/questionnaire/data-cloud/save-answers", parameters={}
2025-09-17 15:24:47 [http-nio-8080-exec-4] DEBUG o.s.w.s.m.m.a.RequestMappingHandlerMapping - Mapped to com.example.DigitalWayfinder.controller.QuestionnaireController#saveDataCloudAnswers(SaveAnswersRequest, UserSession)
2025-09-17 15:24:47 [http-nio-8080-exec-4] DEBUG o.s.w.s.m.m.a.RequestResponseBodyMethodProcessor - Read "application/json;charset=UTF-8" to [SaveAnswersRequest(functionalArea=Supply Chain Fulfillment, functionalSubArea=Transportation Managem (truncated)...]
2025-09-17 15:24:47 [http-nio-8080-exec-4] INFO  c.e.D.c.QuestionnaireController - Received request to save Data & Cloud answers - user: USER-FCB38E31, session: 77D27EF9C20E87C35B9CFB683258F415
2025-09-17 15:24:47 [http-nio-8080-exec-4] INFO  c.e.D.service.QuestionnaireService - Saving answers for category: Data & Cloud, userId: USER-FCB38E31, sessionId: 77D27EF9C20E87C35B9CFB683258F415
2025-09-17 15:24:47 [http-nio-8080-exec-4] INFO  c.e.D.service.QuestionnaireService - Using provided session - User: USER-FCB38E31, Session: 77D27EF9C20E87C35B9CFB683258F415
2025-09-17 15:24:47 [http-nio-8080-exec-4] DEBUG org.hibernate.SQL - 
    select
        d1_0.id,
        d1_0.Category,
        d1_0.FunctionalArea,
        d1_0.FunctionalSubArea,
        d1_0.Question,
        d1_0.ResponseType,
        d1_0.SessionID,
        d1_0.UserID 
    from
        DWQuestions d1_0 
    where
        d1_0.UserID=? 
        and d1_0.SessionID=? 
        and d1_0.Category=? 
        and d1_0.Question=?
2025-09-17 15:24:48 [http-nio-8080-exec-4] DEBUG org.hibernate.SQL - 
    update
        DWQuestions 
    set
        Category=?,
        FunctionalArea=?,
        FunctionalSubArea=?,
        Question=?,
        ResponseType=?,
        SessionID=?,
        UserID=? 
    where
        id=?
2025-09-17 15:24:49 [http-nio-8080-exec-4] DEBUG org.hibernate.SQL - 
    select
        d1_0.id,
        d1_0.Category,
        d1_0.FunctionalArea,
        d1_0.FunctionalSubArea,
        d1_0.Question,
        d1_0.ResponseType,
        d1_0.SessionID,
        d1_0.UserID 
    from
        DWQuestions d1_0 
    where
        d1_0.UserID=? 
        and d1_0.SessionID=? 
        and d1_0.Category=? 
        and d1_0.Question=?
2025-09-17 15:24:50 [http-nio-8080-exec-4] DEBUG org.hibernate.SQL - 
    insert 
    into
        DWQuestions
        (Category, FunctionalArea, FunctionalSubArea, Question, ResponseType, SessionID, UserID) 
    values
        (?, ?, ?, ?, ?, ?, ?)
2025-09-17 15:24:50 [http-nio-8080-exec-4] DEBUG org.hibernate.SQL - 
    select
        d1_0.id,
        d1_0.Category,
        d1_0.FunctionalArea,
        d1_0.FunctionalSubArea,
        d1_0.Question,
        d1_0.ResponseType,
        d1_0.SessionID,
        d1_0.UserID 
    from
        DWQuestions d1_0 
    where
        d1_0.UserID=? 
        and d1_0.SessionID=? 
        and d1_0.Category=? 
        and d1_0.Question=?
2025-09-17 15:24:51 [http-nio-8080-exec-4] DEBUG org.hibernate.SQL - 
    insert 
    into
        DWQuestions
        (Category, FunctionalArea, FunctionalSubArea, Question, ResponseType, SessionID, UserID) 
    values
        (?, ?, ?, ?, ?, ?, ?)
2025-09-17 15:24:52 [http-nio-8080-exec-4] DEBUG org.hibernate.SQL - 
    select
        d1_0.id,
        d1_0.Category,
        d1_0.FunctionalArea,
        d1_0.FunctionalSubArea,
        d1_0.Question,
        d1_0.ResponseType,
        d1_0.SessionID,
        d1_0.UserID 
    from
        DWQuestions d1_0 
    where
        d1_0.UserID=? 
        and d1_0.SessionID=? 
        and d1_0.Category=? 
        and d1_0.Question=?
2025-09-17 15:24:52 [http-nio-8080-exec-4] DEBUG org.hibernate.SQL - 
    insert 
    into
        DWQuestions
        (Category, FunctionalArea, FunctionalSubArea, Question, ResponseType, SessionID, UserID) 
    values
        (?, ?, ?, ?, ?, ?, ?)
2025-09-17 15:24:52 [http-nio-8080-exec-3] DEBUG o.s.web.servlet.DispatcherServlet - GET "/static/css/main.9d9a0e93.css", parameters={}
2025-09-17 15:24:52 [http-nio-8080-exec-7] DEBUG o.s.web.servlet.DispatcherServlet - GET "/manifest.json", parameters={}
2025-09-17 15:24:52 [http-nio-8080-exec-3] DEBUG o.s.w.s.h.SimpleUrlHandlerMapping - Mapped to ResourceHttpRequestHandler [classpath [META-INF/resources/], classpath [resources/], classpath [static/], classpath [public/], ServletContext [/]]
2025-09-17 15:24:52 [http-nio-8080-exec-7] DEBUG o.s.w.s.h.SimpleUrlHandlerMapping - Mapped to ResourceHttpRequestHandler [classpath [META-INF/resources/], classpath [resources/], classpath [static/], classpath [public/], ServletContext [/]]
2025-09-17 15:24:52 [http-nio-8080-exec-7] DEBUG o.s.web.servlet.DispatcherServlet - Completed 200 OK
2025-09-17 15:24:52 [http-nio-8080-exec-3] DEBUG o.s.web.servlet.DispatcherServlet - Completed 200 OK
2025-09-17 15:24:52 [http-nio-8080-exec-8] DEBUG o.s.web.servlet.DispatcherServlet - GET "/.well-known/appspecific/com.chrome.devtools.json", parameters={}
2025-09-17 15:24:52 [http-nio-8080-exec-8] DEBUG o.s.w.s.h.SimpleUrlHandlerMapping - Mapped to ResourceHttpRequestHandler [classpath [META-INF/resources/], classpath [resources/], classpath [static/], classpath [public/], ServletContext [/]]
2025-09-17 15:24:52 [http-nio-8080-exec-8] DEBUG o.s.w.s.r.ResourceHttpRequestHandler - Resource not found
2025-09-17 15:24:52 [http-nio-8080-exec-8] DEBUG o.s.w.s.m.m.a.ExceptionHandlerExceptionResolver - Using @ExceptionHandler com.example.DigitalWayfinder.exception.GlobalExceptionHandler#handleGenericException(Exception)
2025-09-17 15:24:52 [http-nio-8080-exec-8] ERROR c.e.D.e.GlobalExceptionHandler - Unexpected exception occurred: No static resource .well-known/appspecific/com.chrome.devtools.json.
org.springframework.web.servlet.resource.NoResourceFoundException: No static resource .well-known/appspecific/com.chrome.devtools.json.
	at org.springframework.web.servlet.resource.ResourceHttpRequestHandler.handleRequest(ResourceHttpRequestHandler.java:585)
	at org.springframework.web.servlet.mvc.HttpRequestHandlerAdapter.handle(HttpRequestHandlerAdapter.java:52)
	at org.springframework.web.servlet.DispatcherServlet.doDispatch(DispatcherServlet.java:1089)
	at org.springframework.web.servlet.DispatcherServlet.doService(DispatcherServlet.java:979)
	at org.springframework.web.servlet.FrameworkServlet.processRequest(FrameworkServlet.java:1014)
	at org.springframework.web.servlet.FrameworkServlet.doGet(FrameworkServlet.java:903)
	at jakarta.servlet.http.HttpServlet.service(HttpServlet.java:564)
	at org.springframework.web.servlet.FrameworkServlet.service(FrameworkServlet.java:885)
	at jakarta.servlet.http.HttpServlet.service(HttpServlet.java:658)
	at org.apache.catalina.core.ApplicationFilterChain.internalDoFilter(ApplicationFilterChain.java:206)
	at org.apache.catalina.core.ApplicationFilterChain.doFilter(ApplicationFilterChain.java:150)
	at org.apache.tomcat.websocket.server.WsFilter.doFilter(WsFilter.java:51)
	at org.apache.catalina.core.ApplicationFilterChain.internalDoFilter(ApplicationFilterChain.java:175)
	at org.apache.catalina.core.ApplicationFilterChain.doFilter(ApplicationFilterChain.java:150)
	at org.springframework.web.filter.RequestContextFilter.doFilterInternal(RequestContextFilter.java:100)
	at org.springframework.web.filter.OncePerRequestFilter.doFilter(OncePerRequestFilter.java:116)
	at org.apache.catalina.core.ApplicationFilterChain.internalDoFilter(ApplicationFilterChain.java:175)
	at org.apache.catalina.core.ApplicationFilterChain.doFilter(ApplicationFilterChain.java:150)
	at org.springframework.web.filter.FormContentFilter.doFilterInternal(FormContentFilter.java:93)
	at org.springframework.web.filter.OncePerRequestFilter.doFilter(OncePerRequestFilter.java:116)
	at org.apache.catalina.core.ApplicationFilterChain.internalDoFilter(ApplicationFilterChain.java:175)
	at org.apache.catalina.core.ApplicationFilterChain.doFilter(ApplicationFilterChain.java:150)
	at org.springframework.web.filter.ServerHttpObservationFilter.doFilterInternal(ServerHttpObservationFilter.java:109)
	at org.springframework.web.filter.OncePerRequestFilter.doFilter(OncePerRequestFilter.java:116)
	at org.apache.catalina.core.ApplicationFilterChain.internalDoFilter(ApplicationFilterChain.java:175)
	at org.apache.catalina.core.ApplicationFilterChain.doFilter(ApplicationFilterChain.java:150)
	at org.springframework.web.filter.CharacterEncodingFilter.doFilterInternal(CharacterEncodingFilter.java:201)
	at org.springframework.web.filter.OncePerRequestFilter.doFilter(OncePerRequestFilter.java:116)
	at org.apache.catalina.core.ApplicationFilterChain.internalDoFilter(ApplicationFilterChain.java:175)
	at org.apache.catalina.core.ApplicationFilterChain.doFilter(ApplicationFilterChain.java:150)
	at org.apache.catalina.core.StandardWrapperValve.invoke(StandardWrapperValve.java:167)
	at org.apache.catalina.core.StandardContextValve.invoke(StandardContextValve.java:90)
	at org.apache.catalina.authenticator.AuthenticatorBase.invoke(AuthenticatorBase.java:482)
	at org.apache.catalina.core.StandardHostValve.invoke(StandardHostValve.java:115)
	at org.apache.catalina.valves.ErrorReportValve.invoke(ErrorReportValve.java:93)
	at org.apache.catalina.core.StandardEngineValve.invoke(StandardEngineValve.java:74)
	at org.apache.catalina.connector.CoyoteAdapter.service(CoyoteAdapter.java:344)
	at org.apache.coyote.http11.Http11Processor.service(Http11Processor.java:391)
	at org.apache.coyote.AbstractProcessorLight.process(AbstractProcessorLight.java:63)
	at org.apache.coyote.AbstractProtocol$ConnectionHandler.process(AbstractProtocol.java:896)
	at org.apache.tomcat.util.net.NioEndpoint$SocketProcessor.doRun(NioEndpoint.java:1736)
	at org.apache.tomcat.util.net.SocketProcessorBase.run(SocketProcessorBase.java:52)
	at org.apache.tomcat.util.threads.ThreadPoolExecutor.runWorker(ThreadPoolExecutor.java:1191)
	at org.apache.tomcat.util.threads.ThreadPoolExecutor$Worker.run(ThreadPoolExecutor.java:659)
	at org.apache.tomcat.util.threads.TaskThread$WrappingRunnable.run(TaskThread.java:63)
	at java.base/java.lang.Thread.run(Thread.java:1570)
2025-09-17 15:24:52 [http-nio-8080-exec-8] DEBUG o.s.w.s.m.m.a.HttpEntityMethodProcessor - Using 'text/plain', given [*/*] and supported [text/plain, */*, application/json, application/*+json]
2025-09-17 15:24:52 [http-nio-8080-exec-8] DEBUG o.s.w.s.m.m.a.HttpEntityMethodProcessor - Writing ["An unexpected error occurred"]
2025-09-17 15:24:52 [http-nio-8080-exec-8] WARN  o.s.w.s.m.m.a.ExceptionHandlerExceptionResolver - Resolved [org.springframework.web.servlet.resource.NoResourceFoundException: No static resource .well-known/appspecific/com.chrome.devtools.json.]
2025-09-17 15:24:52 [http-nio-8080-exec-8] DEBUG o.s.web.servlet.DispatcherServlet - Completed 500 INTERNAL_SERVER_ERROR
2025-09-17 15:24:53 [http-nio-8080-exec-10] DEBUG o.s.web.servlet.DispatcherServlet - GET "/static/css/main.9d9a0e93.css.map", parameters={}
2025-09-17 15:24:53 [http-nio-8080-exec-10] DEBUG o.s.w.s.h.SimpleUrlHandlerMapping - Mapped to ResourceHttpRequestHandler [classpath [META-INF/resources/], classpath [resources/], classpath [static/], classpath [public/], ServletContext [/]]
2025-09-17 15:24:53 [http-nio-8080-exec-10] DEBUG o.s.web.servlet.DispatcherServlet - Completed 200 OK
2025-09-17 15:24:53 [http-nio-8080-exec-1] DEBUG o.s.web.servlet.DispatcherServlet - GET "/static/js/main.e86a041b.js.map", parameters={}
2025-09-17 15:24:53 [http-nio-8080-exec-1] DEBUG o.s.w.s.h.SimpleUrlHandlerMapping - Mapped to ResourceHttpRequestHandler [classpath [META-INF/resources/], classpath [resources/], classpath [static/], classpath [public/], ServletContext [/]]
2025-09-17 15:24:53 [http-nio-8080-exec-1] DEBUG o.s.web.servlet.DispatcherServlet - Completed 200 OK
2025-09-17 15:24:53 [http-nio-8080-exec-4] INFO  c.e.D.service.QuestionnaireService - Successfully saved 4 answers for category: Data & Cloud with session: 77D27EF9C20E87C35B9CFB683258F415
2025-09-17 15:24:53 [http-nio-8080-exec-4] INFO  c.e.D.c.QuestionnaireController - Successfully saved 4 Data & Cloud answers
2025-09-17 15:24:53 [http-nio-8080-exec-4] DEBUG o.s.w.s.m.m.a.HttpEntityMethodProcessor - Using 'application/json', given [*/*] and supported [application/json, application/*+json]
2025-09-17 15:24:53 [http-nio-8080-exec-4] DEBUG o.s.w.s.m.m.a.HttpEntityMethodProcessor - Writing [SaveAnswersResponse(userId=USER-FCB38E31, sessionId=77D27EF9C20E87C35B9CFB683258F415, functionalArea (truncated)...]
2025-09-17 15:24:53 [http-nio-8080-exec-4] DEBUG o.s.web.servlet.DispatcherServlet - Completed 201 CREATED
2025-09-17 15:24:53 [http-nio-8080-exec-5] DEBUG o.s.web.servlet.DispatcherServlet - GET "/api/digital-wayfinder/questionnaire/operational-innovations/get-questions?functionalSubArea=Transportation%20Management%20System", parameters={masked}
2025-09-17 15:24:53 [http-nio-8080-exec-5] DEBUG o.s.w.s.m.m.a.RequestMappingHandlerMapping - Mapped to com.example.DigitalWayfinder.controller.QuestionnaireController#getOperationalInnovationsQuestions(String, UserSession)
2025-09-17 15:24:53 [http-nio-8080-exec-5] INFO  c.e.D.c.QuestionnaireController - Received request for Operational Innovations questions - functionalSubArea: Transportation Management System, user: USER-FCB38E31, session: 77D27EF9C20E87C35B9CFB683258F415
2025-09-17 15:24:53 [http-nio-8080-exec-5] INFO  c.e.D.service.QuestionnaireService - Fetching questions for functionalSubArea: Transportation Management System, category: Operational Innovations, userId: USER-FCB38E31, sessionId: 77D27EF9C20E87C35B9CFB683258F415
2025-09-17 15:24:53 [http-nio-8080-exec-5] INFO  c.e.D.service.QuestionnaireService - Fetching questions from TMS table for category: Operational Innovations
2025-09-17 15:24:53 [http-nio-8080-exec-5] DEBUG org.hibernate.SQL - 
    select
        tq1_0.category,
        tq1_0.question,
        tq1_0.[Answer Type] 
    from
        TMS_Questionnaire tq1_0 
    where
        tq1_0.category=?
2025-09-17 15:24:54 [http-nio-8080-exec-5] INFO  c.e.D.service.QuestionnaireService - Successfully fetched 14 TMS questions for category: Operational Innovations
2025-09-17 15:24:54 [http-nio-8080-exec-5] INFO  c.e.D.c.QuestionnaireController - Successfully returning questions for functionalSubArea: Transportation Management System
2025-09-17 15:24:54 [http-nio-8080-exec-5] DEBUG o.s.w.s.m.m.a.HttpEntityMethodProcessor - Using 'application/json', given [*/*] and supported [application/json, application/*+json]
2025-09-17 15:24:54 [http-nio-8080-exec-5] DEBUG o.s.w.s.m.m.a.HttpEntityMethodProcessor - Writing [QuestionnaireResponse(userId=USER-FCB38E31, sessionId=77D27EF9C20E87C35B9CFB683258F415, functionalSu (truncated)...]
2025-09-17 15:24:54 [http-nio-8080-exec-5] DEBUG o.s.web.servlet.DispatcherServlet - Completed 200 OK
2025-09-17 15:24:54 [http-nio-8080-exec-6] DEBUG o.s.web.servlet.DispatcherServlet - GET "/api/digital-wayfinder/questionnaire/operational-innovations/get-answers?functionalSubArea=Warehouse%20Management%20System", parameters={masked}
2025-09-17 15:24:54 [http-nio-8080-exec-6] DEBUG o.s.w.s.m.m.a.RequestMappingHandlerMapping - Mapped to com.example.DigitalWayfinder.controller.QuestionnaireController#getOperationalInnovationsAnswers(UserSession)
2025-09-17 15:24:54 [http-nio-8080-exec-6] INFO  c.e.D.c.QuestionnaireController - Received request for Operational Innovations answers - user: USER-FCB38E31, session: 77D27EF9C20E87C35B9CFB683258F415
2025-09-17 15:24:54 [http-nio-8080-exec-6] INFO  c.e.D.service.QuestionnaireService - Fetching answers for category: Operational Innovations, userId: USER-FCB38E31, sessionId: 77D27EF9C20E87C35B9CFB683258F415
2025-09-17 15:24:54 [http-nio-8080-exec-6] INFO  c.e.D.service.QuestionnaireService - Using provided session - User: USER-FCB38E31, Session: 77D27EF9C20E87C35B9CFB683258F415
2025-09-17 15:24:54 [http-nio-8080-exec-6] DEBUG org.hibernate.SQL - 
    select
        d1_0.id,
        d1_0.Category,
        d1_0.FunctionalArea,
        d1_0.FunctionalSubArea,
        d1_0.Question,
        d1_0.ResponseType,
        d1_0.SessionID,
        d1_0.UserID 
    from
        DWQuestions d1_0 
    where
        d1_0.Category=? 
        and (
            d1_0.UserID=? 
            or d1_0.UserID is null
        ) 
        and (
            d1_0.SessionID=? 
            or d1_0.SessionID is null
        )
2025-09-17 15:24:54 [http-nio-8080-exec-6] INFO  c.e.D.service.QuestionnaireService - Successfully fetched 14 saved answers for category: Operational Innovations with session: 77D27EF9C20E87C35B9CFB683258F415
2025-09-17 15:24:54 [http-nio-8080-exec-6] INFO  c.e.D.c.QuestionnaireController - Successfully returning 14 Operational Innovations answers
2025-09-17 15:24:54 [http-nio-8080-exec-6] DEBUG o.s.w.s.m.m.a.HttpEntityMethodProcessor - Using 'application/json', given [*/*] and supported [application/json, application/*+json]
2025-09-17 15:24:54 [http-nio-8080-exec-6] DEBUG o.s.w.s.m.m.a.HttpEntityMethodProcessor - Writing [GetAnswersResponse(userId=USER-FCB38E31, sessionId=77D27EF9C20E87C35B9CFB683258F415, functionalSubAr (truncated)...]
2025-09-17 15:24:54 [http-nio-8080-exec-6] DEBUG o.s.web.servlet.DispatcherServlet - Completed 200 OK
2025-09-17 15:24:54 [http-nio-8080-exec-2] DEBUG o.s.web.servlet.DispatcherServlet - GET "/api/digital-wayfinder/questionnaire/data-cloud/get-answers?functionalSubArea=Transportation%20Management%20System", parameters={masked}
2025-09-17 15:24:54 [http-nio-8080-exec-2] DEBUG o.s.w.s.m.m.a.RequestMappingHandlerMapping - Mapped to com.example.DigitalWayfinder.controller.QuestionnaireController#getDataCloudAnswers(UserSession)
2025-09-17 15:24:54 [http-nio-8080-exec-2] INFO  c.e.D.c.QuestionnaireController - Received request for Data & Cloud answers - user: USER-FCB38E31, session: 77D27EF9C20E87C35B9CFB683258F415
2025-09-17 15:24:54 [http-nio-8080-exec-2] INFO  c.e.D.service.QuestionnaireService - Fetching answers for category: Data & Cloud, userId: USER-FCB38E31, sessionId: 77D27EF9C20E87C35B9CFB683258F415
2025-09-17 15:24:54 [http-nio-8080-exec-2] INFO  c.e.D.service.QuestionnaireService - Using provided session - User: USER-FCB38E31, Session: 77D27EF9C20E87C35B9CFB683258F415
2025-09-17 15:24:54 [http-nio-8080-exec-2] DEBUG org.hibernate.SQL - 
    select
        d1_0.id,
        d1_0.Category,
        d1_0.FunctionalArea,
        d1_0.FunctionalSubArea,
        d1_0.Question,
        d1_0.ResponseType,
        d1_0.SessionID,
        d1_0.UserID 
    from
        DWQuestions d1_0 
    where
        d1_0.Category=? 
        and (
            d1_0.UserID=? 
            or d1_0.UserID is null
        ) 
        and (
            d1_0.SessionID=? 
            or d1_0.SessionID is null
        )
2025-09-17 15:24:54 [http-nio-8080-exec-2] INFO  c.e.D.service.QuestionnaireService - Successfully fetched 7 saved answers for category: Data & Cloud with session: 77D27EF9C20E87C35B9CFB683258F415
2025-09-17 15:24:54 [http-nio-8080-exec-2] INFO  c.e.D.c.QuestionnaireController - Successfully returning 7 Data & Cloud answers
2025-09-17 15:24:54 [http-nio-8080-exec-2] DEBUG o.s.w.s.m.m.a.HttpEntityMethodProcessor - Using 'application/json', given [*/*] and supported [application/json, application/*+json]
2025-09-17 15:24:54 [http-nio-8080-exec-2] DEBUG o.s.w.s.m.m.a.HttpEntityMethodProcessor - Writing [GetAnswersResponse(userId=USER-FCB38E31, sessionId=77D27EF9C20E87C35B9CFB683258F415, functionalSubAr (truncated)...]
2025-09-17 15:24:54 [http-nio-8080-exec-2] DEBUG o.s.web.servlet.DispatcherServlet - Completed 200 OK
2025-09-17 15:25:25 [http-nio-8080-exec-9] DEBUG o.s.web.servlet.DispatcherServlet - POST "/api/digital-wayfinder/questionnaire/operational-innovations/save-answers", parameters={}
2025-09-17 15:25:25 [http-nio-8080-exec-9] DEBUG o.s.w.s.m.m.a.RequestMappingHandlerMapping - Mapped to com.example.DigitalWayfinder.controller.QuestionnaireController#saveOperationalInnovationsAnswers(SaveAnswersRequest, UserSession)
2025-09-17 15:25:25 [http-nio-8080-exec-9] DEBUG o.s.w.s.m.m.a.RequestResponseBodyMethodProcessor - Read "application/json;charset=UTF-8" to [SaveAnswersRequest(functionalArea=Supply Chain Fulfillment, functionalSubArea=Transportation Managem (truncated)...]
2025-09-17 15:25:25 [http-nio-8080-exec-9] INFO  c.e.D.c.QuestionnaireController - Received request to save Operational Innovations answers - user: USER-FCB38E31, session: 77D27EF9C20E87C35B9CFB683258F415
2025-09-17 15:25:25 [http-nio-8080-exec-9] INFO  c.e.D.service.QuestionnaireService - Saving answers for category: Operational Innovations, userId: USER-FCB38E31, sessionId: 77D27EF9C20E87C35B9CFB683258F415
2025-09-17 15:25:25 [http-nio-8080-exec-9] INFO  c.e.D.service.QuestionnaireService - Using provided session - User: USER-FCB38E31, Session: 77D27EF9C20E87C35B9CFB683258F415
2025-09-17 15:25:25 [http-nio-8080-exec-9] DEBUG org.hibernate.SQL - 
    select
        d1_0.id,
        d1_0.Category,
        d1_0.FunctionalArea,
        d1_0.FunctionalSubArea,
        d1_0.Question,
        d1_0.ResponseType,
        d1_0.SessionID,
        d1_0.UserID 
    from
        DWQuestions d1_0 
    where
        d1_0.UserID=? 
        and d1_0.SessionID=? 
        and d1_0.Category=? 
        and d1_0.Question=?
2025-09-17 15:25:26 [http-nio-8080-exec-9] DEBUG org.hibernate.SQL - 
    insert 
    into
        DWQuestions
        (Category, FunctionalArea, FunctionalSubArea, Question, ResponseType, SessionID, UserID) 
    values
        (?, ?, ?, ?, ?, ?, ?)
2025-09-17 15:25:27 [http-nio-8080-exec-9] DEBUG org.hibernate.SQL - 
    select
        d1_0.id,
        d1_0.Category,
        d1_0.FunctionalArea,
        d1_0.FunctionalSubArea,
        d1_0.Question,
        d1_0.ResponseType,
        d1_0.SessionID,
        d1_0.UserID 
    from
        DWQuestions d1_0 
    where
        d1_0.UserID=? 
        and d1_0.SessionID=? 
        and d1_0.Category=? 
        and d1_0.Question=?
2025-09-17 15:25:27 [http-nio-8080-exec-9] DEBUG org.hibernate.SQL - 
    insert 
    into
        DWQuestions
        (Category, FunctionalArea, FunctionalSubArea, Question, ResponseType, SessionID, UserID) 
    values
        (?, ?, ?, ?, ?, ?, ?)
2025-09-17 15:25:28 [http-nio-8080-exec-9] DEBUG org.hibernate.SQL - 
    select
        d1_0.id,
        d1_0.Category,
        d1_0.FunctionalArea,
        d1_0.FunctionalSubArea,
        d1_0.Question,
        d1_0.ResponseType,
        d1_0.SessionID,
        d1_0.UserID 
    from
        DWQuestions d1_0 
    where
        d1_0.UserID=? 
        and d1_0.SessionID=? 
        and d1_0.Category=? 
        and d1_0.Question=?
2025-09-17 15:25:29 [http-nio-8080-exec-9] DEBUG org.hibernate.SQL - 
    insert 
    into
        DWQuestions
        (Category, FunctionalArea, FunctionalSubArea, Question, ResponseType, SessionID, UserID) 
    values
        (?, ?, ?, ?, ?, ?, ?)
2025-09-17 15:25:29 [http-nio-8080-exec-9] DEBUG org.hibernate.SQL - 
    select
        d1_0.id,
        d1_0.Category,
        d1_0.FunctionalArea,
        d1_0.FunctionalSubArea,
        d1_0.Question,
        d1_0.ResponseType,
        d1_0.SessionID,
        d1_0.UserID 
    from
        DWQuestions d1_0 
    where
        d1_0.UserID=? 
        and d1_0.SessionID=? 
        and d1_0.Category=? 
        and d1_0.Question=?
2025-09-17 15:25:30 [http-nio-8080-exec-9] DEBUG org.hibernate.SQL - 
    insert 
    into
        DWQuestions
        (Category, FunctionalArea, FunctionalSubArea, Question, ResponseType, SessionID, UserID) 
    values
        (?, ?, ?, ?, ?, ?, ?)
2025-09-17 15:25:31 [http-nio-8080-exec-9] DEBUG org.hibernate.SQL - 
    select
        d1_0.id,
        d1_0.Category,
        d1_0.FunctionalArea,
        d1_0.FunctionalSubArea,
        d1_0.Question,
        d1_0.ResponseType,
        d1_0.SessionID,
        d1_0.UserID 
    from
        DWQuestions d1_0 
    where
        d1_0.UserID=? 
        and d1_0.SessionID=? 
        and d1_0.Category=? 
        and d1_0.Question=?
2025-09-17 15:25:31 [http-nio-8080-exec-9] DEBUG org.hibernate.SQL - 
    insert 
    into
        DWQuestions
        (Category, FunctionalArea, FunctionalSubArea, Question, ResponseType, SessionID, UserID) 
    values
        (?, ?, ?, ?, ?, ?, ?)
2025-09-17 15:25:32 [http-nio-8080-exec-9] DEBUG org.hibernate.SQL - 
    select
        d1_0.id,
        d1_0.Category,
        d1_0.FunctionalArea,
        d1_0.FunctionalSubArea,
        d1_0.Question,
        d1_0.ResponseType,
        d1_0.SessionID,
        d1_0.UserID 
    from
        DWQuestions d1_0 
    where
        d1_0.UserID=? 
        and d1_0.SessionID=? 
        and d1_0.Category=? 
        and d1_0.Question=?
2025-09-17 15:25:33 [http-nio-8080-exec-9] DEBUG org.hibernate.SQL - 
    insert 
    into
        DWQuestions
        (Category, FunctionalArea, FunctionalSubArea, Question, ResponseType, SessionID, UserID) 
    values
        (?, ?, ?, ?, ?, ?, ?)
2025-09-17 15:25:34 [http-nio-8080-exec-9] DEBUG org.hibernate.SQL - 
    select
        d1_0.id,
        d1_0.Category,
        d1_0.FunctionalArea,
        d1_0.FunctionalSubArea,
        d1_0.Question,
        d1_0.ResponseType,
        d1_0.SessionID,
        d1_0.UserID 
    from
        DWQuestions d1_0 
    where
        d1_0.UserID=? 
        and d1_0.SessionID=? 
        and d1_0.Category=? 
        and d1_0.Question=?
2025-09-17 15:25:34 [http-nio-8080-exec-9] DEBUG org.hibernate.SQL - 
    insert 
    into
        DWQuestions
        (Category, FunctionalArea, FunctionalSubArea, Question, ResponseType, SessionID, UserID) 
    values
        (?, ?, ?, ?, ?, ?, ?)
2025-09-17 15:25:35 [http-nio-8080-exec-9] DEBUG org.hibernate.SQL - 
    select
        d1_0.id,
        d1_0.Category,
        d1_0.FunctionalArea,
        d1_0.FunctionalSubArea,
        d1_0.Question,
        d1_0.ResponseType,
        d1_0.SessionID,
        d1_0.UserID 
    from
        DWQuestions d1_0 
    where
        d1_0.UserID=? 
        and d1_0.SessionID=? 
        and d1_0.Category=? 
        and d1_0.Question=?
2025-09-17 15:25:36 [http-nio-8080-exec-9] DEBUG org.hibernate.SQL - 
    insert 
    into
        DWQuestions
        (Category, FunctionalArea, FunctionalSubArea, Question, ResponseType, SessionID, UserID) 
    values
        (?, ?, ?, ?, ?, ?, ?)
2025-09-17 15:25:36 [http-nio-8080-exec-9] DEBUG org.hibernate.SQL - 
    select
        d1_0.id,
        d1_0.Category,
        d1_0.FunctionalArea,
        d1_0.FunctionalSubArea,
        d1_0.Question,
        d1_0.ResponseType,
        d1_0.SessionID,
        d1_0.UserID 
    from
        DWQuestions d1_0 
    where
        d1_0.UserID=? 
        and d1_0.SessionID=? 
        and d1_0.Category=? 
        and d1_0.Question=?
2025-09-17 15:25:37 [http-nio-8080-exec-9] DEBUG org.hibernate.SQL - 
    insert 
    into
        DWQuestions
        (Category, FunctionalArea, FunctionalSubArea, Question, ResponseType, SessionID, UserID) 
    values
        (?, ?, ?, ?, ?, ?, ?)
2025-09-17 15:25:38 [http-nio-8080-exec-9] DEBUG org.hibernate.SQL - 
    select
        d1_0.id,
        d1_0.Category,
        d1_0.FunctionalArea,
        d1_0.FunctionalSubArea,
        d1_0.Question,
        d1_0.ResponseType,
        d1_0.SessionID,
        d1_0.UserID 
    from
        DWQuestions d1_0 
    where
        d1_0.UserID=? 
        and d1_0.SessionID=? 
        and d1_0.Category=? 
        and d1_0.Question=?
2025-09-17 15:25:38 [http-nio-8080-exec-9] DEBUG org.hibernate.SQL - 
    insert 
    into
        DWQuestions
        (Category, FunctionalArea, FunctionalSubArea, Question, ResponseType, SessionID, UserID) 
    values
        (?, ?, ?, ?, ?, ?, ?)
2025-09-17 15:25:39 [http-nio-8080-exec-9] DEBUG org.hibernate.SQL - 
    select
        d1_0.id,
        d1_0.Category,
        d1_0.FunctionalArea,
        d1_0.FunctionalSubArea,
        d1_0.Question,
        d1_0.ResponseType,
        d1_0.SessionID,
        d1_0.UserID 
    from
        DWQuestions d1_0 
    where
        d1_0.UserID=? 
        and d1_0.SessionID=? 
        and d1_0.Category=? 
        and d1_0.Question=?
2025-09-17 15:25:40 [http-nio-8080-exec-9] DEBUG org.hibernate.SQL - 
    insert 
    into
        DWQuestions
        (Category, FunctionalArea, FunctionalSubArea, Question, ResponseType, SessionID, UserID) 
    values
        (?, ?, ?, ?, ?, ?, ?)
2025-09-17 15:25:41 [http-nio-8080-exec-9] DEBUG org.hibernate.SQL - 
    select
        d1_0.id,
        d1_0.Category,
        d1_0.FunctionalArea,
        d1_0.FunctionalSubArea,
        d1_0.Question,
        d1_0.ResponseType,
        d1_0.SessionID,
        d1_0.UserID 
    from
        DWQuestions d1_0 
    where
        d1_0.UserID=? 
        and d1_0.SessionID=? 
        and d1_0.Category=? 
        and d1_0.Question=?
2025-09-17 15:25:41 [http-nio-8080-exec-9] DEBUG org.hibernate.SQL - 
    insert 
    into
        DWQuestions
        (Category, FunctionalArea, FunctionalSubArea, Question, ResponseType, SessionID, UserID) 
    values
        (?, ?, ?, ?, ?, ?, ?)
2025-09-17 15:25:42 [http-nio-8080-exec-9] DEBUG org.hibernate.SQL - 
    select
        d1_0.id,
        d1_0.Category,
        d1_0.FunctionalArea,
        d1_0.FunctionalSubArea,
        d1_0.Question,
        d1_0.ResponseType,
        d1_0.SessionID,
        d1_0.UserID 
    from
        DWQuestions d1_0 
    where
        d1_0.UserID=? 
        and d1_0.SessionID=? 
        and d1_0.Category=? 
        and d1_0.Question=?
2025-09-17 15:25:42 [http-nio-8080-exec-9] DEBUG org.hibernate.SQL - 
    insert 
    into
        DWQuestions
        (Category, FunctionalArea, FunctionalSubArea, Question, ResponseType, SessionID, UserID) 
    values
        (?, ?, ?, ?, ?, ?, ?)
2025-09-17 15:25:43 [http-nio-8080-exec-9] DEBUG org.hibernate.SQL - 
    select
        d1_0.id,
        d1_0.Category,
        d1_0.FunctionalArea,
        d1_0.FunctionalSubArea,
        d1_0.Question,
        d1_0.ResponseType,
        d1_0.SessionID,
        d1_0.UserID 
    from
        DWQuestions d1_0 
    where
        d1_0.UserID=? 
        and d1_0.SessionID=? 
        and d1_0.Category=? 
        and d1_0.Question=?
2025-09-17 15:25:44 [http-nio-8080-exec-9] DEBUG org.hibernate.SQL - 
    insert 
    into
        DWQuestions
        (Category, FunctionalArea, FunctionalSubArea, Question, ResponseType, SessionID, UserID) 
    values
        (?, ?, ?, ?, ?, ?, ?)
2025-09-17 15:25:45 [http-nio-8080-exec-9] INFO  c.e.D.service.QuestionnaireService - Successfully saved 14 answers for category: Operational Innovations with session: 77D27EF9C20E87C35B9CFB683258F415
2025-09-17 15:25:45 [http-nio-8080-exec-9] INFO  c.e.D.c.QuestionnaireController - Successfully saved 14 Operational Innovations answers
2025-09-17 15:25:45 [http-nio-8080-exec-9] DEBUG o.s.w.s.m.m.a.HttpEntityMethodProcessor - Using 'application/json', given [*/*] and supported [application/json, application/*+json]
2025-09-17 15:25:45 [http-nio-8080-exec-9] DEBUG o.s.w.s.m.m.a.HttpEntityMethodProcessor - Writing [SaveAnswersResponse(userId=USER-FCB38E31, sessionId=77D27EF9C20E87C35B9CFB683258F415, functionalArea (truncated)...]
2025-09-17 15:25:45 [http-nio-8080-exec-9] DEBUG o.s.web.servlet.DispatcherServlet - Completed 201 CREATED
2025-09-17 15:25:45 [http-nio-8080-exec-3] DEBUG o.s.web.servlet.DispatcherServlet - GET "/api/digital-wayfinder/questionnaire/visibility-proactive/get-questions?functionalSubArea=Transportation%20Management%20System", parameters={masked}
2025-09-17 15:25:45 [http-nio-8080-exec-3] DEBUG o.s.w.s.m.m.a.RequestMappingHandlerMapping - Mapped to com.example.DigitalWayfinder.controller.QuestionnaireController#getVisibilityProactiveQuestions(String, UserSession)
2025-09-17 15:25:45 [http-nio-8080-exec-3] INFO  c.e.D.c.QuestionnaireController - Received request for Visibility & Proactive Planning questions - functionalSubArea: Transportation Management System, user: USER-FCB38E31, session: 77D27EF9C20E87C35B9CFB683258F415
2025-09-17 15:25:45 [http-nio-8080-exec-3] INFO  c.e.D.service.QuestionnaireService - Fetching questions for functionalSubArea: Transportation Management System, category: Visibility & Proactive Planning, userId: USER-FCB38E31, sessionId: 77D27EF9C20E87C35B9CFB683258F415
2025-09-17 15:25:45 [http-nio-8080-exec-3] INFO  c.e.D.service.QuestionnaireService - Fetching questions from TMS table for category: Visibility & Proactive Planning
2025-09-17 15:25:45 [http-nio-8080-exec-3] DEBUG org.hibernate.SQL - 
    select
        tq1_0.category,
        tq1_0.question,
        tq1_0.[Answer Type] 
    from
        TMS_Questionnaire tq1_0 
    where
        tq1_0.category=?
2025-09-17 15:25:45 [http-nio-8080-exec-3] INFO  c.e.D.service.QuestionnaireService - Successfully fetched 10 TMS questions for category: Visibility & Proactive Planning
2025-09-17 15:25:45 [http-nio-8080-exec-3] INFO  c.e.D.c.QuestionnaireController - Successfully returning questions for functionalSubArea: Transportation Management System
2025-09-17 15:25:45 [http-nio-8080-exec-3] DEBUG o.s.w.s.m.m.a.HttpEntityMethodProcessor - Using 'application/json', given [*/*] and supported [application/json, application/*+json]
2025-09-17 15:25:45 [http-nio-8080-exec-3] DEBUG o.s.w.s.m.m.a.HttpEntityMethodProcessor - Writing [QuestionnaireResponse(userId=USER-FCB38E31, sessionId=77D27EF9C20E87C35B9CFB683258F415, functionalSu (truncated)...]
2025-09-17 15:25:45 [http-nio-8080-exec-3] DEBUG o.s.web.servlet.DispatcherServlet - Completed 200 OK
2025-09-17 15:25:45 [http-nio-8080-exec-8] DEBUG o.s.web.servlet.DispatcherServlet - GET "/api/digital-wayfinder/questionnaire/operational-innovations/get-answers?functionalSubArea=Transportation%20Management%20System", parameters={masked}
2025-09-17 15:25:45 [http-nio-8080-exec-8] DEBUG o.s.w.s.m.m.a.RequestMappingHandlerMapping - Mapped to com.example.DigitalWayfinder.controller.QuestionnaireController#getOperationalInnovationsAnswers(UserSession)
2025-09-17 15:25:45 [http-nio-8080-exec-8] INFO  c.e.D.c.QuestionnaireController - Received request for Operational Innovations answers - user: USER-FCB38E31, session: 77D27EF9C20E87C35B9CFB683258F415
2025-09-17 15:25:45 [http-nio-8080-exec-8] INFO  c.e.D.service.QuestionnaireService - Fetching answers for category: Operational Innovations, userId: USER-FCB38E31, sessionId: 77D27EF9C20E87C35B9CFB683258F415
2025-09-17 15:25:45 [http-nio-8080-exec-8] INFO  c.e.D.service.QuestionnaireService - Using provided session - User: USER-FCB38E31, Session: 77D27EF9C20E87C35B9CFB683258F415
2025-09-17 15:25:45 [http-nio-8080-exec-8] DEBUG org.hibernate.SQL - 
    select
        d1_0.id,
        d1_0.Category,
        d1_0.FunctionalArea,
        d1_0.FunctionalSubArea,
        d1_0.Question,
        d1_0.ResponseType,
        d1_0.SessionID,
        d1_0.UserID 
    from
        DWQuestions d1_0 
    where
        d1_0.Category=? 
        and (
            d1_0.UserID=? 
            or d1_0.UserID is null
        ) 
        and (
            d1_0.SessionID=? 
            or d1_0.SessionID is null
        )
2025-09-17 15:25:46 [http-nio-8080-exec-8] INFO  c.e.D.service.QuestionnaireService - Successfully fetched 28 saved answers for category: Operational Innovations with session: 77D27EF9C20E87C35B9CFB683258F415
2025-09-17 15:25:46 [http-nio-8080-exec-8] INFO  c.e.D.c.QuestionnaireController - Successfully returning 28 Operational Innovations answers
2025-09-17 15:25:46 [http-nio-8080-exec-8] DEBUG o.s.w.s.m.m.a.HttpEntityMethodProcessor - Using 'application/json', given [*/*] and supported [application/json, application/*+json]
2025-09-17 15:25:46 [http-nio-8080-exec-8] DEBUG o.s.w.s.m.m.a.HttpEntityMethodProcessor - Writing [GetAnswersResponse(userId=USER-FCB38E31, sessionId=77D27EF9C20E87C35B9CFB683258F415, functionalSubAr (truncated)...]
2025-09-17 15:25:46 [http-nio-8080-exec-8] DEBUG o.s.web.servlet.DispatcherServlet - Completed 200 OK
2025-09-17 15:26:10 [http-nio-8080-exec-4] DEBUG o.s.web.servlet.DispatcherServlet - POST "/api/digital-wayfinder/questionnaire/visibility-proactive/save-answers", parameters={}
2025-09-17 15:26:10 [http-nio-8080-exec-4] DEBUG o.s.w.s.m.m.a.RequestMappingHandlerMapping - Mapped to com.example.DigitalWayfinder.controller.QuestionnaireController#saveVisibilityProactiveAnswers(SaveAnswersRequest, UserSession)
2025-09-17 15:26:10 [http-nio-8080-exec-4] DEBUG o.s.w.s.m.m.a.RequestResponseBodyMethodProcessor - Read "application/json;charset=UTF-8" to [SaveAnswersRequest(functionalArea=Supply Chain Fulfillment, functionalSubArea=Transportation Managem (truncated)...]
2025-09-17 15:26:10 [http-nio-8080-exec-4] INFO  c.e.D.c.QuestionnaireController - Received request to save Visibility & Proactive Planning answers - user: USER-FCB38E31, session: 77D27EF9C20E87C35B9CFB683258F415
2025-09-17 15:26:10 [http-nio-8080-exec-4] INFO  c.e.D.service.QuestionnaireService - Saving answers for category: Visibility & Proactive Planning, userId: USER-FCB38E31, sessionId: 77D27EF9C20E87C35B9CFB683258F415
2025-09-17 15:26:10 [http-nio-8080-exec-4] INFO  c.e.D.service.QuestionnaireService - Using provided session - User: USER-FCB38E31, Session: 77D27EF9C20E87C35B9CFB683258F415
2025-09-17 15:26:10 [http-nio-8080-exec-4] DEBUG org.hibernate.SQL - 
    select
        d1_0.id,
        d1_0.Category,
        d1_0.FunctionalArea,
        d1_0.FunctionalSubArea,
        d1_0.Question,
        d1_0.ResponseType,
        d1_0.SessionID,
        d1_0.UserID 
    from
        DWQuestions d1_0 
    where
        d1_0.UserID=? 
        and d1_0.SessionID=? 
        and d1_0.Category=? 
        and d1_0.Question=?
2025-09-17 15:26:11 [http-nio-8080-exec-4] DEBUG org.hibernate.SQL - 
    insert 
    into
        DWQuestions
        (Category, FunctionalArea, FunctionalSubArea, Question, ResponseType, SessionID, UserID) 
    values
        (?, ?, ?, ?, ?, ?, ?)
2025-09-17 15:26:12 [http-nio-8080-exec-4] DEBUG org.hibernate.SQL - 
    select
        d1_0.id,
        d1_0.Category,
        d1_0.FunctionalArea,
        d1_0.FunctionalSubArea,
        d1_0.Question,
        d1_0.ResponseType,
        d1_0.SessionID,
        d1_0.UserID 
    from
        DWQuestions d1_0 
    where
        d1_0.UserID=? 
        and d1_0.SessionID=? 
        and d1_0.Category=? 
        and d1_0.Question=?
2025-09-17 15:26:12 [http-nio-8080-exec-4] DEBUG org.hibernate.SQL - 
    insert 
    into
        DWQuestions
        (Category, FunctionalArea, FunctionalSubArea, Question, ResponseType, SessionID, UserID) 
    values
        (?, ?, ?, ?, ?, ?, ?)
2025-09-17 15:26:13 [http-nio-8080-exec-4] DEBUG org.hibernate.SQL - 
    select
        d1_0.id,
        d1_0.Category,
        d1_0.FunctionalArea,
        d1_0.FunctionalSubArea,
        d1_0.Question,
        d1_0.ResponseType,
        d1_0.SessionID,
        d1_0.UserID 
    from
        DWQuestions d1_0 
    where
        d1_0.UserID=? 
        and d1_0.SessionID=? 
        and d1_0.Category=? 
        and d1_0.Question=?
2025-09-17 15:26:14 [http-nio-8080-exec-4] DEBUG org.hibernate.SQL - 
    select
        d1_0.id,
        d1_0.Category,
        d1_0.FunctionalArea,
        d1_0.FunctionalSubArea,
        d1_0.Question,
        d1_0.ResponseType,
        d1_0.SessionID,
        d1_0.UserID 
    from
        DWQuestions d1_0 
    where
        d1_0.UserID=? 
        and d1_0.SessionID=? 
        and d1_0.Category=? 
        and d1_0.Question=?
2025-09-17 15:26:15 [http-nio-8080-exec-4] DEBUG org.hibernate.SQL - 
    select
        d1_0.id,
        d1_0.Category,
        d1_0.FunctionalArea,
        d1_0.FunctionalSubArea,
        d1_0.Question,
        d1_0.ResponseType,
        d1_0.SessionID,
        d1_0.UserID 
    from
        DWQuestions d1_0 
    where
        d1_0.UserID=? 
        and d1_0.SessionID=? 
        and d1_0.Category=? 
        and d1_0.Question=?
2025-09-17 15:26:16 [http-nio-8080-exec-4] DEBUG org.hibernate.SQL - 
    insert 
    into
        DWQuestions
        (Category, FunctionalArea, FunctionalSubArea, Question, ResponseType, SessionID, UserID) 
    values
        (?, ?, ?, ?, ?, ?, ?)
2025-09-17 15:26:17 [http-nio-8080-exec-4] DEBUG org.hibernate.SQL - 
    select
        d1_0.id,
        d1_0.Category,
        d1_0.FunctionalArea,
        d1_0.FunctionalSubArea,
        d1_0.Question,
        d1_0.ResponseType,
        d1_0.SessionID,
        d1_0.UserID 
    from
        DWQuestions d1_0 
    where
        d1_0.UserID=? 
        and d1_0.SessionID=? 
        and d1_0.Category=? 
        and d1_0.Question=?
2025-09-17 15:26:17 [http-nio-8080-exec-4] DEBUG org.hibernate.SQL - 
    insert 
    into
        DWQuestions
        (Category, FunctionalArea, FunctionalSubArea, Question, ResponseType, SessionID, UserID) 
    values
        (?, ?, ?, ?, ?, ?, ?)
2025-09-17 15:26:18 [http-nio-8080-exec-4] DEBUG org.hibernate.SQL - 
    select
        d1_0.id,
        d1_0.Category,
        d1_0.FunctionalArea,
        d1_0.FunctionalSubArea,
        d1_0.Question,
        d1_0.ResponseType,
        d1_0.SessionID,
        d1_0.UserID 
    from
        DWQuestions d1_0 
    where
        d1_0.UserID=? 
        and d1_0.SessionID=? 
        and d1_0.Category=? 
        and d1_0.Question=?
2025-09-17 15:26:19 [http-nio-8080-exec-4] DEBUG org.hibernate.SQL - 
    insert 
    into
        DWQuestions
        (Category, FunctionalArea, FunctionalSubArea, Question, ResponseType, SessionID, UserID) 
    values
        (?, ?, ?, ?, ?, ?, ?)
2025-09-17 15:26:19 [http-nio-8080-exec-4] DEBUG org.hibernate.SQL - 
    select
        d1_0.id,
        d1_0.Category,
        d1_0.FunctionalArea,
        d1_0.FunctionalSubArea,
        d1_0.Question,
        d1_0.ResponseType,
        d1_0.SessionID,
        d1_0.UserID 
    from
        DWQuestions d1_0 
    where
        d1_0.UserID=? 
        and d1_0.SessionID=? 
        and d1_0.Category=? 
        and d1_0.Question=?
2025-09-17 15:26:20 [http-nio-8080-exec-4] DEBUG org.hibernate.SQL - 
    insert 
    into
        DWQuestions
        (Category, FunctionalArea, FunctionalSubArea, Question, ResponseType, SessionID, UserID) 
    values
        (?, ?, ?, ?, ?, ?, ?)
2025-09-17 15:26:21 [http-nio-8080-exec-4] DEBUG org.hibernate.SQL - 
    select
        d1_0.id,
        d1_0.Category,
        d1_0.FunctionalArea,
        d1_0.FunctionalSubArea,
        d1_0.Question,
        d1_0.ResponseType,
        d1_0.SessionID,
        d1_0.UserID 
    from
        DWQuestions d1_0 
    where
        d1_0.UserID=? 
        and d1_0.SessionID=? 
        and d1_0.Category=? 
        and d1_0.Question=?
2025-09-17 15:26:21 [http-nio-8080-exec-4] DEBUG org.hibernate.SQL - 
    insert 
    into
        DWQuestions
        (Category, FunctionalArea, FunctionalSubArea, Question, ResponseType, SessionID, UserID) 
    values
        (?, ?, ?, ?, ?, ?, ?)
2025-09-17 15:26:22 [http-nio-8080-exec-4] DEBUG org.hibernate.SQL - 
    select
        d1_0.id,
        d1_0.Category,
        d1_0.FunctionalArea,
        d1_0.FunctionalSubArea,
        d1_0.Question,
        d1_0.ResponseType,
        d1_0.SessionID,
        d1_0.UserID 
    from
        DWQuestions d1_0 
    where
        d1_0.UserID=? 
        and d1_0.SessionID=? 
        and d1_0.Category=? 
        and d1_0.Question=?
2025-09-17 15:26:23 [http-nio-8080-exec-4] DEBUG org.hibernate.SQL - 
    insert 
    into
        DWQuestions
        (Category, FunctionalArea, FunctionalSubArea, Question, ResponseType, SessionID, UserID) 
    values
        (?, ?, ?, ?, ?, ?, ?)
2025-09-17 15:26:24 [http-nio-8080-exec-4] INFO  c.e.D.service.QuestionnaireService - Successfully saved 10 answers for category: Visibility & Proactive Planning with session: 77D27EF9C20E87C35B9CFB683258F415
2025-09-17 15:26:24 [http-nio-8080-exec-4] INFO  c.e.D.c.QuestionnaireController - Successfully saved 10 Visibility & Proactive Planning answers
2025-09-17 15:26:24 [http-nio-8080-exec-4] DEBUG o.s.w.s.m.m.a.HttpEntityMethodProcessor - Using 'application/json', given [*/*] and supported [application/json, application/*+json]
2025-09-17 15:26:24 [http-nio-8080-exec-4] DEBUG o.s.w.s.m.m.a.HttpEntityMethodProcessor - Writing [SaveAnswersResponse(userId=USER-FCB38E31, sessionId=77D27EF9C20E87C35B9CFB683258F415, functionalArea (truncated)...]
2025-09-17 15:26:24 [http-nio-8080-exec-4] DEBUG o.s.web.servlet.DispatcherServlet - Completed 201 CREATED
2025-09-17 15:26:24 [http-nio-8080-exec-5] DEBUG o.s.web.servlet.DispatcherServlet - GET "/api/digital-wayfinder/questionnaire/genai/get-questions?functionalSubArea=Transportation%20Management%20System", parameters={masked}
2025-09-17 15:26:24 [http-nio-8080-exec-5] DEBUG o.s.w.s.m.m.a.RequestMappingHandlerMapping - Mapped to com.example.DigitalWayfinder.controller.QuestionnaireController#getGenAIQuestions(String, UserSession)
2025-09-17 15:26:24 [http-nio-8080-exec-5] INFO  c.e.D.c.QuestionnaireController - Received request for Agentic AI questions - functionalSubArea: Transportation Management System, user: USER-FCB38E31, session: 77D27EF9C20E87C35B9CFB683258F415
2025-09-17 15:26:24 [http-nio-8080-exec-5] INFO  c.e.D.service.QuestionnaireService - Fetching questions for functionalSubArea: Transportation Management System, category: Agentic AI, userId: USER-FCB38E31, sessionId: 77D27EF9C20E87C35B9CFB683258F415
2025-09-17 15:26:24 [http-nio-8080-exec-5] INFO  c.e.D.service.QuestionnaireService - Fetching questions from TMS table for category: Agentic AI
2025-09-17 15:26:24 [http-nio-8080-exec-5] DEBUG org.hibernate.SQL - 
    select
        tq1_0.category,
        tq1_0.question,
        tq1_0.[Answer Type] 
    from
        TMS_Questionnaire tq1_0 
    where
        tq1_0.category=?
2025-09-17 15:26:24 [http-nio-8080-exec-5] INFO  c.e.D.service.QuestionnaireService - Successfully fetched 5 TMS questions for category: Agentic AI
2025-09-17 15:26:24 [http-nio-8080-exec-5] INFO  c.e.D.c.QuestionnaireController - Successfully returning questions for functionalSubArea: Transportation Management System
2025-09-17 15:26:24 [http-nio-8080-exec-5] DEBUG o.s.w.s.m.m.a.HttpEntityMethodProcessor - Using 'application/json', given [*/*] and supported [application/json, application/*+json]
2025-09-17 15:26:24 [http-nio-8080-exec-5] DEBUG o.s.w.s.m.m.a.HttpEntityMethodProcessor - Writing [QuestionnaireResponse(userId=USER-FCB38E31, sessionId=77D27EF9C20E87C35B9CFB683258F415, functionalSu (truncated)...]
2025-09-17 15:26:24 [http-nio-8080-exec-5] DEBUG o.s.web.servlet.DispatcherServlet - Completed 200 OK
2025-09-17 15:26:24 [http-nio-8080-exec-6] DEBUG o.s.web.servlet.DispatcherServlet - GET "/api/digital-wayfinder/questionnaire/visibility-proactive/get-answers?functionalSubArea=Transportation%20Management%20System", parameters={masked}
2025-09-17 15:26:24 [http-nio-8080-exec-6] DEBUG o.s.w.s.m.m.a.RequestMappingHandlerMapping - Mapped to com.example.DigitalWayfinder.controller.QuestionnaireController#getVisibilityProactiveAnswers(UserSession)
2025-09-17 15:26:24 [http-nio-8080-exec-6] INFO  c.e.D.c.QuestionnaireController - Received request for Visibility & Proactive Planning answers - user: USER-FCB38E31, session: 77D27EF9C20E87C35B9CFB683258F415
2025-09-17 15:26:24 [http-nio-8080-exec-6] INFO  c.e.D.service.QuestionnaireService - Fetching answers for category: Visibility & Proactive Planning, userId: USER-FCB38E31, sessionId: 77D27EF9C20E87C35B9CFB683258F415
2025-09-17 15:26:24 [http-nio-8080-exec-6] INFO  c.e.D.service.QuestionnaireService - Using provided session - User: USER-FCB38E31, Session: 77D27EF9C20E87C35B9CFB683258F415
2025-09-17 15:26:24 [http-nio-8080-exec-6] DEBUG org.hibernate.SQL - 
    select
        d1_0.id,
        d1_0.Category,
        d1_0.FunctionalArea,
        d1_0.FunctionalSubArea,
        d1_0.Question,
        d1_0.ResponseType,
        d1_0.SessionID,
        d1_0.UserID 
    from
        DWQuestions d1_0 
    where
        d1_0.Category=? 
        and (
            d1_0.UserID=? 
            or d1_0.UserID is null
        ) 
        and (
            d1_0.SessionID=? 
            or d1_0.SessionID is null
        )
2025-09-17 15:26:24 [http-nio-8080-exec-6] INFO  c.e.D.service.QuestionnaireService - Successfully fetched 17 saved answers for category: Visibility & Proactive Planning with session: 77D27EF9C20E87C35B9CFB683258F415
2025-09-17 15:26:24 [http-nio-8080-exec-6] INFO  c.e.D.c.QuestionnaireController - Successfully returning 17 Visibility & Proactive Planning answers
2025-09-17 15:26:24 [http-nio-8080-exec-6] DEBUG o.s.w.s.m.m.a.HttpEntityMethodProcessor - Using 'application/json', given [*/*] and supported [application/json, application/*+json]
2025-09-17 15:26:24 [http-nio-8080-exec-6] DEBUG o.s.w.s.m.m.a.HttpEntityMethodProcessor - Writing [GetAnswersResponse(userId=USER-FCB38E31, sessionId=77D27EF9C20E87C35B9CFB683258F415, functionalSubAr (truncated)...]
2025-09-17 15:26:24 [http-nio-8080-exec-6] DEBUG o.s.web.servlet.DispatcherServlet - Completed 200 OK
2025-09-17 15:26:32 [http-nio-8080-exec-2] DEBUG o.s.web.servlet.DispatcherServlet - POST "/api/digital-wayfinder/questionnaire/genai/save-answers", parameters={}
2025-09-17 15:26:32 [http-nio-8080-exec-2] DEBUG o.s.w.s.m.m.a.RequestMappingHandlerMapping - Mapped to com.example.DigitalWayfinder.controller.QuestionnaireController#saveGenAIAnswers(SaveAnswersRequest, UserSession)
2025-09-17 15:26:32 [http-nio-8080-exec-2] DEBUG o.s.w.s.m.m.a.RequestResponseBodyMethodProcessor - Read "application/json;charset=UTF-8" to [SaveAnswersRequest(functionalArea=Supply Chain Fulfillment, functionalSubArea=Transportation Managem (truncated)...]
2025-09-17 15:26:32 [http-nio-8080-exec-2] INFO  c.e.D.c.QuestionnaireController - Received request to save Agentic AI answers - user: USER-FCB38E31, session: 77D27EF9C20E87C35B9CFB683258F415
2025-09-17 15:26:32 [http-nio-8080-exec-2] INFO  c.e.D.service.QuestionnaireService - Saving answers for category: Agentic AI, userId: USER-FCB38E31, sessionId: 77D27EF9C20E87C35B9CFB683258F415
2025-09-17 15:26:32 [http-nio-8080-exec-2] INFO  c.e.D.service.QuestionnaireService - Using provided session - User: USER-FCB38E31, Session: 77D27EF9C20E87C35B9CFB683258F415
2025-09-17 15:26:32 [http-nio-8080-exec-2] DEBUG org.hibernate.SQL - 
    select
        d1_0.id,
        d1_0.Category,
        d1_0.FunctionalArea,
        d1_0.FunctionalSubArea,
        d1_0.Question,
        d1_0.ResponseType,
        d1_0.SessionID,
        d1_0.UserID 
    from
        DWQuestions d1_0 
    where
        d1_0.UserID=? 
        and d1_0.SessionID=? 
        and d1_0.Category=? 
        and d1_0.Question=?
2025-09-17 15:26:33 [http-nio-8080-exec-2] DEBUG org.hibernate.SQL - 
    insert 
    into
        DWQuestions
        (Category, FunctionalArea, FunctionalSubArea, Question, ResponseType, SessionID, UserID) 
    values
        (?, ?, ?, ?, ?, ?, ?)
2025-09-17 15:26:34 [http-nio-8080-exec-2] DEBUG org.hibernate.SQL - 
    select
        d1_0.id,
        d1_0.Category,
        d1_0.FunctionalArea,
        d1_0.FunctionalSubArea,
        d1_0.Question,
        d1_0.ResponseType,
        d1_0.SessionID,
        d1_0.UserID 
    from
        DWQuestions d1_0 
    where
        d1_0.UserID=? 
        and d1_0.SessionID=? 
        and d1_0.Category=? 
        and d1_0.Question=?
2025-09-17 15:26:34 [http-nio-8080-exec-2] DEBUG org.hibernate.SQL - 
    insert 
    into
        DWQuestions
        (Category, FunctionalArea, FunctionalSubArea, Question, ResponseType, SessionID, UserID) 
    values
        (?, ?, ?, ?, ?, ?, ?)
2025-09-17 15:26:35 [http-nio-8080-exec-2] DEBUG org.hibernate.SQL - 
    select
        d1_0.id,
        d1_0.Category,
        d1_0.FunctionalArea,
        d1_0.FunctionalSubArea,
        d1_0.Question,
        d1_0.ResponseType,
        d1_0.SessionID,
        d1_0.UserID 
    from
        DWQuestions d1_0 
    where
        d1_0.UserID=? 
        and d1_0.SessionID=? 
        and d1_0.Category=? 
        and d1_0.Question=?
2025-09-17 15:26:35 [http-nio-8080-exec-2] DEBUG org.hibernate.SQL - 
    insert 
    into
        DWQuestions
        (Category, FunctionalArea, FunctionalSubArea, Question, ResponseType, SessionID, UserID) 
    values
        (?, ?, ?, ?, ?, ?, ?)
2025-09-17 15:26:36 [http-nio-8080-exec-2] DEBUG org.hibernate.SQL - 
    select
        d1_0.id,
        d1_0.Category,
        d1_0.FunctionalArea,
        d1_0.FunctionalSubArea,
        d1_0.Question,
        d1_0.ResponseType,
        d1_0.SessionID,
        d1_0.UserID 
    from
        DWQuestions d1_0 
    where
        d1_0.UserID=? 
        and d1_0.SessionID=? 
        and d1_0.Category=? 
        and d1_0.Question=?
2025-09-17 15:26:37 [http-nio-8080-exec-2] DEBUG org.hibernate.SQL - 
    insert 
    into
        DWQuestions
        (Category, FunctionalArea, FunctionalSubArea, Question, ResponseType, SessionID, UserID) 
    values
        (?, ?, ?, ?, ?, ?, ?)
2025-09-17 15:26:38 [http-nio-8080-exec-2] DEBUG org.hibernate.SQL - 
    select
        d1_0.id,
        d1_0.Category,
        d1_0.FunctionalArea,
        d1_0.FunctionalSubArea,
        d1_0.Question,
        d1_0.ResponseType,
        d1_0.SessionID,
        d1_0.UserID 
    from
        DWQuestions d1_0 
    where
        d1_0.UserID=? 
        and d1_0.SessionID=? 
        and d1_0.Category=? 
        and d1_0.Question=?
2025-09-17 15:26:38 [http-nio-8080-exec-2] DEBUG org.hibernate.SQL - 
    insert 
    into
        DWQuestions
        (Category, FunctionalArea, FunctionalSubArea, Question, ResponseType, SessionID, UserID) 
    values
        (?, ?, ?, ?, ?, ?, ?)
2025-09-17 15:26:39 [http-nio-8080-exec-2] INFO  c.e.D.service.QuestionnaireService - Successfully saved 5 answers for category: Agentic AI with session: 77D27EF9C20E87C35B9CFB683258F415
2025-09-17 15:26:39 [http-nio-8080-exec-2] INFO  c.e.D.c.QuestionnaireController - Successfully saved 5 Agentic AI answers
2025-09-17 15:26:39 [http-nio-8080-exec-2] DEBUG o.s.w.s.m.m.a.HttpEntityMethodProcessor - Using 'application/json', given [*/*] and supported [application/json, application/*+json]
2025-09-17 15:26:39 [http-nio-8080-exec-2] DEBUG o.s.w.s.m.m.a.HttpEntityMethodProcessor - Writing [SaveAnswersResponse(userId=USER-FCB38E31, sessionId=77D27EF9C20E87C35B9CFB683258F415, functionalArea (truncated)...]
2025-09-17 15:26:39 [http-nio-8080-exec-2] DEBUG o.s.web.servlet.DispatcherServlet - Completed 201 CREATED
2025-09-17 15:26:39 [http-nio-8080-exec-7] DEBUG o.s.web.servlet.DispatcherServlet - GET "/api/digital-wayfinder/questionnaire/report", parameters={}
2025-09-17 15:26:39 [http-nio-8080-exec-7] DEBUG o.s.w.s.m.m.a.RequestMappingHandlerMapping - Mapped to com.example.DigitalWayfinder.controller.PlatformAnalysisController#getAllPlatformAnalysis(UserSession, String, String)
2025-09-17 15:26:39 [http-nio-8080-exec-7] INFO  c.e.D.c.PlatformAnalysisController - Received request to fetch all platform analysis records - user: USER-FCB38E31, session: 77D27EF9C20E87C35B9CFB683258F415, functionalSubArea: null, industryType: null
2025-09-17 15:26:39 [http-nio-8080-exec-7] WARN  c.e.D.c.PlatformAnalysisController - Could not determine system type from functionalSubArea: null, industryType: null, defaulting to WMS
2025-09-17 15:26:39 [http-nio-8080-exec-7] INFO  c.e.D.c.PlatformAnalysisController - Determined system type: WMS for user: USER-FCB38E31, session: 77D27EF9C20E87C35B9CFB683258F415
2025-09-17 15:26:39 [http-nio-8080-exec-7] INFO  c.e.D.s.PlatformAnalysisService - Fetching all platform analysis records for user: USER-FCB38E31, session: 77D27EF9C20E87C35B9CFB683258F415, systemType: WMS
2025-09-17 15:26:39 [http-nio-8080-exec-7] INFO  c.e.D.s.PlatformAnalysisService - Using provided session - User: USER-FCB38E31, Session: 77D27EF9C20E87C35B9CFB683258F415
2025-09-17 15:26:39 [http-nio-8080-exec-7] INFO  c.e.D.s.PlatformAnalysisService - Using system type: WMS for user: USER-FCB38E31, session: 77D27EF9C20E87C35B9CFB683258F415
2025-09-17 15:26:39 [http-nio-8080-exec-7] DEBUG org.hibernate.SQL - 
    select
        pa1_0.ID,
        pa1_0.[Asset Name],
        pa1_0.Category,
        pa1_0.Gaps,
        pa1_0.L2,
        pa1_0.SessionID,
        pa1_0.UserID 
    from
        vw_Fnl_FunctionScore_WMS pa1_0 
    where
        (
            pa1_0.UserID=? 
            or pa1_0.UserID is null
        ) 
        and (
            pa1_0.SessionID=? 
            or pa1_0.SessionID is null
        )
2025-09-17 15:26:39 [http-nio-8080-exec-7] INFO  c.e.D.s.PlatformAnalysisService - Successfully fetched 46 WMS records (after deduplication: 8) grouped into 2 categories
2025-09-17 15:26:39 [http-nio-8080-exec-7] INFO  c.e.D.c.PlatformAnalysisController - Successfully returning 8 platform analysis records across 2 categories using WMS system
2025-09-17 15:26:39 [http-nio-8080-exec-7] DEBUG o.s.w.s.m.m.a.HttpEntityMethodProcessor - Using 'application/json', given [*/*] and supported [application/json, application/*+json]
2025-09-17 15:26:39 [http-nio-8080-exec-7] DEBUG o.s.w.s.m.m.a.HttpEntityMethodProcessor - Writing [PlatformAnalysisResponse(userId=USER-FCB38E31, sessionId=77D27EF9C20E87C35B9CFB683258F415, categorie (truncated)...]
2025-09-17 15:26:39 [http-nio-8080-exec-7] DEBUG o.s.web.servlet.DispatcherServlet - Completed 200 OK
2025-09-17 15:26:39 [http-nio-8080-exec-9] DEBUG o.s.web.servlet.DispatcherServlet - GET "/static/media/Operations.afb8cfbb20d033f75cd9.jpg", parameters={}
2025-09-17 15:26:39 [http-nio-8080-exec-3] DEBUG o.s.web.servlet.DispatcherServlet - GET "/static/media/planning-crop.06f3745b530ca71d1357.png", parameters={}
2025-09-17 15:26:39 [http-nio-8080-exec-9] DEBUG o.s.w.s.h.SimpleUrlHandlerMapping - Mapped to ResourceHttpRequestHandler [classpath [META-INF/resources/], classpath [resources/], classpath [static/], classpath [public/], ServletContext [/]]
2025-09-17 15:26:39 [http-nio-8080-exec-3] DEBUG o.s.w.s.h.SimpleUrlHandlerMapping - Mapped to ResourceHttpRequestHandler [classpath [META-INF/resources/], classpath [resources/], classpath [static/], classpath [public/], ServletContext [/]]
2025-09-17 15:26:39 [http-nio-8080-exec-9] DEBUG o.s.web.servlet.DispatcherServlet - Completed 200 OK
2025-09-17 15:26:39 [http-nio-8080-exec-3] DEBUG o.s.web.servlet.DispatcherServlet - Completed 200 OK
2025-09-17 15:26:40 [http-nio-8080-exec-8] DEBUG o.s.web.servlet.DispatcherServlet - GET "/static/media/planning-crop.06f3745b530ca71d1357.png", parameters={}
2025-09-17 15:26:40 [http-nio-8080-exec-8] DEBUG o.s.w.s.h.SimpleUrlHandlerMapping - Mapped to ResourceHttpRequestHandler [classpath [META-INF/resources/], classpath [resources/], classpath [static/], classpath [public/], ServletContext [/]]
2025-09-17 15:26:40 [http-nio-8080-exec-8] DEBUG o.s.web.servlet.DispatcherServlet - Completed 200 OK
2025-09-17 15:27:07 [http-nio-8080-exec-10] DEBUG o.s.web.servlet.DispatcherServlet - GET "/", parameters={}
2025-09-17 15:27:07 [http-nio-8080-exec-10] DEBUG o.s.w.s.v.ContentNegotiatingViewResolver - Selected 'text/html' given [text/html, application/xhtml+xml, image/avif, image/webp, image/apng, application/xml;q=0.9, */*;q=0.8, application/signed-exchange;v=b3;q=0.7]
2025-09-17 15:27:07 [http-nio-8080-exec-10] DEBUG o.s.w.s.view.InternalResourceView - View name 'forward:', model {}
2025-09-17 15:27:07 [http-nio-8080-exec-10] DEBUG o.s.w.s.view.InternalResourceView - Forwarding to [index.html]
2025-09-17 15:27:07 [http-nio-8080-exec-10] DEBUG o.s.web.servlet.DispatcherServlet - "FORWARD" dispatch for GET "/index.html", parameters={}
2025-09-17 15:27:07 [http-nio-8080-exec-10] DEBUG o.s.w.s.h.SimpleUrlHandlerMapping - Mapped to ResourceHttpRequestHandler [classpath [META-INF/resources/], classpath [resources/], classpath [static/], classpath [public/], ServletContext [/]]
2025-09-17 15:27:07 [http-nio-8080-exec-10] DEBUG o.s.web.servlet.DispatcherServlet - Exiting from "FORWARD" dispatch, status 200
2025-09-17 15:27:07 [http-nio-8080-exec-10] DEBUG o.s.web.servlet.DispatcherServlet - Completed 200 OK
2025-09-17 15:27:08 [http-nio-8080-exec-1] DEBUG o.s.web.servlet.DispatcherServlet - GET "/.well-known/appspecific/com.chrome.devtools.json", parameters={}
2025-09-17 15:27:08 [http-nio-8080-exec-1] DEBUG o.s.w.s.h.SimpleUrlHandlerMapping - Mapped to ResourceHttpRequestHandler [classpath [META-INF/resources/], classpath [resources/], classpath [static/], classpath [public/], ServletContext [/]]
2025-09-17 15:27:08 [http-nio-8080-exec-1] DEBUG o.s.w.s.r.ResourceHttpRequestHandler - Resource not found
2025-09-17 15:27:08 [http-nio-8080-exec-1] DEBUG o.s.w.s.m.m.a.ExceptionHandlerExceptionResolver - Using @ExceptionHandler com.example.DigitalWayfinder.exception.GlobalExceptionHandler#handleGenericException(Exception)
2025-09-17 15:27:08 [http-nio-8080-exec-1] ERROR c.e.D.e.GlobalExceptionHandler - Unexpected exception occurred: No static resource .well-known/appspecific/com.chrome.devtools.json.
org.springframework.web.servlet.resource.NoResourceFoundException: No static resource .well-known/appspecific/com.chrome.devtools.json.
	at org.springframework.web.servlet.resource.ResourceHttpRequestHandler.handleRequest(ResourceHttpRequestHandler.java:585)
	at org.springframework.web.servlet.mvc.HttpRequestHandlerAdapter.handle(HttpRequestHandlerAdapter.java:52)
	at org.springframework.web.servlet.DispatcherServlet.doDispatch(DispatcherServlet.java:1089)
	at org.springframework.web.servlet.DispatcherServlet.doService(DispatcherServlet.java:979)
	at org.springframework.web.servlet.FrameworkServlet.processRequest(FrameworkServlet.java:1014)
	at org.springframework.web.servlet.FrameworkServlet.doGet(FrameworkServlet.java:903)
	at jakarta.servlet.http.HttpServlet.service(HttpServlet.java:564)
	at org.springframework.web.servlet.FrameworkServlet.service(FrameworkServlet.java:885)
	at jakarta.servlet.http.HttpServlet.service(HttpServlet.java:658)
	at org.apache.catalina.core.ApplicationFilterChain.internalDoFilter(ApplicationFilterChain.java:206)
	at org.apache.catalina.core.ApplicationFilterChain.doFilter(ApplicationFilterChain.java:150)
	at org.apache.tomcat.websocket.server.WsFilter.doFilter(WsFilter.java:51)
	at org.apache.catalina.core.ApplicationFilterChain.internalDoFilter(ApplicationFilterChain.java:175)
	at org.apache.catalina.core.ApplicationFilterChain.doFilter(ApplicationFilterChain.java:150)
	at org.springframework.web.filter.RequestContextFilter.doFilterInternal(RequestContextFilter.java:100)
	at org.springframework.web.filter.OncePerRequestFilter.doFilter(OncePerRequestFilter.java:116)
	at org.apache.catalina.core.ApplicationFilterChain.internalDoFilter(ApplicationFilterChain.java:175)
	at org.apache.catalina.core.ApplicationFilterChain.doFilter(ApplicationFilterChain.java:150)
	at org.springframework.web.filter.FormContentFilter.doFilterInternal(FormContentFilter.java:93)
	at org.springframework.web.filter.OncePerRequestFilter.doFilter(OncePerRequestFilter.java:116)
	at org.apache.catalina.core.ApplicationFilterChain.internalDoFilter(ApplicationFilterChain.java:175)
	at org.apache.catalina.core.ApplicationFilterChain.doFilter(ApplicationFilterChain.java:150)
	at org.springframework.web.filter.ServerHttpObservationFilter.doFilterInternal(ServerHttpObservationFilter.java:109)
	at org.springframework.web.filter.OncePerRequestFilter.doFilter(OncePerRequestFilter.java:116)
	at org.apache.catalina.core.ApplicationFilterChain.internalDoFilter(ApplicationFilterChain.java:175)
	at org.apache.catalina.core.ApplicationFilterChain.doFilter(ApplicationFilterChain.java:150)
	at org.springframework.web.filter.CharacterEncodingFilter.doFilterInternal(CharacterEncodingFilter.java:201)
	at org.springframework.web.filter.OncePerRequestFilter.doFilter(OncePerRequestFilter.java:116)
	at org.apache.catalina.core.ApplicationFilterChain.internalDoFilter(ApplicationFilterChain.java:175)
	at org.apache.catalina.core.ApplicationFilterChain.doFilter(ApplicationFilterChain.java:150)
	at org.apache.catalina.core.StandardWrapperValve.invoke(StandardWrapperValve.java:167)
	at org.apache.catalina.core.StandardContextValve.invoke(StandardContextValve.java:90)
	at org.apache.catalina.authenticator.AuthenticatorBase.invoke(AuthenticatorBase.java:482)
	at org.apache.catalina.core.StandardHostValve.invoke(StandardHostValve.java:115)
	at org.apache.catalina.valves.ErrorReportValve.invoke(ErrorReportValve.java:93)
	at org.apache.catalina.core.StandardEngineValve.invoke(StandardEngineValve.java:74)
	at org.apache.catalina.connector.CoyoteAdapter.service(CoyoteAdapter.java:344)
	at org.apache.coyote.http11.Http11Processor.service(Http11Processor.java:391)
	at org.apache.coyote.AbstractProcessorLight.process(AbstractProcessorLight.java:63)
	at org.apache.coyote.AbstractProtocol$ConnectionHandler.process(AbstractProtocol.java:896)
	at org.apache.tomcat.util.net.NioEndpoint$SocketProcessor.doRun(NioEndpoint.java:1736)
	at org.apache.tomcat.util.net.SocketProcessorBase.run(SocketProcessorBase.java:52)
	at org.apache.tomcat.util.threads.ThreadPoolExecutor.runWorker(ThreadPoolExecutor.java:1191)
	at org.apache.tomcat.util.threads.ThreadPoolExecutor$Worker.run(ThreadPoolExecutor.java:659)
	at org.apache.tomcat.util.threads.TaskThread$WrappingRunnable.run(TaskThread.java:63)
	at java.base/java.lang.Thread.run(Thread.java:1570)
2025-09-17 15:27:08 [http-nio-8080-exec-1] DEBUG o.s.w.s.m.m.a.HttpEntityMethodProcessor - Using 'text/plain', given [*/*] and supported [text/plain, */*, application/json, application/*+json]
2025-09-17 15:27:08 [http-nio-8080-exec-1] DEBUG o.s.w.s.m.m.a.HttpEntityMethodProcessor - Writing ["An unexpected error occurred"]
2025-09-17 15:27:08 [http-nio-8080-exec-1] WARN  o.s.w.s.m.m.a.ExceptionHandlerExceptionResolver - Resolved [org.springframework.web.servlet.resource.NoResourceFoundException: No static resource .well-known/appspecific/com.chrome.devtools.json.]
2025-09-17 15:27:08 [http-nio-8080-exec-1] DEBUG o.s.web.servlet.DispatcherServlet - Completed 500 INTERNAL_SERVER_ERROR
2025-09-17 15:27:08 [http-nio-8080-exec-4] DEBUG o.s.web.servlet.DispatcherServlet - GET "/static/js/main.e86a041b.js", parameters={}
2025-09-17 15:27:08 [http-nio-8080-exec-4] DEBUG o.s.w.s.h.SimpleUrlHandlerMapping - Mapped to ResourceHttpRequestHandler [classpath [META-INF/resources/], classpath [resources/], classpath [static/], classpath [public/], ServletContext [/]]
2025-09-17 15:27:08 [http-nio-8080-exec-5] DEBUG o.s.web.servlet.DispatcherServlet - GET "/static/css/main.9d9a0e93.css", parameters={}
2025-09-17 15:27:08 [http-nio-8080-exec-5] DEBUG o.s.w.s.h.SimpleUrlHandlerMapping - Mapped to ResourceHttpRequestHandler [classpath [META-INF/resources/], classpath [resources/], classpath [static/], classpath [public/], ServletContext [/]]
2025-09-17 15:27:08 [http-nio-8080-exec-5] DEBUG o.s.web.servlet.DispatcherServlet - Completed 200 OK
2025-09-17 15:27:08 [http-nio-8080-exec-4] DEBUG o.s.web.servlet.DispatcherServlet - Completed 200 OK
2025-09-17 15:27:08 [http-nio-8080-exec-6] DEBUG o.s.web.servlet.DispatcherServlet - GET "/static/css/main.9d9a0e93.css.map", parameters={}
2025-09-17 15:27:08 [http-nio-8080-exec-6] DEBUG o.s.w.s.h.SimpleUrlHandlerMapping - Mapped to ResourceHttpRequestHandler [classpath [META-INF/resources/], classpath [resources/], classpath [static/], classpath [public/], ServletContext [/]]
2025-09-17 15:27:08 [http-nio-8080-exec-6] DEBUG o.s.web.servlet.DispatcherServlet - Completed 200 OK
2025-09-17 15:27:08 [http-nio-8080-exec-2] DEBUG o.s.web.servlet.DispatcherServlet - GET "/static/js/main.e86a041b.js.map", parameters={}
2025-09-17 15:27:08 [http-nio-8080-exec-2] DEBUG o.s.w.s.h.SimpleUrlHandlerMapping - Mapped to ResourceHttpRequestHandler [classpath [META-INF/resources/], classpath [resources/], classpath [static/], classpath [public/], ServletContext [/]]
2025-09-17 15:27:08 [http-nio-8080-exec-2] DEBUG o.s.web.servlet.DispatcherServlet - Completed 200 OK
2025-09-17 15:27:08 [http-nio-8080-exec-7] DEBUG o.s.web.servlet.DispatcherServlet - GET "/static/media/logo.2dfd99a2aed3f920a263.png", parameters={}
2025-09-17 15:27:08 [http-nio-8080-exec-7] DEBUG o.s.w.s.h.SimpleUrlHandlerMapping - Mapped to ResourceHttpRequestHandler [classpath [META-INF/resources/], classpath [resources/], classpath [static/], classpath [public/], ServletContext [/]]
2025-09-17 15:27:08 [http-nio-8080-exec-9] DEBUG o.s.web.servlet.DispatcherServlet - GET "/static/media/Row8-Stocksy_txpaa54b8f6L2q300_OriginalDelivery_4364319.d22bd690ca4ef70ee85c.jpg", parameters={}
2025-09-17 15:27:08 [http-nio-8080-exec-7] DEBUG o.s.web.servlet.DispatcherServlet - Completed 200 OK
2025-09-17 15:27:08 [http-nio-8080-exec-9] DEBUG o.s.w.s.h.SimpleUrlHandlerMapping - Mapped to ResourceHttpRequestHandler [classpath [META-INF/resources/], classpath [resources/], classpath [static/], classpath [public/], ServletContext [/]]
2025-09-17 15:27:08 [http-nio-8080-exec-3] DEBUG o.s.web.servlet.DispatcherServlet - GET "/favicon.ico", parameters={}
2025-09-17 15:27:08 [http-nio-8080-exec-8] DEBUG o.s.web.servlet.DispatcherServlet - GET "/manifest.json", parameters={}
2025-09-17 15:27:08 [http-nio-8080-exec-8] DEBUG o.s.w.s.h.SimpleUrlHandlerMapping - Mapped to ResourceHttpRequestHandler [classpath [META-INF/resources/], classpath [resources/], classpath [static/], classpath [public/], ServletContext [/]]
2025-09-17 15:27:08 [http-nio-8080-exec-3] DEBUG o.s.w.s.h.SimpleUrlHandlerMapping - Mapped to ResourceHttpRequestHandler [classpath [META-INF/resources/], classpath [resources/], classpath [static/], classpath [public/], ServletContext [/]]
2025-09-17 15:27:08 [http-nio-8080-exec-8] DEBUG o.s.web.servlet.DispatcherServlet - Completed 200 OK
2025-09-17 15:27:08 [http-nio-8080-exec-3] DEBUG o.s.web.servlet.DispatcherServlet - Completed 200 OK
2025-09-17 15:27:08 [http-nio-8080-exec-10] DEBUG o.s.web.servlet.DispatcherServlet - GET "/logo192.png", parameters={}
2025-09-17 15:27:08 [http-nio-8080-exec-10] DEBUG o.s.w.s.h.SimpleUrlHandlerMapping - Mapped to ResourceHttpRequestHandler [classpath [META-INF/resources/], classpath [resources/], classpath [static/], classpath [public/], ServletContext [/]]
2025-09-17 15:27:08 [http-nio-8080-exec-10] DEBUG o.s.web.servlet.DispatcherServlet - Completed 200 OK
2025-09-17 15:27:08 [http-nio-8080-exec-9] DEBUG o.s.web.servlet.DispatcherServlet - Completed 200 OK
2025-09-17 15:27:09 [http-nio-8080-exec-1] DEBUG o.s.web.servlet.DispatcherServlet - GET "/static/media/Row8-Stocksy_txpaa54b8f6L2q300_OriginalDelivery_4364319.d22bd690ca4ef70ee85c.jpg", parameters={}
2025-09-17 15:27:09 [http-nio-8080-exec-1] DEBUG o.s.w.s.h.SimpleUrlHandlerMapping - Mapped to ResourceHttpRequestHandler [classpath [META-INF/resources/], classpath [resources/], classpath [static/], classpath [public/], ServletContext [/]]
2025-09-17 15:27:10 [http-nio-8080-exec-1] DEBUG o.s.web.servlet.DispatcherServlet - Completed 200 OK
2025-09-17 15:27:10 [http-nio-8080-exec-5] DEBUG o.s.web.servlet.DispatcherServlet - GET "/api/decision-tree/project-info/get", parameters={}
2025-09-17 15:27:10 [http-nio-8080-exec-5] DEBUG o.s.w.s.h.SimpleUrlHandlerMapping - Mapped to ResourceHttpRequestHandler [classpath [META-INF/resources/], classpath [resources/], classpath [static/], classpath [public/], ServletContext [/]]
2025-09-17 15:27:10 [http-nio-8080-exec-5] DEBUG o.s.w.s.r.ResourceHttpRequestHandler - Resource not found
2025-09-17 15:27:10 [http-nio-8080-exec-5] DEBUG o.s.w.s.m.m.a.ExceptionHandlerExceptionResolver - Using @ExceptionHandler com.example.DigitalWayfinder.exception.GlobalExceptionHandler#handleGenericException(Exception)
2025-09-17 15:27:10 [http-nio-8080-exec-5] ERROR c.e.D.e.GlobalExceptionHandler - Unexpected exception occurred: No static resource api/decision-tree/project-info/get.
org.springframework.web.servlet.resource.NoResourceFoundException: No static resource api/decision-tree/project-info/get.
	at org.springframework.web.servlet.resource.ResourceHttpRequestHandler.handleRequest(ResourceHttpRequestHandler.java:585)
	at org.springframework.web.servlet.mvc.HttpRequestHandlerAdapter.handle(HttpRequestHandlerAdapter.java:52)
	at org.springframework.web.servlet.DispatcherServlet.doDispatch(DispatcherServlet.java:1089)
	at org.springframework.web.servlet.DispatcherServlet.doService(DispatcherServlet.java:979)
	at org.springframework.web.servlet.FrameworkServlet.processRequest(FrameworkServlet.java:1014)
	at org.springframework.web.servlet.FrameworkServlet.doGet(FrameworkServlet.java:903)
	at jakarta.servlet.http.HttpServlet.service(HttpServlet.java:564)
	at org.springframework.web.servlet.FrameworkServlet.service(FrameworkServlet.java:885)
	at jakarta.servlet.http.HttpServlet.service(HttpServlet.java:658)
	at org.apache.catalina.core.ApplicationFilterChain.internalDoFilter(ApplicationFilterChain.java:206)
	at org.apache.catalina.core.ApplicationFilterChain.doFilter(ApplicationFilterChain.java:150)
	at org.apache.tomcat.websocket.server.WsFilter.doFilter(WsFilter.java:51)
	at org.apache.catalina.core.ApplicationFilterChain.internalDoFilter(ApplicationFilterChain.java:175)
	at org.apache.catalina.core.ApplicationFilterChain.doFilter(ApplicationFilterChain.java:150)
	at org.springframework.web.filter.RequestContextFilter.doFilterInternal(RequestContextFilter.java:100)
	at org.springframework.web.filter.OncePerRequestFilter.doFilter(OncePerRequestFilter.java:116)
	at org.apache.catalina.core.ApplicationFilterChain.internalDoFilter(ApplicationFilterChain.java:175)
	at org.apache.catalina.core.ApplicationFilterChain.doFilter(ApplicationFilterChain.java:150)
	at org.springframework.web.filter.FormContentFilter.doFilterInternal(FormContentFilter.java:93)
	at org.springframework.web.filter.OncePerRequestFilter.doFilter(OncePerRequestFilter.java:116)
	at org.apache.catalina.core.ApplicationFilterChain.internalDoFilter(ApplicationFilterChain.java:175)
	at org.apache.catalina.core.ApplicationFilterChain.doFilter(ApplicationFilterChain.java:150)
	at org.springframework.web.filter.ServerHttpObservationFilter.doFilterInternal(ServerHttpObservationFilter.java:109)
	at org.springframework.web.filter.OncePerRequestFilter.doFilter(OncePerRequestFilter.java:116)
	at org.apache.catalina.core.ApplicationFilterChain.internalDoFilter(ApplicationFilterChain.java:175)
	at org.apache.catalina.core.ApplicationFilterChain.doFilter(ApplicationFilterChain.java:150)
	at org.springframework.web.filter.CharacterEncodingFilter.doFilterInternal(CharacterEncodingFilter.java:201)
	at org.springframework.web.filter.OncePerRequestFilter.doFilter(OncePerRequestFilter.java:116)
	at org.apache.catalina.core.ApplicationFilterChain.internalDoFilter(ApplicationFilterChain.java:175)
	at org.apache.catalina.core.ApplicationFilterChain.doFilter(ApplicationFilterChain.java:150)
	at org.apache.catalina.core.StandardWrapperValve.invoke(StandardWrapperValve.java:167)
	at org.apache.catalina.core.StandardContextValve.invoke(StandardContextValve.java:90)
	at org.apache.catalina.authenticator.AuthenticatorBase.invoke(AuthenticatorBase.java:482)
	at org.apache.catalina.core.StandardHostValve.invoke(StandardHostValve.java:115)
	at org.apache.catalina.valves.ErrorReportValve.invoke(ErrorReportValve.java:93)
	at org.apache.catalina.core.StandardEngineValve.invoke(StandardEngineValve.java:74)
	at org.apache.catalina.connector.CoyoteAdapter.service(CoyoteAdapter.java:344)
	at org.apache.coyote.http11.Http11Processor.service(Http11Processor.java:391)
	at org.apache.coyote.AbstractProcessorLight.process(AbstractProcessorLight.java:63)
	at org.apache.coyote.AbstractProtocol$ConnectionHandler.process(AbstractProtocol.java:896)
	at org.apache.tomcat.util.net.NioEndpoint$SocketProcessor.doRun(NioEndpoint.java:1736)
	at org.apache.tomcat.util.net.SocketProcessorBase.run(SocketProcessorBase.java:52)
	at org.apache.tomcat.util.threads.ThreadPoolExecutor.runWorker(ThreadPoolExecutor.java:1191)
	at org.apache.tomcat.util.threads.ThreadPoolExecutor$Worker.run(ThreadPoolExecutor.java:659)
	at org.apache.tomcat.util.threads.TaskThread$WrappingRunnable.run(TaskThread.java:63)
	at java.base/java.lang.Thread.run(Thread.java:1570)
2025-09-17 15:27:10 [http-nio-8080-exec-5] DEBUG o.s.w.s.m.m.a.HttpEntityMethodProcessor - Using 'text/plain', given [*/*] and supported [text/plain, */*, application/json, application/*+json]
2025-09-17 15:27:10 [http-nio-8080-exec-5] DEBUG o.s.w.s.m.m.a.HttpEntityMethodProcessor - Writing ["An unexpected error occurred"]
2025-09-17 15:27:10 [http-nio-8080-exec-5] WARN  o.s.w.s.m.m.a.ExceptionHandlerExceptionResolver - Resolved [org.springframework.web.servlet.resource.NoResourceFoundException: No static resource api/decision-tree/project-info/get.]
2025-09-17 15:27:10 [http-nio-8080-exec-5] DEBUG o.s.web.servlet.DispatcherServlet - Completed 500 INTERNAL_SERVER_ERROR
2025-09-17 15:27:11 [http-nio-8080-exec-4] DEBUG o.s.web.servlet.DispatcherServlet - GET "/static/media/dashboard.fc64719693ae8c17e7c5.png", parameters={}
2025-09-17 15:27:11 [http-nio-8080-exec-4] DEBUG o.s.w.s.h.SimpleUrlHandlerMapping - Mapped to ResourceHttpRequestHandler [classpath [META-INF/resources/], classpath [resources/], classpath [static/], classpath [public/], ServletContext [/]]
2025-09-17 15:27:11 [http-nio-8080-exec-4] DEBUG o.s.web.servlet.DispatcherServlet - Completed 200 OK
2025-09-17 15:27:15 [http-nio-8080-exec-6] DEBUG o.s.web.servlet.DispatcherServlet - POST "/api/decision-tree/project-info/save", parameters={}
2025-09-17 15:27:15 [http-nio-8080-exec-6] DEBUG o.s.w.s.m.m.a.RequestMappingHandlerMapping - Mapped to com.example.DigitalWayfinder.controller.ProjectInfoController#saveProjectInfo(ProjectInfoRequest, UserSession)
2025-09-17 15:27:15 [http-nio-8080-exec-6] DEBUG o.s.w.s.m.m.a.RequestResponseBodyMethodProcessor - Read "application/json;charset=UTF-8" to [ProjectInfoRequest(projectType=internal, requestID=1234, clientName=rqwerwf, clientDescription=, pro (truncated)...]
2025-09-17 15:27:15 [http-nio-8080-exec-6] INFO  c.e.D.c.ProjectInfoController - Received request to save project info: 1234 for user: USER-FCB38E31 in session: 77D27EF9C20E87C35B9CFB683258F415
2025-09-17 15:27:16 [http-nio-8080-exec-6] INFO  c.e.D.service.ProjectInfoService - Processing project info for request ID: 1234 by user: USER-FCB38E31 in session: 77D27EF9C20E87C35B9CFB683258F415
2025-09-17 15:27:16 [http-nio-8080-exec-6] DEBUG org.hibernate.SQL - 
    select
        pt1_0.id,
        pt1_0.ClientDescription,
        pt1_0.ClientName,
        pt1_0.CreatedDate,
        pt1_0.ProjectScope,
        pt1_0.ProjectType,
        pt1_0.RequestID,
        pt1_0.SessionID,
        pt1_0.UserID 
    from
        ProjectType pt1_0 
    where
        pt1_0.UserID=? 
        and pt1_0.SessionID=?
2025-09-17 15:27:16 [http-nio-8080-exec-6] INFO  c.e.D.service.ProjectInfoService - Updating existing project with ID: 219
2025-09-17 15:27:16 [http-nio-8080-exec-6] INFO  c.e.D.service.ProjectInfoService - Project information updated successfully with ID: 219
2025-09-17 15:27:17 [http-nio-8080-exec-6] DEBUG o.s.w.s.m.m.a.HttpEntityMethodProcessor - Using 'application/json', given [*/*] and supported [application/json, application/*+json]
2025-09-17 15:27:17 [http-nio-8080-exec-6] DEBUG o.s.w.s.m.m.a.HttpEntityMethodProcessor - Writing [ProjectInfoResponse(id=219, userID=USER-FCB38E31, projectType=internal, requestID=1234, clientName=r (truncated)...]
2025-09-17 15:27:17 [http-nio-8080-exec-6] DEBUG o.s.web.servlet.DispatcherServlet - Completed 200 OK
2025-09-17 15:27:17 [http-nio-8080-exec-2] DEBUG o.s.web.servlet.DispatcherServlet - GET "/static/media/dashboard.fc64719693ae8c17e7c5.png", parameters={}
2025-09-17 15:27:17 [http-nio-8080-exec-3] DEBUG o.s.web.servlet.DispatcherServlet - GET "/static/media/supply-chain-fulfillment.6dc3aaa89826c6c2506e.png", parameters={}
2025-09-17 15:27:17 [http-nio-8080-exec-2] DEBUG o.s.w.s.h.SimpleUrlHandlerMapping - Mapped to ResourceHttpRequestHandler [classpath [META-INF/resources/], classpath [resources/], classpath [static/], classpath [public/], ServletContext [/]]
2025-09-17 15:27:17 [http-nio-8080-exec-7] DEBUG o.s.web.servlet.DispatcherServlet - GET "/static/media/supply-chain-planning.e00cda5f9f556d0f2f7b.png", parameters={}
2025-09-17 15:27:17 [http-nio-8080-exec-3] DEBUG o.s.w.s.h.SimpleUrlHandlerMapping - Mapped to ResourceHttpRequestHandler [classpath [META-INF/resources/], classpath [resources/], classpath [static/], classpath [public/], ServletContext [/]]
2025-09-17 15:27:17 [http-nio-8080-exec-7] DEBUG o.s.w.s.h.SimpleUrlHandlerMapping - Mapped to ResourceHttpRequestHandler [classpath [META-INF/resources/], classpath [resources/], classpath [static/], classpath [public/], ServletContext [/]]
2025-09-17 15:27:17 [http-nio-8080-exec-3] DEBUG o.s.web.servlet.DispatcherServlet - Completed 200 OK
2025-09-17 15:27:17 [http-nio-8080-exec-2] DEBUG o.s.web.servlet.DispatcherServlet - Completed 200 OK
2025-09-17 15:27:17 [http-nio-8080-exec-7] DEBUG o.s.web.servlet.DispatcherServlet - Completed 200 OK
2025-09-17 15:27:17 [http-nio-8080-exec-8] DEBUG o.s.web.servlet.DispatcherServlet - GET "/static/media/supply-chain-fulfillment.6dc3aaa89826c6c2506e.png", parameters={}
2025-09-17 15:27:17 [http-nio-8080-exec-8] DEBUG o.s.w.s.h.SimpleUrlHandlerMapping - Mapped to ResourceHttpRequestHandler [classpath [META-INF/resources/], classpath [resources/], classpath [static/], classpath [public/], ServletContext [/]]
2025-09-17 15:27:17 [http-nio-8080-exec-8] DEBUG o.s.web.servlet.DispatcherServlet - Completed 200 OK
2025-09-17 15:27:17 [http-nio-8080-exec-10] DEBUG o.s.web.servlet.DispatcherServlet - GET "/static/media/supply-chain-planning.e00cda5f9f556d0f2f7b.png", parameters={}
2025-09-17 15:27:17 [http-nio-8080-exec-10] DEBUG o.s.w.s.h.SimpleUrlHandlerMapping - Mapped to ResourceHttpRequestHandler [classpath [META-INF/resources/], classpath [resources/], classpath [static/], classpath [public/], ServletContext [/]]
2025-09-17 15:27:17 [http-nio-8080-exec-10] DEBUG o.s.web.servlet.DispatcherServlet - Completed 200 OK
2025-09-17 15:27:19 [http-nio-8080-exec-1] DEBUG o.s.web.servlet.DispatcherServlet - GET "/static/media/warehouse-management.0fed6bc421ff6a0d0bb2.png", parameters={}
2025-09-17 15:27:19 [http-nio-8080-exec-4] DEBUG o.s.web.servlet.DispatcherServlet - GET "/static/media/transportation-management.441e7de72d119d4043ce.png", parameters={}
2025-09-17 15:27:19 [http-nio-8080-exec-5] DEBUG o.s.web.servlet.DispatcherServlet - GET "/static/media/order-management.f7bd9a2446beb26e5bc1.png", parameters={}
2025-09-17 15:27:19 [http-nio-8080-exec-9] DEBUG o.s.web.servlet.DispatcherServlet - GET "/static/media/dashboard.fc64719693ae8c17e7c5.png", parameters={}
2025-09-17 15:27:19 [http-nio-8080-exec-4] DEBUG o.s.w.s.h.SimpleUrlHandlerMapping - Mapped to ResourceHttpRequestHandler [classpath [META-INF/resources/], classpath [resources/], classpath [static/], classpath [public/], ServletContext [/]]
2025-09-17 15:27:19 [http-nio-8080-exec-1] DEBUG o.s.w.s.h.SimpleUrlHandlerMapping - Mapped to ResourceHttpRequestHandler [classpath [META-INF/resources/], classpath [resources/], classpath [static/], classpath [public/], ServletContext [/]]
2025-09-17 15:27:19 [http-nio-8080-exec-5] DEBUG o.s.w.s.h.SimpleUrlHandlerMapping - Mapped to ResourceHttpRequestHandler [classpath [META-INF/resources/], classpath [resources/], classpath [static/], classpath [public/], ServletContext [/]]
2025-09-17 15:27:19 [http-nio-8080-exec-9] DEBUG o.s.w.s.h.SimpleUrlHandlerMapping - Mapped to ResourceHttpRequestHandler [classpath [META-INF/resources/], classpath [resources/], classpath [static/], classpath [public/], ServletContext [/]]
2025-09-17 15:27:19 [http-nio-8080-exec-5] DEBUG o.s.web.servlet.DispatcherServlet - Completed 200 OK
2025-09-17 15:27:19 [http-nio-8080-exec-1] DEBUG o.s.web.servlet.DispatcherServlet - Completed 200 OK
2025-09-17 15:27:19 [http-nio-8080-exec-9] DEBUG o.s.web.servlet.DispatcherServlet - Completed 200 OK
2025-09-17 15:27:19 [http-nio-8080-exec-6] DEBUG o.s.web.servlet.DispatcherServlet - GET "/static/media/warehouse-management.0fed6bc421ff6a0d0bb2.png", parameters={}
2025-09-17 15:27:19 [http-nio-8080-exec-6] DEBUG o.s.w.s.h.SimpleUrlHandlerMapping - Mapped to ResourceHttpRequestHandler [classpath [META-INF/resources/], classpath [resources/], classpath [static/], classpath [public/], ServletContext [/]]
2025-09-17 15:27:19 [http-nio-8080-exec-2] DEBUG o.s.web.servlet.DispatcherServlet - GET "/static/media/order-management.f7bd9a2446beb26e5bc1.png", parameters={}
2025-09-17 15:27:19 [http-nio-8080-exec-2] DEBUG o.s.w.s.h.SimpleUrlHandlerMapping - Mapped to ResourceHttpRequestHandler [classpath [META-INF/resources/], classpath [resources/], classpath [static/], classpath [public/], ServletContext [/]]
2025-09-17 15:27:19 [http-nio-8080-exec-2] DEBUG o.s.web.servlet.DispatcherServlet - Completed 200 OK
2025-09-17 15:27:19 [http-nio-8080-exec-6] DEBUG o.s.web.servlet.DispatcherServlet - Completed 200 OK
2025-09-17 15:27:19 [http-nio-8080-exec-4] DEBUG o.s.web.servlet.DispatcherServlet - Completed 200 OK
2025-09-17 15:27:20 [http-nio-8080-exec-3] DEBUG o.s.web.servlet.DispatcherServlet - GET "/static/media/transportation-management.441e7de72d119d4043ce.png", parameters={}
2025-09-17 15:27:20 [http-nio-8080-exec-3] DEBUG o.s.w.s.h.SimpleUrlHandlerMapping - Mapped to ResourceHttpRequestHandler [classpath [META-INF/resources/], classpath [resources/], classpath [static/], classpath [public/], ServletContext [/]]
2025-09-17 15:27:21 [http-nio-8080-exec-3] DEBUG o.s.web.servlet.DispatcherServlet - Completed 200 OK
2025-09-17 15:27:22 [http-nio-8080-exec-7] DEBUG o.s.web.servlet.DispatcherServlet - GET "/static/media/dashboard.fc64719693ae8c17e7c5.png", parameters={}
2025-09-17 15:27:22 [http-nio-8080-exec-7] DEBUG o.s.w.s.h.SimpleUrlHandlerMapping - Mapped to ResourceHttpRequestHandler [classpath [META-INF/resources/], classpath [resources/], classpath [static/], classpath [public/], ServletContext [/]]
2025-09-17 15:27:22 [http-nio-8080-exec-7] DEBUG o.s.web.servlet.DispatcherServlet - Completed 200 OK
2025-09-17 15:27:22 [http-nio-8080-exec-10] DEBUG o.s.web.servlet.DispatcherServlet - GET "/static/media/Blueyonder.58d4f4950656f6f8b79e.png", parameters={}
2025-09-17 15:27:22 [http-nio-8080-exec-8] DEBUG o.s.web.servlet.DispatcherServlet - GET "/static/media/SAP.85bae5998550b4e2f11a.jpg", parameters={}
2025-09-17 15:27:22 [http-nio-8080-exec-10] DEBUG o.s.w.s.h.SimpleUrlHandlerMapping - Mapped to ResourceHttpRequestHandler [classpath [META-INF/resources/], classpath [resources/], classpath [static/], classpath [public/], ServletContext [/]]
2025-09-17 15:27:22 [http-nio-8080-exec-8] DEBUG o.s.w.s.h.SimpleUrlHandlerMapping - Mapped to ResourceHttpRequestHandler [classpath [META-INF/resources/], classpath [resources/], classpath [static/], classpath [public/], ServletContext [/]]
2025-09-17 15:27:22 [http-nio-8080-exec-10] DEBUG o.s.web.servlet.DispatcherServlet - Completed 200 OK
2025-09-17 15:27:22 [http-nio-8080-exec-8] DEBUG o.s.web.servlet.DispatcherServlet - Completed 200 OK
2025-09-17 15:27:26 [http-nio-8080-exec-5] DEBUG o.s.web.servlet.DispatcherServlet - GET "/api/digital-wayfinder/questionnaire/data-cloud/get-questions?functionalSubArea=Industry%20Agnostic", parameters={masked}
2025-09-17 15:27:26 [http-nio-8080-exec-5] DEBUG o.s.w.s.m.m.a.RequestMappingHandlerMapping - Mapped to com.example.DigitalWayfinder.controller.QuestionnaireController#getDataCloudQuestions(String, UserSession)
2025-09-17 15:27:26 [http-nio-8080-exec-5] INFO  c.e.D.c.QuestionnaireController - Received request for Data & Cloud questions - functionalSubArea: Industry Agnostic, user: USER-FCB38E31, session: 77D27EF9C20E87C35B9CFB683258F415
2025-09-17 15:27:26 [http-nio-8080-exec-5] INFO  c.e.D.service.QuestionnaireService - Fetching questions for functionalSubArea: Industry Agnostic, category: Data & Cloud, userId: USER-FCB38E31, sessionId: 77D27EF9C20E87C35B9CFB683258F415
2025-09-17 15:27:26 [http-nio-8080-exec-5] INFO  c.e.D.service.QuestionnaireService - Fetching questions from Planning table for industry type: Industry Agnostic and category: Data & Cloud
2025-09-17 15:27:26 [http-nio-8080-exec-5] DEBUG org.hibernate.SQL - 
    select
        pq1_0.category,
        pq1_0.question,
        pq1_0.[Answer Type] 
    from
        Planning_Questionnaire pq1_0 
    where
        pq1_0.category=?
2025-09-17 15:27:26 [http-nio-8080-exec-5] INFO  c.e.D.service.QuestionnaireService - Successfully fetched 4 Planning questions for industry type: Industry Agnostic and category: Data & Cloud
2025-09-17 15:27:26 [http-nio-8080-exec-5] INFO  c.e.D.c.QuestionnaireController - Successfully returning questions for functionalSubArea: Industry Agnostic
2025-09-17 15:27:26 [http-nio-8080-exec-5] DEBUG o.s.w.s.m.m.a.HttpEntityMethodProcessor - Using 'application/json', given [*/*] and supported [application/json, application/*+json]
2025-09-17 15:27:26 [http-nio-8080-exec-5] DEBUG o.s.w.s.m.m.a.HttpEntityMethodProcessor - Writing [QuestionnaireResponse(userId=USER-FCB38E31, sessionId=77D27EF9C20E87C35B9CFB683258F415, functionalSu (truncated)...]
2025-09-17 15:27:26 [http-nio-8080-exec-5] DEBUG o.s.web.servlet.DispatcherServlet - Completed 200 OK
2025-09-17 15:27:34 [http-nio-8080-exec-1] DEBUG o.s.web.servlet.DispatcherServlet - POST "/api/digital-wayfinder/questionnaire/data-cloud/save-answers", parameters={}
2025-09-17 15:27:34 [http-nio-8080-exec-1] DEBUG o.s.w.s.m.m.a.RequestMappingHandlerMapping - Mapped to com.example.DigitalWayfinder.controller.QuestionnaireController#saveDataCloudAnswers(SaveAnswersRequest, UserSession)
2025-09-17 15:27:34 [http-nio-8080-exec-1] DEBUG o.s.w.s.m.m.a.RequestResponseBodyMethodProcessor - Read "application/json;charset=UTF-8" to [SaveAnswersRequest(functionalArea=Supply Chain Fulfillment, functionalSubArea=Industry Agnostic, ans (truncated)...]
2025-09-17 15:27:34 [http-nio-8080-exec-1] INFO  c.e.D.c.QuestionnaireController - Received request to save Data & Cloud answers - user: USER-FCB38E31, session: 77D27EF9C20E87C35B9CFB683258F415
2025-09-17 15:27:34 [http-nio-8080-exec-1] INFO  c.e.D.service.QuestionnaireService - Saving answers for category: Data & Cloud, userId: USER-FCB38E31, sessionId: 77D27EF9C20E87C35B9CFB683258F415
2025-09-17 15:27:34 [http-nio-8080-exec-1] INFO  c.e.D.service.QuestionnaireService - Using provided session - User: USER-FCB38E31, Session: 77D27EF9C20E87C35B9CFB683258F415
2025-09-17 15:27:34 [http-nio-8080-exec-1] DEBUG org.hibernate.SQL - 
    select
        d1_0.id,
        d1_0.Category,
        d1_0.FunctionalArea,
        d1_0.FunctionalSubArea,
        d1_0.Question,
        d1_0.ResponseType,
        d1_0.SessionID,
        d1_0.UserID 
    from
        DWQuestions d1_0 
    where
        d1_0.UserID=? 
        and d1_0.SessionID=? 
        and d1_0.Category=? 
        and d1_0.Question=?
2025-09-17 15:27:35 [http-nio-8080-exec-1] DEBUG org.hibernate.SQL - 
    select
        d1_0.id,
        d1_0.Category,
        d1_0.FunctionalArea,
        d1_0.FunctionalSubArea,
        d1_0.Question,
        d1_0.ResponseType,
        d1_0.SessionID,
        d1_0.UserID 
    from
        DWQuestions d1_0 
    where
        d1_0.UserID=? 
        and d1_0.SessionID=? 
        and d1_0.Category=? 
        and d1_0.Question=?
2025-09-17 15:27:36 [http-nio-8080-exec-1] DEBUG org.hibernate.SQL - 
    select
        d1_0.id,
        d1_0.Category,
        d1_0.FunctionalArea,
        d1_0.FunctionalSubArea,
        d1_0.Question,
        d1_0.ResponseType,
        d1_0.SessionID,
        d1_0.UserID 
    from
        DWQuestions d1_0 
    where
        d1_0.UserID=? 
        and d1_0.SessionID=? 
        and d1_0.Category=? 
        and d1_0.Question=?
2025-09-17 15:27:37 [http-nio-8080-exec-1] DEBUG org.hibernate.SQL - 
    update
        DWQuestions 
    set
        Category=?,
        FunctionalArea=?,
        FunctionalSubArea=?,
        Question=?,
        ResponseType=?,
        SessionID=?,
        UserID=? 
    where
        id=?
2025-09-17 15:27:38 [http-nio-8080-exec-1] DEBUG org.hibernate.SQL - 
    select
        d1_0.id,
        d1_0.Category,
        d1_0.FunctionalArea,
        d1_0.FunctionalSubArea,
        d1_0.Question,
        d1_0.ResponseType,
        d1_0.SessionID,
        d1_0.UserID 
    from
        DWQuestions d1_0 
    where
        d1_0.UserID=? 
        and d1_0.SessionID=? 
        and d1_0.Category=? 
        and d1_0.Question=?
2025-09-17 15:27:39 [http-nio-8080-exec-1] INFO  c.e.D.service.QuestionnaireService - Successfully saved 4 answers for category: Data & Cloud with session: 77D27EF9C20E87C35B9CFB683258F415
2025-09-17 15:27:39 [http-nio-8080-exec-1] INFO  c.e.D.c.QuestionnaireController - Successfully saved 4 Data & Cloud answers
2025-09-17 15:27:39 [http-nio-8080-exec-1] DEBUG o.s.w.s.m.m.a.HttpEntityMethodProcessor - Using 'application/json', given [*/*] and supported [application/json, application/*+json]
2025-09-17 15:27:39 [http-nio-8080-exec-1] DEBUG o.s.w.s.m.m.a.HttpEntityMethodProcessor - Writing [SaveAnswersResponse(userId=USER-FCB38E31, sessionId=77D27EF9C20E87C35B9CFB683258F415, functionalArea (truncated)...]
2025-09-17 15:27:39 [http-nio-8080-exec-1] DEBUG o.s.web.servlet.DispatcherServlet - Completed 201 CREATED
2025-09-17 15:27:39 [http-nio-8080-exec-9] DEBUG o.s.web.servlet.DispatcherServlet - GET "/api/digital-wayfinder/questionnaire/operational-innovations/get-questions?functionalSubArea=Industry%20Agnostic", parameters={masked}
2025-09-17 15:27:39 [http-nio-8080-exec-9] DEBUG o.s.w.s.m.m.a.RequestMappingHandlerMapping - Mapped to com.example.DigitalWayfinder.controller.QuestionnaireController#getOperationalInnovationsQuestions(String, UserSession)
2025-09-17 15:27:39 [http-nio-8080-exec-9] INFO  c.e.D.c.QuestionnaireController - Received request for Operational Innovations questions - functionalSubArea: Industry Agnostic, user: USER-FCB38E31, session: 77D27EF9C20E87C35B9CFB683258F415
2025-09-17 15:27:39 [http-nio-8080-exec-9] INFO  c.e.D.service.QuestionnaireService - Fetching questions for functionalSubArea: Industry Agnostic, category: Operational Innovations, userId: USER-FCB38E31, sessionId: 77D27EF9C20E87C35B9CFB683258F415
2025-09-17 15:27:39 [http-nio-8080-exec-9] INFO  c.e.D.service.QuestionnaireService - Fetching questions from Planning table for industry type: Industry Agnostic and category: Operational Innovations
2025-09-17 15:27:39 [http-nio-8080-exec-9] DEBUG org.hibernate.SQL - 
    select
        pq1_0.category,
        pq1_0.question,
        pq1_0.[Answer Type] 
    from
        Planning_Questionnaire pq1_0 
    where
        pq1_0.category=?
2025-09-17 15:27:39 [http-nio-8080-exec-9] INFO  c.e.D.service.QuestionnaireService - Successfully fetched 14 Planning questions for industry type: Industry Agnostic and category: Operational Innovations
2025-09-17 15:27:39 [http-nio-8080-exec-9] INFO  c.e.D.c.QuestionnaireController - Successfully returning questions for functionalSubArea: Industry Agnostic
2025-09-17 15:27:39 [http-nio-8080-exec-9] DEBUG o.s.w.s.m.m.a.HttpEntityMethodProcessor - Using 'application/json', given [*/*] and supported [application/json, application/*+json]
2025-09-17 15:27:39 [http-nio-8080-exec-9] DEBUG o.s.w.s.m.m.a.HttpEntityMethodProcessor - Writing [QuestionnaireResponse(userId=USER-FCB38E31, sessionId=77D27EF9C20E87C35B9CFB683258F415, functionalSu (truncated)...]
2025-09-17 15:27:39 [http-nio-8080-exec-9] DEBUG o.s.web.servlet.DispatcherServlet - Completed 200 OK
2025-09-17 15:27:39 [http-nio-8080-exec-2] DEBUG o.s.web.servlet.DispatcherServlet - GET "/api/digital-wayfinder/questionnaire/data-cloud/get-answers?functionalSubArea=Industry%20Agnostic", parameters={masked}
2025-09-17 15:27:39 [http-nio-8080-exec-2] DEBUG o.s.w.s.m.m.a.RequestMappingHandlerMapping - Mapped to com.example.DigitalWayfinder.controller.QuestionnaireController#getDataCloudAnswers(UserSession)
2025-09-17 15:27:39 [http-nio-8080-exec-2] INFO  c.e.D.c.QuestionnaireController - Received request for Data & Cloud answers - user: USER-FCB38E31, session: 77D27EF9C20E87C35B9CFB683258F415
2025-09-17 15:27:39 [http-nio-8080-exec-2] INFO  c.e.D.service.QuestionnaireService - Fetching answers for category: Data & Cloud, userId: USER-FCB38E31, sessionId: 77D27EF9C20E87C35B9CFB683258F415
2025-09-17 15:27:39 [http-nio-8080-exec-2] INFO  c.e.D.service.QuestionnaireService - Using provided session - User: USER-FCB38E31, Session: 77D27EF9C20E87C35B9CFB683258F415
2025-09-17 15:27:39 [http-nio-8080-exec-2] DEBUG org.hibernate.SQL - 
    select
        d1_0.id,
        d1_0.Category,
        d1_0.FunctionalArea,
        d1_0.FunctionalSubArea,
        d1_0.Question,
        d1_0.ResponseType,
        d1_0.SessionID,
        d1_0.UserID 
    from
        DWQuestions d1_0 
    where
        d1_0.Category=? 
        and (
            d1_0.UserID=? 
            or d1_0.UserID is null
        ) 
        and (
            d1_0.SessionID=? 
            or d1_0.SessionID is null
        )
2025-09-17 15:27:40 [http-nio-8080-exec-2] INFO  c.e.D.service.QuestionnaireService - Successfully fetched 7 saved answers for category: Data & Cloud with session: 77D27EF9C20E87C35B9CFB683258F415
2025-09-17 15:27:40 [http-nio-8080-exec-2] INFO  c.e.D.c.QuestionnaireController - Successfully returning 7 Data & Cloud answers
2025-09-17 15:27:40 [http-nio-8080-exec-2] DEBUG o.s.w.s.m.m.a.HttpEntityMethodProcessor - Using 'application/json', given [*/*] and supported [application/json, application/*+json]
2025-09-17 15:27:40 [http-nio-8080-exec-2] DEBUG o.s.w.s.m.m.a.HttpEntityMethodProcessor - Writing [GetAnswersResponse(userId=USER-FCB38E31, sessionId=77D27EF9C20E87C35B9CFB683258F415, functionalSubAr (truncated)...]
2025-09-17 15:27:40 [http-nio-8080-exec-2] DEBUG o.s.web.servlet.DispatcherServlet - Completed 200 OK
2025-09-17 15:27:58 [http-nio-8080-exec-6] DEBUG o.s.web.servlet.DispatcherServlet - POST "/api/digital-wayfinder/questionnaire/operational-innovations/save-answers", parameters={}
2025-09-17 15:27:58 [http-nio-8080-exec-6] DEBUG o.s.w.s.m.m.a.RequestMappingHandlerMapping - Mapped to com.example.DigitalWayfinder.controller.QuestionnaireController#saveOperationalInnovationsAnswers(SaveAnswersRequest, UserSession)
2025-09-17 15:27:58 [http-nio-8080-exec-6] DEBUG o.s.w.s.m.m.a.RequestResponseBodyMethodProcessor - Read "application/json;charset=UTF-8" to [SaveAnswersRequest(functionalArea=Supply Chain Fulfillment, functionalSubArea=Industry Agnostic, ans (truncated)...]
2025-09-17 15:27:58 [http-nio-8080-exec-6] INFO  c.e.D.c.QuestionnaireController - Received request to save Operational Innovations answers - user: USER-FCB38E31, session: 77D27EF9C20E87C35B9CFB683258F415
2025-09-17 15:27:58 [http-nio-8080-exec-6] INFO  c.e.D.service.QuestionnaireService - Saving answers for category: Operational Innovations, userId: USER-FCB38E31, sessionId: 77D27EF9C20E87C35B9CFB683258F415
2025-09-17 15:27:58 [http-nio-8080-exec-6] INFO  c.e.D.service.QuestionnaireService - Using provided session - User: USER-FCB38E31, Session: 77D27EF9C20E87C35B9CFB683258F415
2025-09-17 15:27:58 [http-nio-8080-exec-6] DEBUG org.hibernate.SQL - 
    select
        d1_0.id,
        d1_0.Category,
        d1_0.FunctionalArea,
        d1_0.FunctionalSubArea,
        d1_0.Question,
        d1_0.ResponseType,
        d1_0.SessionID,
        d1_0.UserID 
    from
        DWQuestions d1_0 
    where
        d1_0.UserID=? 
        and d1_0.SessionID=? 
        and d1_0.Category=? 
        and d1_0.Question=?
2025-09-17 15:27:59 [http-nio-8080-exec-6] DEBUG org.hibernate.SQL - 
    select
        d1_0.id,
        d1_0.Category,
        d1_0.FunctionalArea,
        d1_0.FunctionalSubArea,
        d1_0.Question,
        d1_0.ResponseType,
        d1_0.SessionID,
        d1_0.UserID 
    from
        DWQuestions d1_0 
    where
        d1_0.UserID=? 
        and d1_0.SessionID=? 
        and d1_0.Category=? 
        and d1_0.Question=?
2025-09-17 15:28:00 [http-nio-8080-exec-6] DEBUG org.hibernate.SQL - 
    update
        DWQuestions 
    set
        Category=?,
        FunctionalArea=?,
        FunctionalSubArea=?,
        Question=?,
        ResponseType=?,
        SessionID=?,
        UserID=? 
    where
        id=?
2025-09-17 15:28:01 [http-nio-8080-exec-6] DEBUG org.hibernate.SQL - 
    select
        d1_0.id,
        d1_0.Category,
        d1_0.FunctionalArea,
        d1_0.FunctionalSubArea,
        d1_0.Question,
        d1_0.ResponseType,
        d1_0.SessionID,
        d1_0.UserID 
    from
        DWQuestions d1_0 
    where
        d1_0.UserID=? 
        and d1_0.SessionID=? 
        and d1_0.Category=? 
        and d1_0.Question=?
2025-09-17 15:28:02 [http-nio-8080-exec-6] DEBUG org.hibernate.SQL - 
    select
        d1_0.id,
        d1_0.Category,
        d1_0.FunctionalArea,
        d1_0.FunctionalSubArea,
        d1_0.Question,
        d1_0.ResponseType,
        d1_0.SessionID,
        d1_0.UserID 
    from
        DWQuestions d1_0 
    where
        d1_0.UserID=? 
        and d1_0.SessionID=? 
        and d1_0.Category=? 
        and d1_0.Question=?
2025-09-17 15:28:03 [http-nio-8080-exec-6] DEBUG org.hibernate.SQL - 
    select
        d1_0.id,
        d1_0.Category,
        d1_0.FunctionalArea,
        d1_0.FunctionalSubArea,
        d1_0.Question,
        d1_0.ResponseType,
        d1_0.SessionID,
        d1_0.UserID 
    from
        DWQuestions d1_0 
    where
        d1_0.UserID=? 
        and d1_0.SessionID=? 
        and d1_0.Category=? 
        and d1_0.Question=?
2025-09-17 15:28:04 [http-nio-8080-exec-6] DEBUG org.hibernate.SQL - 
    select
        d1_0.id,
        d1_0.Category,
        d1_0.FunctionalArea,
        d1_0.FunctionalSubArea,
        d1_0.Question,
        d1_0.ResponseType,
        d1_0.SessionID,
        d1_0.UserID 
    from
        DWQuestions d1_0 
    where
        d1_0.UserID=? 
        and d1_0.SessionID=? 
        and d1_0.Category=? 
        and d1_0.Question=?
2025-09-17 15:28:05 [http-nio-8080-exec-6] DEBUG org.hibernate.SQL - 
    select
        d1_0.id,
        d1_0.Category,
        d1_0.FunctionalArea,
        d1_0.FunctionalSubArea,
        d1_0.Question,
        d1_0.ResponseType,
        d1_0.SessionID,
        d1_0.UserID 
    from
        DWQuestions d1_0 
    where
        d1_0.UserID=? 
        and d1_0.SessionID=? 
        and d1_0.Category=? 
        and d1_0.Question=?
2025-09-17 15:28:06 [http-nio-8080-exec-6] DEBUG org.hibernate.SQL - 
    select
        d1_0.id,
        d1_0.Category,
        d1_0.FunctionalArea,
        d1_0.FunctionalSubArea,
        d1_0.Question,
        d1_0.ResponseType,
        d1_0.SessionID,
        d1_0.UserID 
    from
        DWQuestions d1_0 
    where
        d1_0.UserID=? 
        and d1_0.SessionID=? 
        and d1_0.Category=? 
        and d1_0.Question=?
2025-09-17 15:28:07 [http-nio-8080-exec-6] DEBUG org.hibernate.SQL - 
    select
        d1_0.id,
        d1_0.Category,
        d1_0.FunctionalArea,
        d1_0.FunctionalSubArea,
        d1_0.Question,
        d1_0.ResponseType,
        d1_0.SessionID,
        d1_0.UserID 
    from
        DWQuestions d1_0 
    where
        d1_0.UserID=? 
        and d1_0.SessionID=? 
        and d1_0.Category=? 
        and d1_0.Question=?
2025-09-17 15:28:08 [http-nio-8080-exec-6] DEBUG org.hibernate.SQL - 
    select
        d1_0.id,
        d1_0.Category,
        d1_0.FunctionalArea,
        d1_0.FunctionalSubArea,
        d1_0.Question,
        d1_0.ResponseType,
        d1_0.SessionID,
        d1_0.UserID 
    from
        DWQuestions d1_0 
    where
        d1_0.UserID=? 
        and d1_0.SessionID=? 
        and d1_0.Category=? 
        and d1_0.Question=?
2025-09-17 15:28:09 [http-nio-8080-exec-6] DEBUG org.hibernate.SQL - 
    select
        d1_0.id,
        d1_0.Category,
        d1_0.FunctionalArea,
        d1_0.FunctionalSubArea,
        d1_0.Question,
        d1_0.ResponseType,
        d1_0.SessionID,
        d1_0.UserID 
    from
        DWQuestions d1_0 
    where
        d1_0.UserID=? 
        and d1_0.SessionID=? 
        and d1_0.Category=? 
        and d1_0.Question=?
2025-09-17 15:28:10 [http-nio-8080-exec-6] DEBUG org.hibernate.SQL - 
    update
        DWQuestions 
    set
        Category=?,
        FunctionalArea=?,
        FunctionalSubArea=?,
        Question=?,
        ResponseType=?,
        SessionID=?,
        UserID=? 
    where
        id=?
2025-09-17 15:28:11 [http-nio-8080-exec-6] DEBUG org.hibernate.SQL - 
    select
        d1_0.id,
        d1_0.Category,
        d1_0.FunctionalArea,
        d1_0.FunctionalSubArea,
        d1_0.Question,
        d1_0.ResponseType,
        d1_0.SessionID,
        d1_0.UserID 
    from
        DWQuestions d1_0 
    where
        d1_0.UserID=? 
        and d1_0.SessionID=? 
        and d1_0.Category=? 
        and d1_0.Question=?
2025-09-17 15:28:12 [http-nio-8080-exec-6] DEBUG org.hibernate.SQL - 
    select
        d1_0.id,
        d1_0.Category,
        d1_0.FunctionalArea,
        d1_0.FunctionalSubArea,
        d1_0.Question,
        d1_0.ResponseType,
        d1_0.SessionID,
        d1_0.UserID 
    from
        DWQuestions d1_0 
    where
        d1_0.UserID=? 
        and d1_0.SessionID=? 
        and d1_0.Category=? 
        and d1_0.Question=?
2025-09-17 15:28:13 [http-nio-8080-exec-6] DEBUG org.hibernate.SQL - 
    select
        d1_0.id,
        d1_0.Category,
        d1_0.FunctionalArea,
        d1_0.FunctionalSubArea,
        d1_0.Question,
        d1_0.ResponseType,
        d1_0.SessionID,
        d1_0.UserID 
    from
        DWQuestions d1_0 
    where
        d1_0.UserID=? 
        and d1_0.SessionID=? 
        and d1_0.Category=? 
        and d1_0.Question=?
2025-09-17 15:28:13 [http-nio-8080-exec-6] DEBUG org.hibernate.SQL - 
    update
        DWQuestions 
    set
        Category=?,
        FunctionalArea=?,
        FunctionalSubArea=?,
        Question=?,
        ResponseType=?,
        SessionID=?,
        UserID=? 
    where
        id=?
2025-09-17 15:28:14 [http-nio-8080-exec-6] INFO  c.e.D.service.QuestionnaireService - Successfully saved 14 answers for category: Operational Innovations with session: 77D27EF9C20E87C35B9CFB683258F415
2025-09-17 15:28:14 [http-nio-8080-exec-6] INFO  c.e.D.c.QuestionnaireController - Successfully saved 14 Operational Innovations answers
2025-09-17 15:28:14 [http-nio-8080-exec-6] DEBUG o.s.w.s.m.m.a.HttpEntityMethodProcessor - Using 'application/json', given [*/*] and supported [application/json, application/*+json]
2025-09-17 15:28:14 [http-nio-8080-exec-6] DEBUG o.s.w.s.m.m.a.HttpEntityMethodProcessor - Writing [SaveAnswersResponse(userId=USER-FCB38E31, sessionId=77D27EF9C20E87C35B9CFB683258F415, functionalArea (truncated)...]
2025-09-17 15:28:14 [http-nio-8080-exec-6] DEBUG o.s.web.servlet.DispatcherServlet - Completed 201 CREATED
2025-09-17 15:28:14 [http-nio-8080-exec-3] DEBUG o.s.web.servlet.DispatcherServlet - GET "/api/digital-wayfinder/questionnaire/visibility-proactive/get-questions?functionalSubArea=Industry%20Agnostic", parameters={masked}
2025-09-17 15:28:14 [http-nio-8080-exec-3] DEBUG o.s.w.s.m.m.a.RequestMappingHandlerMapping - Mapped to com.example.DigitalWayfinder.controller.QuestionnaireController#getVisibilityProactiveQuestions(String, UserSession)
2025-09-17 15:28:14 [http-nio-8080-exec-3] INFO  c.e.D.c.QuestionnaireController - Received request for Visibility & Proactive Planning questions - functionalSubArea: Industry Agnostic, user: USER-FCB38E31, session: 77D27EF9C20E87C35B9CFB683258F415
2025-09-17 15:28:14 [http-nio-8080-exec-3] INFO  c.e.D.service.QuestionnaireService - Fetching questions for functionalSubArea: Industry Agnostic, category: Visibility & Proactive Planning, userId: USER-FCB38E31, sessionId: 77D27EF9C20E87C35B9CFB683258F415
2025-09-17 15:28:14 [http-nio-8080-exec-3] INFO  c.e.D.service.QuestionnaireService - Fetching questions from Planning table for industry type: Industry Agnostic and category: Visibility & Proactive Planning
2025-09-17 15:28:14 [http-nio-8080-exec-3] DEBUG org.hibernate.SQL - 
    select
        pq1_0.category,
        pq1_0.question,
        pq1_0.[Answer Type] 
    from
        Planning_Questionnaire pq1_0 
    where
        pq1_0.category=?
2025-09-17 15:28:15 [http-nio-8080-exec-3] INFO  c.e.D.service.QuestionnaireService - Successfully fetched 9 Planning questions for industry type: Industry Agnostic and category: Visibility & Proactive Planning
2025-09-17 15:28:15 [http-nio-8080-exec-3] INFO  c.e.D.c.QuestionnaireController - Successfully returning questions for functionalSubArea: Industry Agnostic
2025-09-17 15:28:15 [http-nio-8080-exec-3] DEBUG o.s.w.s.m.m.a.HttpEntityMethodProcessor - Using 'application/json', given [*/*] and supported [application/json, application/*+json]
2025-09-17 15:28:15 [http-nio-8080-exec-3] DEBUG o.s.w.s.m.m.a.HttpEntityMethodProcessor - Writing [QuestionnaireResponse(userId=USER-FCB38E31, sessionId=77D27EF9C20E87C35B9CFB683258F415, functionalSu (truncated)...]
2025-09-17 15:28:15 [http-nio-8080-exec-3] DEBUG o.s.web.servlet.DispatcherServlet - Completed 200 OK
2025-09-17 15:28:15 [http-nio-8080-exec-7] DEBUG o.s.web.servlet.DispatcherServlet - GET "/api/digital-wayfinder/questionnaire/operational-innovations/get-answers?functionalSubArea=Industry%20Agnostic", parameters={masked}
2025-09-17 15:28:15 [http-nio-8080-exec-7] DEBUG o.s.w.s.m.m.a.RequestMappingHandlerMapping - Mapped to com.example.DigitalWayfinder.controller.QuestionnaireController#getOperationalInnovationsAnswers(UserSession)
2025-09-17 15:28:15 [http-nio-8080-exec-7] INFO  c.e.D.c.QuestionnaireController - Received request for Operational Innovations answers - user: USER-FCB38E31, session: 77D27EF9C20E87C35B9CFB683258F415
2025-09-17 15:28:15 [http-nio-8080-exec-7] INFO  c.e.D.service.QuestionnaireService - Fetching answers for category: Operational Innovations, userId: USER-FCB38E31, sessionId: 77D27EF9C20E87C35B9CFB683258F415
2025-09-17 15:28:15 [http-nio-8080-exec-7] INFO  c.e.D.service.QuestionnaireService - Using provided session - User: USER-FCB38E31, Session: 77D27EF9C20E87C35B9CFB683258F415
2025-09-17 15:28:15 [http-nio-8080-exec-7] DEBUG org.hibernate.SQL - 
    select
        d1_0.id,
        d1_0.Category,
        d1_0.FunctionalArea,
        d1_0.FunctionalSubArea,
        d1_0.Question,
        d1_0.ResponseType,
        d1_0.SessionID,
        d1_0.UserID 
    from
        DWQuestions d1_0 
    where
        d1_0.Category=? 
        and (
            d1_0.UserID=? 
            or d1_0.UserID is null
        ) 
        and (
            d1_0.SessionID=? 
            or d1_0.SessionID is null
        )
2025-09-17 15:28:15 [http-nio-8080-exec-7] INFO  c.e.D.service.QuestionnaireService - Successfully fetched 28 saved answers for category: Operational Innovations with session: 77D27EF9C20E87C35B9CFB683258F415
2025-09-17 15:28:15 [http-nio-8080-exec-7] INFO  c.e.D.c.QuestionnaireController - Successfully returning 28 Operational Innovations answers
2025-09-17 15:28:15 [http-nio-8080-exec-7] DEBUG o.s.w.s.m.m.a.HttpEntityMethodProcessor - Using 'application/json', given [*/*] and supported [application/json, application/*+json]
2025-09-17 15:28:15 [http-nio-8080-exec-7] DEBUG o.s.w.s.m.m.a.HttpEntityMethodProcessor - Writing [GetAnswersResponse(userId=USER-FCB38E31, sessionId=77D27EF9C20E87C35B9CFB683258F415, functionalSubAr (truncated)...]
2025-09-17 15:28:15 [http-nio-8080-exec-7] DEBUG o.s.web.servlet.DispatcherServlet - Completed 200 OK
2025-09-17 15:28:18 [http-nio-8080-exec-10] DEBUG o.s.web.servlet.DispatcherServlet - GET "/static/media/supply-chain-fulfillment.6dc3aaa89826c6c2506e.png", parameters={}
2025-09-17 15:28:18 [http-nio-8080-exec-10] DEBUG o.s.w.s.h.SimpleUrlHandlerMapping - Mapped to ResourceHttpRequestHandler [classpath [META-INF/resources/], classpath [resources/], classpath [static/], classpath [public/], ServletContext [/]]
2025-09-17 15:28:18 [http-nio-8080-exec-8] DEBUG o.s.web.servlet.DispatcherServlet - GET "/static/media/warehouse-management.0fed6bc421ff6a0d0bb2.png", parameters={}
2025-09-17 15:28:18 [http-nio-8080-exec-8] DEBUG o.s.w.s.h.SimpleUrlHandlerMapping - Mapped to ResourceHttpRequestHandler [classpath [META-INF/resources/], classpath [resources/], classpath [static/], classpath [public/], ServletContext [/]]
2025-09-17 15:28:18 [http-nio-8080-exec-5] DEBUG o.s.web.servlet.DispatcherServlet - GET "/static/media/order-management.f7bd9a2446beb26e5bc1.png", parameters={}
2025-09-17 15:28:18 [http-nio-8080-exec-10] DEBUG o.s.web.servlet.DispatcherServlet - Completed 200 OK
2025-09-17 15:28:18 [http-nio-8080-exec-5] DEBUG o.s.w.s.h.SimpleUrlHandlerMapping - Mapped to ResourceHttpRequestHandler [classpath [META-INF/resources/], classpath [resources/], classpath [static/], classpath [public/], ServletContext [/]]
2025-09-17 15:28:18 [http-nio-8080-exec-1] DEBUG o.s.web.servlet.DispatcherServlet - GET "/static/media/transportation-management.441e7de72d119d4043ce.png", parameters={}
2025-09-17 15:28:18 [http-nio-8080-exec-1] DEBUG o.s.w.s.h.SimpleUrlHandlerMapping - Mapped to ResourceHttpRequestHandler [classpath [META-INF/resources/], classpath [resources/], classpath [static/], classpath [public/], ServletContext [/]]
2025-09-17 15:28:18 [http-nio-8080-exec-5] DEBUG o.s.web.servlet.DispatcherServlet - Completed 200 OK
2025-09-17 15:28:18 [http-nio-8080-exec-8] DEBUG o.s.web.servlet.DispatcherServlet - Completed 200 OK
2025-09-17 15:28:18 [http-nio-8080-exec-1] DEBUG o.s.web.servlet.DispatcherServlet - Completed 200 OK
2025-09-17 15:28:41 [http-nio-8080-exec-6] DEBUG o.s.web.servlet.DispatcherServlet - POST "/api/digital-wayfinder/questionnaire/visibility-proactive/save-answers", parameters={}
2025-09-17 15:28:41 [http-nio-8080-exec-6] DEBUG o.s.w.s.m.m.a.RequestMappingHandlerMapping - Mapped to com.example.DigitalWayfinder.controller.QuestionnaireController#saveVisibilityProactiveAnswers(SaveAnswersRequest, UserSession)
2025-09-17 15:28:41 [http-nio-8080-exec-6] DEBUG o.s.w.s.m.m.a.RequestResponseBodyMethodProcessor - Read "application/json;charset=UTF-8" to [SaveAnswersRequest(functionalArea=Supply Chain Fulfillment, functionalSubArea=Industry Agnostic, ans (truncated)...]
2025-09-17 15:28:41 [http-nio-8080-exec-6] INFO  c.e.D.c.QuestionnaireController - Received request to save Visibility & Proactive Planning answers - user: USER-FCB38E31, session: 77D27EF9C20E87C35B9CFB683258F415
2025-09-17 15:28:41 [http-nio-8080-exec-6] INFO  c.e.D.service.QuestionnaireService - Saving answers for category: Visibility & Proactive Planning, userId: USER-FCB38E31, sessionId: 77D27EF9C20E87C35B9CFB683258F415
2025-09-17 15:28:41 [http-nio-8080-exec-6] INFO  c.e.D.service.QuestionnaireService - Using provided session - User: USER-FCB38E31, Session: 77D27EF9C20E87C35B9CFB683258F415
2025-09-17 15:28:41 [http-nio-8080-exec-6] DEBUG org.hibernate.SQL - 
    select
        d1_0.id,
        d1_0.Category,
        d1_0.FunctionalArea,
        d1_0.FunctionalSubArea,
        d1_0.Question,
        d1_0.ResponseType,
        d1_0.SessionID,
        d1_0.UserID 
    from
        DWQuestions d1_0 
    where
        d1_0.UserID=? 
        and d1_0.SessionID=? 
        and d1_0.Category=? 
        and d1_0.Question=?
2025-09-17 15:28:42 [http-nio-8080-exec-6] DEBUG org.hibernate.SQL - 
    update
        DWQuestions 
    set
        Category=?,
        FunctionalArea=?,
        FunctionalSubArea=?,
        Question=?,
        ResponseType=?,
        SessionID=?,
        UserID=? 
    where
        id=?
2025-09-17 15:28:43 [http-nio-8080-exec-6] DEBUG org.hibernate.SQL - 
    select
        d1_0.id,
        d1_0.Category,
        d1_0.FunctionalArea,
        d1_0.FunctionalSubArea,
        d1_0.Question,
        d1_0.ResponseType,
        d1_0.SessionID,
        d1_0.UserID 
    from
        DWQuestions d1_0 
    where
        d1_0.UserID=? 
        and d1_0.SessionID=? 
        and d1_0.Category=? 
        and d1_0.Question=?
2025-09-17 15:28:44 [http-nio-8080-exec-6] DEBUG org.hibernate.SQL - 
    select
        d1_0.id,
        d1_0.Category,
        d1_0.FunctionalArea,
        d1_0.FunctionalSubArea,
        d1_0.Question,
        d1_0.ResponseType,
        d1_0.SessionID,
        d1_0.UserID 
    from
        DWQuestions d1_0 
    where
        d1_0.UserID=? 
        and d1_0.SessionID=? 
        and d1_0.Category=? 
        and d1_0.Question=?
2025-09-17 15:28:45 [http-nio-8080-exec-6] DEBUG org.hibernate.SQL - 
    select
        d1_0.id,
        d1_0.Category,
        d1_0.FunctionalArea,
        d1_0.FunctionalSubArea,
        d1_0.Question,
        d1_0.ResponseType,
        d1_0.SessionID,
        d1_0.UserID 
    from
        DWQuestions d1_0 
    where
        d1_0.UserID=? 
        and d1_0.SessionID=? 
        and d1_0.Category=? 
        and d1_0.Question=?
2025-09-17 15:28:46 [http-nio-8080-exec-6] DEBUG org.hibernate.SQL - 
    update
        DWQuestions 
    set
        Category=?,
        FunctionalArea=?,
        FunctionalSubArea=?,
        Question=?,
        ResponseType=?,
        SessionID=?,
        UserID=? 
    where
        id=?
2025-09-17 15:28:47 [http-nio-8080-exec-6] DEBUG org.hibernate.SQL - 
    select
        d1_0.id,
        d1_0.Category,
        d1_0.FunctionalArea,
        d1_0.FunctionalSubArea,
        d1_0.Question,
        d1_0.ResponseType,
        d1_0.SessionID,
        d1_0.UserID 
    from
        DWQuestions d1_0 
    where
        d1_0.UserID=? 
        and d1_0.SessionID=? 
        and d1_0.Category=? 
        and d1_0.Question=?
2025-09-17 15:28:47 [http-nio-8080-exec-6] DEBUG org.hibernate.SQL - 
    update
        DWQuestions 
    set
        Category=?,
        FunctionalArea=?,
        FunctionalSubArea=?,
        Question=?,
        ResponseType=?,
        SessionID=?,
        UserID=? 
    where
        id=?
2025-09-17 15:28:48 [http-nio-8080-exec-6] DEBUG org.hibernate.SQL - 
    select
        d1_0.id,
        d1_0.Category,
        d1_0.FunctionalArea,
        d1_0.FunctionalSubArea,
        d1_0.Question,
        d1_0.ResponseType,
        d1_0.SessionID,
        d1_0.UserID 
    from
        DWQuestions d1_0 
    where
        d1_0.UserID=? 
        and d1_0.SessionID=? 
        and d1_0.Category=? 
        and d1_0.Question=?
2025-09-17 15:28:49 [http-nio-8080-exec-6] DEBUG org.hibernate.SQL - 
    select
        d1_0.id,
        d1_0.Category,
        d1_0.FunctionalArea,
        d1_0.FunctionalSubArea,
        d1_0.Question,
        d1_0.ResponseType,
        d1_0.SessionID,
        d1_0.UserID 
    from
        DWQuestions d1_0 
    where
        d1_0.UserID=? 
        and d1_0.SessionID=? 
        and d1_0.Category=? 
        and d1_0.Question=?
2025-09-17 15:28:50 [http-nio-8080-exec-6] DEBUG org.hibernate.SQL - 
    update
        DWQuestions 
    set
        Category=?,
        FunctionalArea=?,
        FunctionalSubArea=?,
        Question=?,
        ResponseType=?,
        SessionID=?,
        UserID=? 
    where
        id=?
2025-09-17 15:28:51 [http-nio-8080-exec-6] DEBUG org.hibernate.SQL - 
    select
        d1_0.id,
        d1_0.Category,
        d1_0.FunctionalArea,
        d1_0.FunctionalSubArea,
        d1_0.Question,
        d1_0.ResponseType,
        d1_0.SessionID,
        d1_0.UserID 
    from
        DWQuestions d1_0 
    where
        d1_0.UserID=? 
        and d1_0.SessionID=? 
        and d1_0.Category=? 
        and d1_0.Question=?
2025-09-17 15:28:52 [http-nio-8080-exec-6] DEBUG org.hibernate.SQL - 
    select
        d1_0.id,
        d1_0.Category,
        d1_0.FunctionalArea,
        d1_0.FunctionalSubArea,
        d1_0.Question,
        d1_0.ResponseType,
        d1_0.SessionID,
        d1_0.UserID 
    from
        DWQuestions d1_0 
    where
        d1_0.UserID=? 
        and d1_0.SessionID=? 
        and d1_0.Category=? 
        and d1_0.Question=?
2025-09-17 15:28:53 [http-nio-8080-exec-6] INFO  c.e.D.service.QuestionnaireService - Successfully saved 9 answers for category: Visibility & Proactive Planning with session: 77D27EF9C20E87C35B9CFB683258F415
2025-09-17 15:28:53 [http-nio-8080-exec-6] INFO  c.e.D.c.QuestionnaireController - Successfully saved 9 Visibility & Proactive Planning answers
2025-09-17 15:28:53 [http-nio-8080-exec-6] DEBUG o.s.w.s.m.m.a.HttpEntityMethodProcessor - Using 'application/json', given [*/*] and supported [application/json, application/*+json]
2025-09-17 15:28:53 [http-nio-8080-exec-6] DEBUG o.s.w.s.m.m.a.HttpEntityMethodProcessor - Writing [SaveAnswersResponse(userId=USER-FCB38E31, sessionId=77D27EF9C20E87C35B9CFB683258F415, functionalArea (truncated)...]
2025-09-17 15:28:53 [http-nio-8080-exec-6] DEBUG o.s.web.servlet.DispatcherServlet - Completed 201 CREATED
2025-09-17 15:28:53 [http-nio-8080-exec-3] DEBUG o.s.web.servlet.DispatcherServlet - GET "/api/digital-wayfinder/questionnaire/genai/get-questions?functionalSubArea=Industry%20Agnostic", parameters={masked}
2025-09-17 15:28:53 [http-nio-8080-exec-3] DEBUG o.s.w.s.m.m.a.RequestMappingHandlerMapping - Mapped to com.example.DigitalWayfinder.controller.QuestionnaireController#getGenAIQuestions(String, UserSession)
2025-09-17 15:28:53 [http-nio-8080-exec-3] INFO  c.e.D.c.QuestionnaireController - Received request for Agentic AI questions - functionalSubArea: Industry Agnostic, user: USER-FCB38E31, session: 77D27EF9C20E87C35B9CFB683258F415
2025-09-17 15:28:53 [http-nio-8080-exec-3] INFO  c.e.D.service.QuestionnaireService - Fetching questions for functionalSubArea: Industry Agnostic, category: Agentic AI, userId: USER-FCB38E31, sessionId: 77D27EF9C20E87C35B9CFB683258F415
2025-09-17 15:28:53 [http-nio-8080-exec-3] INFO  c.e.D.service.QuestionnaireService - Fetching questions from Planning table for industry type: Industry Agnostic and category: Agentic AI
2025-09-17 15:28:53 [http-nio-8080-exec-3] DEBUG org.hibernate.SQL - 
    select
        pq1_0.category,
        pq1_0.question,
        pq1_0.[Answer Type] 
    from
        Planning_Questionnaire pq1_0 
    where
        pq1_0.category=?
2025-09-17 15:28:53 [http-nio-8080-exec-3] INFO  c.e.D.service.QuestionnaireService - Successfully fetched 8 Planning questions for industry type: Industry Agnostic and category: Agentic AI
2025-09-17 15:28:53 [http-nio-8080-exec-3] INFO  c.e.D.c.QuestionnaireController - Successfully returning questions for functionalSubArea: Industry Agnostic
2025-09-17 15:28:53 [http-nio-8080-exec-3] DEBUG o.s.w.s.m.m.a.HttpEntityMethodProcessor - Using 'application/json', given [*/*] and supported [application/json, application/*+json]
2025-09-17 15:28:53 [http-nio-8080-exec-3] DEBUG o.s.w.s.m.m.a.HttpEntityMethodProcessor - Writing [QuestionnaireResponse(userId=USER-FCB38E31, sessionId=77D27EF9C20E87C35B9CFB683258F415, functionalSu (truncated)...]
2025-09-17 15:28:53 [http-nio-8080-exec-3] DEBUG o.s.web.servlet.DispatcherServlet - Completed 200 OK
2025-09-17 15:29:08 [http-nio-8080-exec-7] DEBUG o.s.web.servlet.DispatcherServlet - POST "/api/digital-wayfinder/questionnaire/genai/save-answers", parameters={}
2025-09-17 15:29:08 [http-nio-8080-exec-7] DEBUG o.s.w.s.m.m.a.RequestMappingHandlerMapping - Mapped to com.example.DigitalWayfinder.controller.QuestionnaireController#saveGenAIAnswers(SaveAnswersRequest, UserSession)
2025-09-17 15:29:08 [http-nio-8080-exec-7] DEBUG o.s.w.s.m.m.a.RequestResponseBodyMethodProcessor - Read "application/json;charset=UTF-8" to [SaveAnswersRequest(functionalArea=Supply Chain Fulfillment, functionalSubArea=Industry Agnostic, ans (truncated)...]
2025-09-17 15:29:08 [http-nio-8080-exec-7] INFO  c.e.D.c.QuestionnaireController - Received request to save Agentic AI answers - user: USER-FCB38E31, session: 77D27EF9C20E87C35B9CFB683258F415
2025-09-17 15:29:08 [http-nio-8080-exec-7] INFO  c.e.D.service.QuestionnaireService - Saving answers for category: Agentic AI, userId: USER-FCB38E31, sessionId: 77D27EF9C20E87C35B9CFB683258F415
2025-09-17 15:29:08 [http-nio-8080-exec-7] INFO  c.e.D.service.QuestionnaireService - Using provided session - User: USER-FCB38E31, Session: 77D27EF9C20E87C35B9CFB683258F415
2025-09-17 15:29:08 [http-nio-8080-exec-7] DEBUG org.hibernate.SQL - 
    select
        d1_0.id,
        d1_0.Category,
        d1_0.FunctionalArea,
        d1_0.FunctionalSubArea,
        d1_0.Question,
        d1_0.ResponseType,
        d1_0.SessionID,
        d1_0.UserID 
    from
        DWQuestions d1_0 
    where
        d1_0.UserID=? 
        and d1_0.SessionID=? 
        and d1_0.Category=? 
        and d1_0.Question=?
2025-09-17 15:29:09 [http-nio-8080-exec-7] DEBUG org.hibernate.SQL - 
    update
        DWQuestions 
    set
        Category=?,
        FunctionalArea=?,
        FunctionalSubArea=?,
        Question=?,
        ResponseType=?,
        SessionID=?,
        UserID=? 
    where
        id=?
2025-09-17 15:29:10 [http-nio-8080-exec-7] DEBUG org.hibernate.SQL - 
    select
        d1_0.id,
        d1_0.Category,
        d1_0.FunctionalArea,
        d1_0.FunctionalSubArea,
        d1_0.Question,
        d1_0.ResponseType,
        d1_0.SessionID,
        d1_0.UserID 
    from
        DWQuestions d1_0 
    where
        d1_0.UserID=? 
        and d1_0.SessionID=? 
        and d1_0.Category=? 
        and d1_0.Question=?
2025-09-17 15:29:11 [http-nio-8080-exec-7] DEBUG org.hibernate.SQL - 
    update
        DWQuestions 
    set
        Category=?,
        FunctionalArea=?,
        FunctionalSubArea=?,
        Question=?,
        ResponseType=?,
        SessionID=?,
        UserID=? 
    where
        id=?
2025-09-17 15:29:11 [http-nio-8080-exec-7] DEBUG org.hibernate.SQL - 
    select
        d1_0.id,
        d1_0.Category,
        d1_0.FunctionalArea,
        d1_0.FunctionalSubArea,
        d1_0.Question,
        d1_0.ResponseType,
        d1_0.SessionID,
        d1_0.UserID 
    from
        DWQuestions d1_0 
    where
        d1_0.UserID=? 
        and d1_0.SessionID=? 
        and d1_0.Category=? 
        and d1_0.Question=?
2025-09-17 15:29:12 [http-nio-8080-exec-7] DEBUG org.hibernate.SQL - 
    update
        DWQuestions 
    set
        Category=?,
        FunctionalArea=?,
        FunctionalSubArea=?,
        Question=?,
        ResponseType=?,
        SessionID=?,
        UserID=? 
    where
        id=?
2025-09-17 15:29:13 [http-nio-8080-exec-7] DEBUG org.hibernate.SQL - 
    select
        d1_0.id,
        d1_0.Category,
        d1_0.FunctionalArea,
        d1_0.FunctionalSubArea,
        d1_0.Question,
        d1_0.ResponseType,
        d1_0.SessionID,
        d1_0.UserID 
    from
        DWQuestions d1_0 
    where
        d1_0.UserID=? 
        and d1_0.SessionID=? 
        and d1_0.Category=? 
        and d1_0.Question=?
2025-09-17 15:29:13 [http-nio-8080-exec-7] DEBUG org.hibernate.SQL - 
    update
        DWQuestions 
    set
        Category=?,
        FunctionalArea=?,
        FunctionalSubArea=?,
        Question=?,
        ResponseType=?,
        SessionID=?,
        UserID=? 
    where
        id=?
2025-09-17 15:29:14 [http-nio-8080-exec-7] DEBUG org.hibernate.SQL - 
    select
        d1_0.id,
        d1_0.Category,
        d1_0.FunctionalArea,
        d1_0.FunctionalSubArea,
        d1_0.Question,
        d1_0.ResponseType,
        d1_0.SessionID,
        d1_0.UserID 
    from
        DWQuestions d1_0 
    where
        d1_0.UserID=? 
        and d1_0.SessionID=? 
        and d1_0.Category=? 
        and d1_0.Question=?
2025-09-17 15:29:15 [http-nio-8080-exec-7] DEBUG org.hibernate.SQL - 
    update
        DWQuestions 
    set
        Category=?,
        FunctionalArea=?,
        FunctionalSubArea=?,
        Question=?,
        ResponseType=?,
        SessionID=?,
        UserID=? 
    where
        id=?
2025-09-17 15:29:16 [http-nio-8080-exec-7] DEBUG org.hibernate.SQL - 
    select
        d1_0.id,
        d1_0.Category,
        d1_0.FunctionalArea,
        d1_0.FunctionalSubArea,
        d1_0.Question,
        d1_0.ResponseType,
        d1_0.SessionID,
        d1_0.UserID 
    from
        DWQuestions d1_0 
    where
        d1_0.UserID=? 
        and d1_0.SessionID=? 
        and d1_0.Category=? 
        and d1_0.Question=?
2025-09-17 15:29:16 [http-nio-8080-exec-7] DEBUG org.hibernate.SQL - 
    update
        DWQuestions 
    set
        Category=?,
        FunctionalArea=?,
        FunctionalSubArea=?,
        Question=?,
        ResponseType=?,
        SessionID=?,
        UserID=? 
    where
        id=?
2025-09-17 15:29:17 [http-nio-8080-exec-7] DEBUG org.hibernate.SQL - 
    select
        d1_0.id,
        d1_0.Category,
        d1_0.FunctionalArea,
        d1_0.FunctionalSubArea,
        d1_0.Question,
        d1_0.ResponseType,
        d1_0.SessionID,
        d1_0.UserID 
    from
        DWQuestions d1_0 
    where
        d1_0.UserID=? 
        and d1_0.SessionID=? 
        and d1_0.Category=? 
        and d1_0.Question=?
2025-09-17 15:29:18 [http-nio-8080-exec-7] DEBUG org.hibernate.SQL - 
    update
        DWQuestions 
    set
        Category=?,
        FunctionalArea=?,
        FunctionalSubArea=?,
        Question=?,
        ResponseType=?,
        SessionID=?,
        UserID=? 
    where
        id=?
2025-09-17 15:29:18 [http-nio-8080-exec-7] DEBUG org.hibernate.SQL - 
    select
        d1_0.id,
        d1_0.Category,
        d1_0.FunctionalArea,
        d1_0.FunctionalSubArea,
        d1_0.Question,
        d1_0.ResponseType,
        d1_0.SessionID,
        d1_0.UserID 
    from
        DWQuestions d1_0 
    where
        d1_0.UserID=? 
        and d1_0.SessionID=? 
        and d1_0.Category=? 
        and d1_0.Question=?
2025-09-17 15:29:19 [http-nio-8080-exec-7] DEBUG org.hibernate.SQL - 
    update
        DWQuestions 
    set
        Category=?,
        FunctionalArea=?,
        FunctionalSubArea=?,
        Question=?,
        ResponseType=?,
        SessionID=?,
        UserID=? 
    where
        id=?
2025-09-17 15:29:20 [http-nio-8080-exec-7] INFO  c.e.D.service.QuestionnaireService - Successfully saved 8 answers for category: Agentic AI with session: 77D27EF9C20E87C35B9CFB683258F415
2025-09-17 15:29:20 [http-nio-8080-exec-7] INFO  c.e.D.c.QuestionnaireController - Successfully saved 8 Agentic AI answers
2025-09-17 15:29:20 [http-nio-8080-exec-7] DEBUG o.s.w.s.m.m.a.HttpEntityMethodProcessor - Using 'application/json', given [*/*] and supported [application/json, application/*+json]
2025-09-17 15:29:20 [http-nio-8080-exec-7] DEBUG o.s.w.s.m.m.a.HttpEntityMethodProcessor - Writing [SaveAnswersResponse(userId=USER-FCB38E31, sessionId=77D27EF9C20E87C35B9CFB683258F415, functionalArea (truncated)...]
2025-09-17 15:29:20 [http-nio-8080-exec-7] DEBUG o.s.web.servlet.DispatcherServlet - Completed 201 CREATED
2025-09-17 15:39:07 [http-nio-8080-exec-4] DEBUG o.s.web.servlet.DispatcherServlet - GET "/static/media/supply-chain-planning.e00cda5f9f556d0f2f7b.png", parameters={}
2025-09-17 15:39:07 [http-nio-8080-exec-4] DEBUG o.s.w.s.h.SimpleUrlHandlerMapping - Mapped to ResourceHttpRequestHandler [classpath [META-INF/resources/], classpath [resources/], classpath [static/], classpath [public/], ServletContext [/]]
2025-09-17 15:39:07 [http-nio-8080-exec-4] DEBUG o.s.web.servlet.DispatcherServlet - Completed 200 OK
2025-09-17 15:39:07 [http-nio-8080-exec-2] DEBUG o.s.web.servlet.DispatcherServlet - GET "/static/media/Row8-Stocksy_txpaa54b8f6L2q300_OriginalDelivery_4364319.d22bd690ca4ef70ee85c.jpg", parameters={}
2025-09-17 15:39:07 [http-nio-8080-exec-2] DEBUG o.s.w.s.h.SimpleUrlHandlerMapping - Mapped to ResourceHttpRequestHandler [classpath [META-INF/resources/], classpath [resources/], classpath [static/], classpath [public/], ServletContext [/]]
2025-09-17 15:39:08 [http-nio-8080-exec-2] DEBUG o.s.web.servlet.DispatcherServlet - Completed 200 OK
2025-09-17 15:39:17 [http-nio-8080-exec-6] DEBUG o.s.web.servlet.DispatcherServlet - GET "/", parameters={}
2025-09-17 15:39:17 [http-nio-8080-exec-6] DEBUG o.s.w.s.v.ContentNegotiatingViewResolver - Selected 'text/html' given [text/html, application/xhtml+xml, image/avif, image/webp, image/apng, application/xml;q=0.9, */*;q=0.8, application/signed-exchange;v=b3;q=0.7]
2025-09-17 15:39:17 [http-nio-8080-exec-6] DEBUG o.s.w.s.view.InternalResourceView - View name 'forward:', model {}
2025-09-17 15:39:17 [http-nio-8080-exec-6] DEBUG o.s.w.s.view.InternalResourceView - Forwarding to [index.html]
2025-09-17 15:39:17 [http-nio-8080-exec-6] DEBUG o.s.web.servlet.DispatcherServlet - "FORWARD" dispatch for GET "/index.html", parameters={}
2025-09-17 15:39:17 [http-nio-8080-exec-6] DEBUG o.s.w.s.h.SimpleUrlHandlerMapping - Mapped to ResourceHttpRequestHandler [classpath [META-INF/resources/], classpath [resources/], classpath [static/], classpath [public/], ServletContext [/]]
2025-09-17 15:39:17 [http-nio-8080-exec-6] DEBUG o.s.web.servlet.DispatcherServlet - Exiting from "FORWARD" dispatch, status 200
2025-09-17 15:39:17 [http-nio-8080-exec-6] DEBUG o.s.web.servlet.DispatcherServlet - Completed 200 OK
2025-09-17 15:39:17 [http-nio-8080-exec-3] DEBUG o.s.web.servlet.DispatcherServlet - GET "/static/js/main.e86a041b.js", parameters={}
2025-09-17 15:39:17 [http-nio-8080-exec-1] DEBUG o.s.web.servlet.DispatcherServlet - GET "/.well-known/appspecific/com.chrome.devtools.json", parameters={}
2025-09-17 15:39:17 [http-nio-8080-exec-10] DEBUG o.s.web.servlet.DispatcherServlet - GET "/static/css/main.9d9a0e93.css", parameters={}
2025-09-17 15:39:17 [http-nio-8080-exec-3] DEBUG o.s.w.s.h.SimpleUrlHandlerMapping - Mapped to ResourceHttpRequestHandler [classpath [META-INF/resources/], classpath [resources/], classpath [static/], classpath [public/], ServletContext [/]]
2025-09-17 15:39:17 [http-nio-8080-exec-1] DEBUG o.s.w.s.h.SimpleUrlHandlerMapping - Mapped to ResourceHttpRequestHandler [classpath [META-INF/resources/], classpath [resources/], classpath [static/], classpath [public/], ServletContext [/]]
2025-09-17 15:39:17 [http-nio-8080-exec-10] DEBUG o.s.w.s.h.SimpleUrlHandlerMapping - Mapped to ResourceHttpRequestHandler [classpath [META-INF/resources/], classpath [resources/], classpath [static/], classpath [public/], ServletContext [/]]
2025-09-17 15:39:17 [http-nio-8080-exec-1] DEBUG o.s.w.s.r.ResourceHttpRequestHandler - Resource not found
2025-09-17 15:39:17 [http-nio-8080-exec-1] DEBUG o.s.w.s.m.m.a.ExceptionHandlerExceptionResolver - Using @ExceptionHandler com.example.DigitalWayfinder.exception.GlobalExceptionHandler#handleGenericException(Exception)
2025-09-17 15:39:17 [http-nio-8080-exec-10] DEBUG o.s.web.servlet.DispatcherServlet - Completed 200 OK
2025-09-17 15:39:17 [http-nio-8080-exec-1] ERROR c.e.D.e.GlobalExceptionHandler - Unexpected exception occurred: No static resource .well-known/appspecific/com.chrome.devtools.json.
org.springframework.web.servlet.resource.NoResourceFoundException: No static resource .well-known/appspecific/com.chrome.devtools.json.
	at org.springframework.web.servlet.resource.ResourceHttpRequestHandler.handleRequest(ResourceHttpRequestHandler.java:585)
	at org.springframework.web.servlet.mvc.HttpRequestHandlerAdapter.handle(HttpRequestHandlerAdapter.java:52)
	at org.springframework.web.servlet.DispatcherServlet.doDispatch(DispatcherServlet.java:1089)
	at org.springframework.web.servlet.DispatcherServlet.doService(DispatcherServlet.java:979)
	at org.springframework.web.servlet.FrameworkServlet.processRequest(FrameworkServlet.java:1014)
	at org.springframework.web.servlet.FrameworkServlet.doGet(FrameworkServlet.java:903)
	at jakarta.servlet.http.HttpServlet.service(HttpServlet.java:564)
	at org.springframework.web.servlet.FrameworkServlet.service(FrameworkServlet.java:885)
	at jakarta.servlet.http.HttpServlet.service(HttpServlet.java:658)
	at org.apache.catalina.core.ApplicationFilterChain.internalDoFilter(ApplicationFilterChain.java:206)
	at org.apache.catalina.core.ApplicationFilterChain.doFilter(ApplicationFilterChain.java:150)
	at org.apache.tomcat.websocket.server.WsFilter.doFilter(WsFilter.java:51)
	at org.apache.catalina.core.ApplicationFilterChain.internalDoFilter(ApplicationFilterChain.java:175)
	at org.apache.catalina.core.ApplicationFilterChain.doFilter(ApplicationFilterChain.java:150)
	at org.springframework.web.filter.RequestContextFilter.doFilterInternal(RequestContextFilter.java:100)
	at org.springframework.web.filter.OncePerRequestFilter.doFilter(OncePerRequestFilter.java:116)
	at org.apache.catalina.core.ApplicationFilterChain.internalDoFilter(ApplicationFilterChain.java:175)
	at org.apache.catalina.core.ApplicationFilterChain.doFilter(ApplicationFilterChain.java:150)
	at org.springframework.web.filter.FormContentFilter.doFilterInternal(FormContentFilter.java:93)
	at org.springframework.web.filter.OncePerRequestFilter.doFilter(OncePerRequestFilter.java:116)
	at org.apache.catalina.core.ApplicationFilterChain.internalDoFilter(ApplicationFilterChain.java:175)
	at org.apache.catalina.core.ApplicationFilterChain.doFilter(ApplicationFilterChain.java:150)
	at org.springframework.web.filter.ServerHttpObservationFilter.doFilterInternal(ServerHttpObservationFilter.java:109)
	at org.springframework.web.filter.OncePerRequestFilter.doFilter(OncePerRequestFilter.java:116)
	at org.apache.catalina.core.ApplicationFilterChain.internalDoFilter(ApplicationFilterChain.java:175)
	at org.apache.catalina.core.ApplicationFilterChain.doFilter(ApplicationFilterChain.java:150)
	at org.springframework.web.filter.CharacterEncodingFilter.doFilterInternal(CharacterEncodingFilter.java:201)
	at org.springframework.web.filter.OncePerRequestFilter.doFilter(OncePerRequestFilter.java:116)
	at org.apache.catalina.core.ApplicationFilterChain.internalDoFilter(ApplicationFilterChain.java:175)
	at org.apache.catalina.core.ApplicationFilterChain.doFilter(ApplicationFilterChain.java:150)
	at org.apache.catalina.core.StandardWrapperValve.invoke(StandardWrapperValve.java:167)
	at org.apache.catalina.core.StandardContextValve.invoke(StandardContextValve.java:90)
	at org.apache.catalina.authenticator.AuthenticatorBase.invoke(AuthenticatorBase.java:482)
	at org.apache.catalina.core.StandardHostValve.invoke(StandardHostValve.java:115)
	at org.apache.catalina.valves.ErrorReportValve.invoke(ErrorReportValve.java:93)
	at org.apache.catalina.core.StandardEngineValve.invoke(StandardEngineValve.java:74)
	at org.apache.catalina.connector.CoyoteAdapter.service(CoyoteAdapter.java:344)
	at org.apache.coyote.http11.Http11Processor.service(Http11Processor.java:391)
	at org.apache.coyote.AbstractProcessorLight.process(AbstractProcessorLight.java:63)
	at org.apache.coyote.AbstractProtocol$ConnectionHandler.process(AbstractProtocol.java:896)
	at org.apache.tomcat.util.net.NioEndpoint$SocketProcessor.doRun(NioEndpoint.java:1736)
	at org.apache.tomcat.util.net.SocketProcessorBase.run(SocketProcessorBase.java:52)
	at org.apache.tomcat.util.threads.ThreadPoolExecutor.runWorker(ThreadPoolExecutor.java:1191)
	at org.apache.tomcat.util.threads.ThreadPoolExecutor$Worker.run(ThreadPoolExecutor.java:659)
	at org.apache.tomcat.util.threads.TaskThread$WrappingRunnable.run(TaskThread.java:63)
	at java.base/java.lang.Thread.run(Thread.java:1570)
2025-09-17 15:39:17 [http-nio-8080-exec-3] DEBUG o.s.web.servlet.DispatcherServlet - Completed 200 OK
2025-09-17 15:39:17 [http-nio-8080-exec-1] DEBUG o.s.w.s.m.m.a.HttpEntityMethodProcessor - Using 'text/plain', given [*/*] and supported [text/plain, */*, application/json, application/*+json]
2025-09-17 15:39:17 [http-nio-8080-exec-3] DEBUG o.s.web.servlet.DispatcherServlet - GET "/static/css/main.9d9a0e93.css.map", parameters={}
2025-09-17 15:39:17 [http-nio-8080-exec-1] DEBUG o.s.w.s.m.m.a.HttpEntityMethodProcessor - Writing ["An unexpected error occurred"]
2025-09-17 15:39:17 [http-nio-8080-exec-3] DEBUG o.s.w.s.h.SimpleUrlHandlerMapping - Mapped to ResourceHttpRequestHandler [classpath [META-INF/resources/], classpath [resources/], classpath [static/], classpath [public/], ServletContext [/]]
2025-09-17 15:39:17 [http-nio-8080-exec-1] WARN  o.s.w.s.m.m.a.ExceptionHandlerExceptionResolver - Resolved [org.springframework.web.servlet.resource.NoResourceFoundException: No static resource .well-known/appspecific/com.chrome.devtools.json.]
2025-09-17 15:39:17 [http-nio-8080-exec-1] DEBUG o.s.web.servlet.DispatcherServlet - Completed 500 INTERNAL_SERVER_ERROR
2025-09-17 15:39:17 [http-nio-8080-exec-3] DEBUG o.s.web.servlet.DispatcherServlet - Completed 200 OK
2025-09-17 15:39:17 [http-nio-8080-exec-8] DEBUG o.s.web.servlet.DispatcherServlet - GET "/static/media/logo.2dfd99a2aed3f920a263.png", parameters={}
2025-09-17 15:39:17 [http-nio-8080-exec-5] DEBUG o.s.web.servlet.DispatcherServlet - GET "/static/js/main.e86a041b.js.map", parameters={}
2025-09-17 15:39:17 [http-nio-8080-exec-7] DEBUG o.s.web.servlet.DispatcherServlet - GET "/static/media/Row8-Stocksy_txpaa54b8f6L2q300_OriginalDelivery_4364319.d22bd690ca4ef70ee85c.jpg", parameters={}
2025-09-17 15:39:17 [http-nio-8080-exec-4] DEBUG o.s.web.servlet.DispatcherServlet - GET "/manifest.json", parameters={}
2025-09-17 15:39:17 [http-nio-8080-exec-9] DEBUG o.s.web.servlet.DispatcherServlet - GET "/favicon.ico", parameters={}
2025-09-17 15:39:17 [http-nio-8080-exec-5] DEBUG o.s.w.s.h.SimpleUrlHandlerMapping - Mapped to ResourceHttpRequestHandler [classpath [META-INF/resources/], classpath [resources/], classpath [static/], classpath [public/], ServletContext [/]]
2025-09-17 15:39:17 [http-nio-8080-exec-7] DEBUG o.s.w.s.h.SimpleUrlHandlerMapping - Mapped to ResourceHttpRequestHandler [classpath [META-INF/resources/], classpath [resources/], classpath [static/], classpath [public/], ServletContext [/]]
2025-09-17 15:39:17 [http-nio-8080-exec-4] DEBUG o.s.w.s.h.SimpleUrlHandlerMapping - Mapped to ResourceHttpRequestHandler [classpath [META-INF/resources/], classpath [resources/], classpath [static/], classpath [public/], ServletContext [/]]
2025-09-17 15:39:17 [http-nio-8080-exec-8] DEBUG o.s.w.s.h.SimpleUrlHandlerMapping - Mapped to ResourceHttpRequestHandler [classpath [META-INF/resources/], classpath [resources/], classpath [static/], classpath [public/], ServletContext [/]]
2025-09-17 15:39:17 [http-nio-8080-exec-9] DEBUG o.s.w.s.h.SimpleUrlHandlerMapping - Mapped to ResourceHttpRequestHandler [classpath [META-INF/resources/], classpath [resources/], classpath [static/], classpath [public/], ServletContext [/]]
2025-09-17 15:39:17 [http-nio-8080-exec-4] DEBUG o.s.web.servlet.DispatcherServlet - Completed 200 OK
2025-09-17 15:39:17 [http-nio-8080-exec-2] DEBUG o.s.web.servlet.DispatcherServlet - GET "/logo192.png", parameters={}
2025-09-17 15:39:17 [http-nio-8080-exec-5] DEBUG o.s.web.servlet.DispatcherServlet - Completed 200 OK
2025-09-17 15:39:17 [http-nio-8080-exec-8] DEBUG o.s.web.servlet.DispatcherServlet - Completed 200 OK
2025-09-17 15:39:17 [http-nio-8080-exec-2] DEBUG o.s.w.s.h.SimpleUrlHandlerMapping - Mapped to ResourceHttpRequestHandler [classpath [META-INF/resources/], classpath [resources/], classpath [static/], classpath [public/], ServletContext [/]]
2025-09-17 15:39:17 [http-nio-8080-exec-9] DEBUG o.s.web.servlet.DispatcherServlet - Completed 200 OK
2025-09-17 15:39:17 [http-nio-8080-exec-2] DEBUG o.s.web.servlet.DispatcherServlet - Completed 200 OK
2025-09-17 15:39:18 [http-nio-8080-exec-7] DEBUG o.s.web.servlet.DispatcherServlet - Completed 200 OK
2025-09-17 15:39:19 [http-nio-8080-exec-6] DEBUG o.s.web.servlet.DispatcherServlet - GET "/static/media/Row8-Stocksy_txpaa54b8f6L2q300_OriginalDelivery_4364319.d22bd690ca4ef70ee85c.jpg", parameters={}
2025-09-17 15:39:19 [http-nio-8080-exec-6] DEBUG o.s.w.s.h.SimpleUrlHandlerMapping - Mapped to ResourceHttpRequestHandler [classpath [META-INF/resources/], classpath [resources/], classpath [static/], classpath [public/], ServletContext [/]]
2025-09-17 15:39:20 [http-nio-8080-exec-6] DEBUG o.s.web.servlet.DispatcherServlet - Completed 200 OK
2025-09-17 15:39:21 [http-nio-8080-exec-10] DEBUG o.s.web.servlet.DispatcherServlet - GET "/api/decision-tree/project-info/get", parameters={}
2025-09-17 15:39:21 [http-nio-8080-exec-10] DEBUG o.s.w.s.h.SimpleUrlHandlerMapping - Mapped to ResourceHttpRequestHandler [classpath [META-INF/resources/], classpath [resources/], classpath [static/], classpath [public/], ServletContext [/]]
2025-09-17 15:39:21 [http-nio-8080-exec-10] DEBUG o.s.w.s.r.ResourceHttpRequestHandler - Resource not found
2025-09-17 15:39:21 [http-nio-8080-exec-10] DEBUG o.s.w.s.m.m.a.ExceptionHandlerExceptionResolver - Using @ExceptionHandler com.example.DigitalWayfinder.exception.GlobalExceptionHandler#handleGenericException(Exception)
2025-09-17 15:39:21 [http-nio-8080-exec-10] ERROR c.e.D.e.GlobalExceptionHandler - Unexpected exception occurred: No static resource api/decision-tree/project-info/get.
org.springframework.web.servlet.resource.NoResourceFoundException: No static resource api/decision-tree/project-info/get.
	at org.springframework.web.servlet.resource.ResourceHttpRequestHandler.handleRequest(ResourceHttpRequestHandler.java:585)
	at org.springframework.web.servlet.mvc.HttpRequestHandlerAdapter.handle(HttpRequestHandlerAdapter.java:52)
	at org.springframework.web.servlet.DispatcherServlet.doDispatch(DispatcherServlet.java:1089)
	at org.springframework.web.servlet.DispatcherServlet.doService(DispatcherServlet.java:979)
	at org.springframework.web.servlet.FrameworkServlet.processRequest(FrameworkServlet.java:1014)
	at org.springframework.web.servlet.FrameworkServlet.doGet(FrameworkServlet.java:903)
	at jakarta.servlet.http.HttpServlet.service(HttpServlet.java:564)
	at org.springframework.web.servlet.FrameworkServlet.service(FrameworkServlet.java:885)
	at jakarta.servlet.http.HttpServlet.service(HttpServlet.java:658)
	at org.apache.catalina.core.ApplicationFilterChain.internalDoFilter(ApplicationFilterChain.java:206)
	at org.apache.catalina.core.ApplicationFilterChain.doFilter(ApplicationFilterChain.java:150)
	at org.apache.tomcat.websocket.server.WsFilter.doFilter(WsFilter.java:51)
	at org.apache.catalina.core.ApplicationFilterChain.internalDoFilter(ApplicationFilterChain.java:175)
	at org.apache.catalina.core.ApplicationFilterChain.doFilter(ApplicationFilterChain.java:150)
	at org.springframework.web.filter.RequestContextFilter.doFilterInternal(RequestContextFilter.java:100)
	at org.springframework.web.filter.OncePerRequestFilter.doFilter(OncePerRequestFilter.java:116)
	at org.apache.catalina.core.ApplicationFilterChain.internalDoFilter(ApplicationFilterChain.java:175)
	at org.apache.catalina.core.ApplicationFilterChain.doFilter(ApplicationFilterChain.java:150)
	at org.springframework.web.filter.FormContentFilter.doFilterInternal(FormContentFilter.java:93)
	at org.springframework.web.filter.OncePerRequestFilter.doFilter(OncePerRequestFilter.java:116)
	at org.apache.catalina.core.ApplicationFilterChain.internalDoFilter(ApplicationFilterChain.java:175)
	at org.apache.catalina.core.ApplicationFilterChain.doFilter(ApplicationFilterChain.java:150)
	at org.springframework.web.filter.ServerHttpObservationFilter.doFilterInternal(ServerHttpObservationFilter.java:109)
	at org.springframework.web.filter.OncePerRequestFilter.doFilter(OncePerRequestFilter.java:116)
	at org.apache.catalina.core.ApplicationFilterChain.internalDoFilter(ApplicationFilterChain.java:175)
	at org.apache.catalina.core.ApplicationFilterChain.doFilter(ApplicationFilterChain.java:150)
	at org.springframework.web.filter.CharacterEncodingFilter.doFilterInternal(CharacterEncodingFilter.java:201)
	at org.springframework.web.filter.OncePerRequestFilter.doFilter(OncePerRequestFilter.java:116)
	at org.apache.catalina.core.ApplicationFilterChain.internalDoFilter(ApplicationFilterChain.java:175)
	at org.apache.catalina.core.ApplicationFilterChain.doFilter(ApplicationFilterChain.java:150)
	at org.apache.catalina.core.StandardWrapperValve.invoke(StandardWrapperValve.java:167)
	at org.apache.catalina.core.StandardContextValve.invoke(StandardContextValve.java:90)
	at org.apache.catalina.authenticator.AuthenticatorBase.invoke(AuthenticatorBase.java:482)
	at org.apache.catalina.core.StandardHostValve.invoke(StandardHostValve.java:115)
	at org.apache.catalina.valves.ErrorReportValve.invoke(ErrorReportValve.java:93)
	at org.apache.catalina.core.StandardEngineValve.invoke(StandardEngineValve.java:74)
	at org.apache.catalina.connector.CoyoteAdapter.service(CoyoteAdapter.java:344)
	at org.apache.coyote.http11.Http11Processor.service(Http11Processor.java:391)
	at org.apache.coyote.AbstractProcessorLight.process(AbstractProcessorLight.java:63)
	at org.apache.coyote.AbstractProtocol$ConnectionHandler.process(AbstractProtocol.java:896)
	at org.apache.tomcat.util.net.NioEndpoint$SocketProcessor.doRun(NioEndpoint.java:1736)
	at org.apache.tomcat.util.net.SocketProcessorBase.run(SocketProcessorBase.java:52)
	at org.apache.tomcat.util.threads.ThreadPoolExecutor.runWorker(ThreadPoolExecutor.java:1191)
	at org.apache.tomcat.util.threads.ThreadPoolExecutor$Worker.run(ThreadPoolExecutor.java:659)
	at org.apache.tomcat.util.threads.TaskThread$WrappingRunnable.run(TaskThread.java:63)
	at java.base/java.lang.Thread.run(Thread.java:1570)
2025-09-17 15:39:21 [http-nio-8080-exec-10] DEBUG o.s.w.s.m.m.a.HttpEntityMethodProcessor - Using 'text/plain', given [*/*] and supported [text/plain, */*, application/json, application/*+json]
2025-09-17 15:39:21 [http-nio-8080-exec-10] DEBUG o.s.w.s.m.m.a.HttpEntityMethodProcessor - Writing ["An unexpected error occurred"]
2025-09-17 15:39:21 [http-nio-8080-exec-10] WARN  o.s.w.s.m.m.a.ExceptionHandlerExceptionResolver - Resolved [org.springframework.web.servlet.resource.NoResourceFoundException: No static resource api/decision-tree/project-info/get.]
2025-09-17 15:39:21 [http-nio-8080-exec-1] DEBUG o.s.web.servlet.DispatcherServlet - GET "/static/media/dashboard.fc64719693ae8c17e7c5.png", parameters={}
2025-09-17 15:39:21 [http-nio-8080-exec-10] DEBUG o.s.web.servlet.DispatcherServlet - Completed 500 INTERNAL_SERVER_ERROR
2025-09-17 15:39:21 [http-nio-8080-exec-1] DEBUG o.s.w.s.h.SimpleUrlHandlerMapping - Mapped to ResourceHttpRequestHandler [classpath [META-INF/resources/], classpath [resources/], classpath [static/], classpath [public/], ServletContext [/]]
2025-09-17 15:39:21 [http-nio-8080-exec-1] DEBUG o.s.web.servlet.DispatcherServlet - Completed 200 OK
2025-09-17 15:39:26 [http-nio-8080-exec-3] DEBUG o.s.web.servlet.DispatcherServlet - POST "/api/decision-tree/project-info/save", parameters={}
2025-09-17 15:39:26 [http-nio-8080-exec-3] DEBUG o.s.w.s.m.m.a.RequestMappingHandlerMapping - Mapped to com.example.DigitalWayfinder.controller.ProjectInfoController#saveProjectInfo(ProjectInfoRequest, UserSession)
2025-09-17 15:39:26 [http-nio-8080-exec-3] DEBUG o.s.w.s.m.m.a.RequestResponseBodyMethodProcessor - Read "application/json;charset=UTF-8" to [ProjectInfoRequest(projectType=internal, requestID=1234, clientName=rqwerwf, clientDescription=, pro (truncated)...]
2025-09-17 15:39:26 [http-nio-8080-exec-3] INFO  c.e.D.c.ProjectInfoController - Received request to save project info: 1234 for user: USER-FCB38E31 in session: 77D27EF9C20E87C35B9CFB683258F415
2025-09-17 15:39:27 [http-nio-8080-exec-3] INFO  c.e.D.service.ProjectInfoService - Processing project info for request ID: 1234 by user: USER-FCB38E31 in session: 77D27EF9C20E87C35B9CFB683258F415
2025-09-17 15:39:27 [http-nio-8080-exec-3] DEBUG org.hibernate.SQL - 
    select
        pt1_0.id,
        pt1_0.ClientDescription,
        pt1_0.ClientName,
        pt1_0.CreatedDate,
        pt1_0.ProjectScope,
        pt1_0.ProjectType,
        pt1_0.RequestID,
        pt1_0.SessionID,
        pt1_0.UserID 
    from
        ProjectType pt1_0 
    where
        pt1_0.UserID=? 
        and pt1_0.SessionID=?
2025-09-17 15:39:27 [http-nio-8080-exec-3] INFO  c.e.D.service.ProjectInfoService - Updating existing project with ID: 219
2025-09-17 15:39:27 [http-nio-8080-exec-3] INFO  c.e.D.service.ProjectInfoService - Project information updated successfully with ID: 219
2025-09-17 15:39:27 [http-nio-8080-exec-3] DEBUG o.s.w.s.m.m.a.HttpEntityMethodProcessor - Using 'application/json', given [*/*] and supported [application/json, application/*+json]
2025-09-17 15:39:27 [http-nio-8080-exec-3] DEBUG o.s.w.s.m.m.a.HttpEntityMethodProcessor - Writing [ProjectInfoResponse(id=219, userID=USER-FCB38E31, projectType=internal, requestID=1234, clientName=r (truncated)...]
2025-09-17 15:39:27 [http-nio-8080-exec-3] DEBUG o.s.web.servlet.DispatcherServlet - Completed 200 OK
2025-09-17 15:39:27 [http-nio-8080-exec-4] DEBUG o.s.web.servlet.DispatcherServlet - GET "/static/media/dashboard.fc64719693ae8c17e7c5.png", parameters={}
2025-09-17 15:39:27 [http-nio-8080-exec-4] DEBUG o.s.w.s.h.SimpleUrlHandlerMapping - Mapped to ResourceHttpRequestHandler [classpath [META-INF/resources/], classpath [resources/], classpath [static/], classpath [public/], ServletContext [/]]
2025-09-17 15:39:27 [http-nio-8080-exec-4] DEBUG o.s.web.servlet.DispatcherServlet - Completed 200 OK
2025-09-17 15:39:27 [http-nio-8080-exec-5] DEBUG o.s.web.servlet.DispatcherServlet - GET "/static/media/supply-chain-planning.e00cda5f9f556d0f2f7b.png", parameters={}
2025-09-17 15:39:27 [http-nio-8080-exec-8] DEBUG o.s.web.servlet.DispatcherServlet - GET "/static/media/supply-chain-fulfillment.6dc3aaa89826c6c2506e.png", parameters={}
2025-09-17 15:39:27 [http-nio-8080-exec-5] DEBUG o.s.w.s.h.SimpleUrlHandlerMapping - Mapped to ResourceHttpRequestHandler [classpath [META-INF/resources/], classpath [resources/], classpath [static/], classpath [public/], ServletContext [/]]
2025-09-17 15:39:27 [http-nio-8080-exec-8] DEBUG o.s.w.s.h.SimpleUrlHandlerMapping - Mapped to ResourceHttpRequestHandler [classpath [META-INF/resources/], classpath [resources/], classpath [static/], classpath [public/], ServletContext [/]]
2025-09-17 15:39:27 [http-nio-8080-exec-8] DEBUG o.s.web.servlet.DispatcherServlet - Completed 200 OK
2025-09-17 15:39:28 [http-nio-8080-exec-5] DEBUG o.s.web.servlet.DispatcherServlet - Completed 200 OK
2025-09-17 15:39:28 [http-nio-8080-exec-9] DEBUG o.s.web.servlet.DispatcherServlet - GET "/static/media/supply-chain-fulfillment.6dc3aaa89826c6c2506e.png", parameters={}
2025-09-17 15:39:28 [http-nio-8080-exec-9] DEBUG o.s.w.s.h.SimpleUrlHandlerMapping - Mapped to ResourceHttpRequestHandler [classpath [META-INF/resources/], classpath [resources/], classpath [static/], classpath [public/], ServletContext [/]]
2025-09-17 15:39:28 [http-nio-8080-exec-9] DEBUG o.s.web.servlet.DispatcherServlet - Completed 200 OK
2025-09-17 15:39:28 [http-nio-8080-exec-2] DEBUG o.s.web.servlet.DispatcherServlet - GET "/static/media/supply-chain-planning.e00cda5f9f556d0f2f7b.png", parameters={}
2025-09-17 15:39:28 [http-nio-8080-exec-2] DEBUG o.s.w.s.h.SimpleUrlHandlerMapping - Mapped to ResourceHttpRequestHandler [classpath [META-INF/resources/], classpath [resources/], classpath [static/], classpath [public/], ServletContext [/]]
2025-09-17 15:39:28 [http-nio-8080-exec-2] DEBUG o.s.web.servlet.DispatcherServlet - Completed 200 OK
2025-09-17 15:39:30 [http-nio-8080-exec-6] DEBUG o.s.web.servlet.DispatcherServlet - GET "/static/media/warehouse-management.0fed6bc421ff6a0d0bb2.png", parameters={}
2025-09-17 15:39:30 [http-nio-8080-exec-7] DEBUG o.s.web.servlet.DispatcherServlet - GET "/static/media/dashboard.fc64719693ae8c17e7c5.png", parameters={}
2025-09-17 15:39:30 [http-nio-8080-exec-1] DEBUG o.s.web.servlet.DispatcherServlet - GET "/static/media/order-management.f7bd9a2446beb26e5bc1.png", parameters={}
2025-09-17 15:39:30 [http-nio-8080-exec-10] DEBUG o.s.web.servlet.DispatcherServlet - GET "/static/media/transportation-management.441e7de72d119d4043ce.png", parameters={}
2025-09-17 15:39:30 [http-nio-8080-exec-6] DEBUG o.s.w.s.h.SimpleUrlHandlerMapping - Mapped to ResourceHttpRequestHandler [classpath [META-INF/resources/], classpath [resources/], classpath [static/], classpath [public/], ServletContext [/]]
2025-09-17 15:39:30 [http-nio-8080-exec-1] DEBUG o.s.w.s.h.SimpleUrlHandlerMapping - Mapped to ResourceHttpRequestHandler [classpath [META-INF/resources/], classpath [resources/], classpath [static/], classpath [public/], ServletContext [/]]
2025-09-17 15:39:30 [http-nio-8080-exec-10] DEBUG o.s.w.s.h.SimpleUrlHandlerMapping - Mapped to ResourceHttpRequestHandler [classpath [META-INF/resources/], classpath [resources/], classpath [static/], classpath [public/], ServletContext [/]]
2025-09-17 15:39:30 [http-nio-8080-exec-7] DEBUG o.s.w.s.h.SimpleUrlHandlerMapping - Mapped to ResourceHttpRequestHandler [classpath [META-INF/resources/], classpath [resources/], classpath [static/], classpath [public/], ServletContext [/]]
2025-09-17 15:39:30 [http-nio-8080-exec-7] DEBUG o.s.web.servlet.DispatcherServlet - Completed 200 OK
2025-09-17 15:39:30 [http-nio-8080-exec-1] DEBUG o.s.web.servlet.DispatcherServlet - Completed 200 OK
2025-09-17 15:39:30 [http-nio-8080-exec-6] DEBUG o.s.web.servlet.DispatcherServlet - Completed 200 OK
2025-09-17 15:39:31 [http-nio-8080-exec-3] DEBUG o.s.web.servlet.DispatcherServlet - GET "/static/media/order-management.f7bd9a2446beb26e5bc1.png", parameters={}
2025-09-17 15:39:31 [http-nio-8080-exec-3] DEBUG o.s.w.s.h.SimpleUrlHandlerMapping - Mapped to ResourceHttpRequestHandler [classpath [META-INF/resources/], classpath [resources/], classpath [static/], classpath [public/], ServletContext [/]]
2025-09-17 15:39:31 [http-nio-8080-exec-3] DEBUG o.s.web.servlet.DispatcherServlet - Completed 200 OK
2025-09-17 15:39:31 [http-nio-8080-exec-4] DEBUG o.s.web.servlet.DispatcherServlet - GET "/static/media/order-management.f7bd9a2446beb26e5bc1.png", parameters={}
2025-09-17 15:39:31 [http-nio-8080-exec-4] DEBUG o.s.w.s.h.SimpleUrlHandlerMapping - Mapped to ResourceHttpRequestHandler [classpath [META-INF/resources/], classpath [resources/], classpath [static/], classpath [public/], ServletContext [/]]
2025-09-17 15:39:31 [http-nio-8080-exec-8] DEBUG o.s.web.servlet.DispatcherServlet - GET "/static/media/warehouse-management.0fed6bc421ff6a0d0bb2.png", parameters={}
2025-09-17 15:39:31 [http-nio-8080-exec-8] DEBUG o.s.w.s.h.SimpleUrlHandlerMapping - Mapped to ResourceHttpRequestHandler [classpath [META-INF/resources/], classpath [resources/], classpath [static/], classpath [public/], ServletContext [/]]
2025-09-17 15:39:31 [http-nio-8080-exec-4] DEBUG o.s.web.servlet.DispatcherServlet - Completed 200 OK
2025-09-17 15:39:31 [http-nio-8080-exec-8] DEBUG o.s.web.servlet.DispatcherServlet - Completed 200 OK
2025-09-17 15:39:32 [http-nio-8080-exec-10] DEBUG o.s.web.servlet.DispatcherServlet - Completed 200 OK
2025-09-17 15:39:34 [http-nio-8080-exec-10] DEBUG o.s.web.servlet.DispatcherServlet - GET "/static/media/Blueyonder.58d4f4950656f6f8b79e.png", parameters={}
2025-09-17 15:39:34 [http-nio-8080-exec-10] DEBUG o.s.w.s.h.SimpleUrlHandlerMapping - Mapped to ResourceHttpRequestHandler [classpath [META-INF/resources/], classpath [resources/], classpath [static/], classpath [public/], ServletContext [/]]
2025-09-17 15:39:34 [http-nio-8080-exec-4] DEBUG o.s.web.servlet.DispatcherServlet - GET "/static/media/dashboard.fc64719693ae8c17e7c5.png", parameters={}
2025-09-17 15:39:34 [http-nio-8080-exec-8] DEBUG o.s.web.servlet.DispatcherServlet - GET "/static/media/SAP.85bae5998550b4e2f11a.jpg", parameters={}
2025-09-17 15:39:34 [http-nio-8080-exec-4] DEBUG o.s.w.s.h.SimpleUrlHandlerMapping - Mapped to ResourceHttpRequestHandler [classpath [META-INF/resources/], classpath [resources/], classpath [static/], classpath [public/], ServletContext [/]]
2025-09-17 15:39:34 [http-nio-8080-exec-8] DEBUG o.s.w.s.h.SimpleUrlHandlerMapping - Mapped to ResourceHttpRequestHandler [classpath [META-INF/resources/], classpath [resources/], classpath [static/], classpath [public/], ServletContext [/]]
2025-09-17 15:39:34 [http-nio-8080-exec-10] DEBUG o.s.web.servlet.DispatcherServlet - Completed 200 OK
2025-09-17 15:39:34 [http-nio-8080-exec-8] DEBUG o.s.web.servlet.DispatcherServlet - Completed 200 OK
2025-09-17 15:39:34 [http-nio-8080-exec-4] DEBUG o.s.web.servlet.DispatcherServlet - Completed 200 OK
2025-09-17 15:39:34 [http-nio-8080-exec-2] DEBUG o.s.web.servlet.DispatcherServlet - GET "/static/media/transportation-management.441e7de72d119d4043ce.png", parameters={}
2025-09-17 15:39:34 [http-nio-8080-exec-2] DEBUG o.s.w.s.h.SimpleUrlHandlerMapping - Mapped to ResourceHttpRequestHandler [classpath [META-INF/resources/], classpath [resources/], classpath [static/], classpath [public/], ServletContext [/]]
2025-09-17 15:39:36 [http-nio-8080-exec-7] DEBUG o.s.web.servlet.DispatcherServlet - GET "/api/digital-wayfinder/questionnaire/data-cloud/get-questions?functionalSubArea=Transportation%20Management%20System", parameters={masked}
2025-09-17 15:39:36 [http-nio-8080-exec-7] DEBUG o.s.w.s.m.m.a.RequestMappingHandlerMapping - Mapped to com.example.DigitalWayfinder.controller.QuestionnaireController#getDataCloudQuestions(String, UserSession)
2025-09-17 15:39:36 [http-nio-8080-exec-7] INFO  c.e.D.c.QuestionnaireController - Received request for Data & Cloud questions - functionalSubArea: Transportation Management System, user: USER-FCB38E31, session: 77D27EF9C20E87C35B9CFB683258F415
2025-09-17 15:39:36 [http-nio-8080-exec-7] INFO  c.e.D.service.QuestionnaireService - Fetching questions for functionalSubArea: Transportation Management System, category: Data & Cloud, userId: USER-FCB38E31, sessionId: 77D27EF9C20E87C35B9CFB683258F415
2025-09-17 15:39:36 [http-nio-8080-exec-7] INFO  c.e.D.service.QuestionnaireService - Fetching questions from TMS table for category: Data & Cloud
2025-09-17 15:39:36 [http-nio-8080-exec-7] DEBUG org.hibernate.SQL - 
    select
        tq1_0.category,
        tq1_0.question,
        tq1_0.[Answer Type] 
    from
        TMS_Questionnaire tq1_0 
    where
        tq1_0.category=?
2025-09-17 15:39:36 [http-nio-8080-exec-2] DEBUG o.s.web.servlet.DispatcherServlet - Completed 200 OK
2025-09-17 15:39:37 [http-nio-8080-exec-7] INFO  c.e.D.service.QuestionnaireService - Successfully fetched 4 TMS questions for category: Data & Cloud
2025-09-17 15:39:37 [http-nio-8080-exec-7] INFO  c.e.D.c.QuestionnaireController - Successfully returning questions for functionalSubArea: Transportation Management System
2025-09-17 15:39:37 [http-nio-8080-exec-7] DEBUG o.s.w.s.m.m.a.HttpEntityMethodProcessor - Using 'application/json', given [*/*] and supported [application/json, application/*+json]
2025-09-17 15:39:37 [http-nio-8080-exec-7] DEBUG o.s.w.s.m.m.a.HttpEntityMethodProcessor - Writing [QuestionnaireResponse(userId=USER-FCB38E31, sessionId=77D27EF9C20E87C35B9CFB683258F415, functionalSu (truncated)...]
2025-09-17 15:39:37 [http-nio-8080-exec-7] DEBUG o.s.web.servlet.DispatcherServlet - Completed 200 OK
2025-09-17 15:39:43 [http-nio-8080-exec-9] DEBUG o.s.web.servlet.DispatcherServlet - POST "/api/digital-wayfinder/questionnaire/data-cloud/save-answers", parameters={}
2025-09-17 15:39:43 [http-nio-8080-exec-9] DEBUG o.s.w.s.m.m.a.RequestMappingHandlerMapping - Mapped to com.example.DigitalWayfinder.controller.QuestionnaireController#saveDataCloudAnswers(SaveAnswersRequest, UserSession)
2025-09-17 15:39:43 [http-nio-8080-exec-9] DEBUG o.s.w.s.m.m.a.RequestResponseBodyMethodProcessor - Read "application/json;charset=UTF-8" to [SaveAnswersRequest(functionalArea=Supply Chain Fulfillment, functionalSubArea=Transportation Managem (truncated)...]
2025-09-17 15:39:43 [http-nio-8080-exec-9] INFO  c.e.D.c.QuestionnaireController - Received request to save Data & Cloud answers - user: USER-FCB38E31, session: 77D27EF9C20E87C35B9CFB683258F415
2025-09-17 15:39:43 [http-nio-8080-exec-9] INFO  c.e.D.service.QuestionnaireService - Saving answers for category: Data & Cloud, userId: USER-FCB38E31, sessionId: 77D27EF9C20E87C35B9CFB683258F415
2025-09-17 15:39:43 [http-nio-8080-exec-9] INFO  c.e.D.service.QuestionnaireService - Using provided session - User: USER-FCB38E31, Session: 77D27EF9C20E87C35B9CFB683258F415
2025-09-17 15:39:43 [http-nio-8080-exec-9] DEBUG org.hibernate.SQL - 
    select
        d1_0.id,
        d1_0.Category,
        d1_0.FunctionalArea,
        d1_0.FunctionalSubArea,
        d1_0.Question,
        d1_0.ResponseType,
        d1_0.SessionID,
        d1_0.UserID 
    from
        DWQuestions d1_0 
    where
        d1_0.UserID=? 
        and d1_0.SessionID=? 
        and d1_0.Category=? 
        and d1_0.Question=?
2025-09-17 15:39:44 [http-nio-8080-exec-9] DEBUG org.hibernate.SQL - 
    select
        d1_0.id,
        d1_0.Category,
        d1_0.FunctionalArea,
        d1_0.FunctionalSubArea,
        d1_0.Question,
        d1_0.ResponseType,
        d1_0.SessionID,
        d1_0.UserID 
    from
        DWQuestions d1_0 
    where
        d1_0.UserID=? 
        and d1_0.SessionID=? 
        and d1_0.Category=? 
        and d1_0.Question=?
2025-09-17 15:39:45 [http-nio-8080-exec-9] DEBUG org.hibernate.SQL - 
    update
        DWQuestions 
    set
        Category=?,
        FunctionalArea=?,
        FunctionalSubArea=?,
        Question=?,
        ResponseType=?,
        SessionID=?,
        UserID=? 
    where
        id=?
2025-09-17 15:39:45 [http-nio-8080-exec-9] DEBUG org.hibernate.SQL - 
    select
        d1_0.id,
        d1_0.Category,
        d1_0.FunctionalArea,
        d1_0.FunctionalSubArea,
        d1_0.Question,
        d1_0.ResponseType,
        d1_0.SessionID,
        d1_0.UserID 
    from
        DWQuestions d1_0 
    where
        d1_0.UserID=? 
        and d1_0.SessionID=? 
        and d1_0.Category=? 
        and d1_0.Question=?
2025-09-17 15:39:46 [http-nio-8080-exec-9] DEBUG org.hibernate.SQL - 
    update
        DWQuestions 
    set
        Category=?,
        FunctionalArea=?,
        FunctionalSubArea=?,
        Question=?,
        ResponseType=?,
        SessionID=?,
        UserID=? 
    where
        id=?
2025-09-17 15:39:47 [http-nio-8080-exec-9] DEBUG org.hibernate.SQL - 
    select
        d1_0.id,
        d1_0.Category,
        d1_0.FunctionalArea,
        d1_0.FunctionalSubArea,
        d1_0.Question,
        d1_0.ResponseType,
        d1_0.SessionID,
        d1_0.UserID 
    from
        DWQuestions d1_0 
    where
        d1_0.UserID=? 
        and d1_0.SessionID=? 
        and d1_0.Category=? 
        and d1_0.Question=?
2025-09-17 15:39:48 [http-nio-8080-exec-9] INFO  c.e.D.service.QuestionnaireService - Successfully saved 4 answers for category: Data & Cloud with session: 77D27EF9C20E87C35B9CFB683258F415
2025-09-17 15:39:48 [http-nio-8080-exec-9] INFO  c.e.D.c.QuestionnaireController - Successfully saved 4 Data & Cloud answers
2025-09-17 15:39:48 [http-nio-8080-exec-9] DEBUG o.s.w.s.m.m.a.HttpEntityMethodProcessor - Using 'application/json', given [*/*] and supported [application/json, application/*+json]
2025-09-17 15:39:48 [http-nio-8080-exec-9] DEBUG o.s.w.s.m.m.a.HttpEntityMethodProcessor - Writing [SaveAnswersResponse(userId=USER-FCB38E31, sessionId=77D27EF9C20E87C35B9CFB683258F415, functionalArea (truncated)...]
2025-09-17 15:39:48 [http-nio-8080-exec-9] DEBUG o.s.web.servlet.DispatcherServlet - Completed 201 CREATED
2025-09-17 15:39:48 [http-nio-8080-exec-1] DEBUG o.s.web.servlet.DispatcherServlet - GET "/api/digital-wayfinder/questionnaire/operational-innovations/get-questions?functionalSubArea=Transportation%20Management%20System", parameters={masked}
2025-09-17 15:39:48 [http-nio-8080-exec-1] DEBUG o.s.w.s.m.m.a.RequestMappingHandlerMapping - Mapped to com.example.DigitalWayfinder.controller.QuestionnaireController#getOperationalInnovationsQuestions(String, UserSession)
2025-09-17 15:39:48 [http-nio-8080-exec-1] INFO  c.e.D.c.QuestionnaireController - Received request for Operational Innovations questions - functionalSubArea: Transportation Management System, user: USER-FCB38E31, session: 77D27EF9C20E87C35B9CFB683258F415
2025-09-17 15:39:48 [http-nio-8080-exec-1] INFO  c.e.D.service.QuestionnaireService - Fetching questions for functionalSubArea: Transportation Management System, category: Operational Innovations, userId: USER-FCB38E31, sessionId: 77D27EF9C20E87C35B9CFB683258F415
2025-09-17 15:39:48 [http-nio-8080-exec-1] INFO  c.e.D.service.QuestionnaireService - Fetching questions from TMS table for category: Operational Innovations
2025-09-17 15:39:48 [http-nio-8080-exec-1] DEBUG org.hibernate.SQL - 
    select
        tq1_0.category,
        tq1_0.question,
        tq1_0.[Answer Type] 
    from
        TMS_Questionnaire tq1_0 
    where
        tq1_0.category=?
2025-09-17 15:39:49 [http-nio-8080-exec-1] INFO  c.e.D.service.QuestionnaireService - Successfully fetched 14 TMS questions for category: Operational Innovations
2025-09-17 15:39:49 [http-nio-8080-exec-1] INFO  c.e.D.c.QuestionnaireController - Successfully returning questions for functionalSubArea: Transportation Management System
2025-09-17 15:39:49 [http-nio-8080-exec-1] DEBUG o.s.w.s.m.m.a.HttpEntityMethodProcessor - Using 'application/json', given [*/*] and supported [application/json, application/*+json]
2025-09-17 15:39:49 [http-nio-8080-exec-1] DEBUG o.s.w.s.m.m.a.HttpEntityMethodProcessor - Writing [QuestionnaireResponse(userId=USER-FCB38E31, sessionId=77D27EF9C20E87C35B9CFB683258F415, functionalSu (truncated)...]
2025-09-17 15:39:49 [http-nio-8080-exec-1] DEBUG o.s.web.servlet.DispatcherServlet - Completed 200 OK
2025-09-17 15:39:49 [http-nio-8080-exec-5] DEBUG o.s.web.servlet.DispatcherServlet - GET "/api/digital-wayfinder/questionnaire/operational-innovations/get-answers?functionalSubArea=Warehouse%20Management%20System", parameters={masked}
2025-09-17 15:39:49 [http-nio-8080-exec-5] DEBUG o.s.w.s.m.m.a.RequestMappingHandlerMapping - Mapped to com.example.DigitalWayfinder.controller.QuestionnaireController#getOperationalInnovationsAnswers(UserSession)
2025-09-17 15:39:49 [http-nio-8080-exec-5] INFO  c.e.D.c.QuestionnaireController - Received request for Operational Innovations answers - user: USER-FCB38E31, session: 77D27EF9C20E87C35B9CFB683258F415
2025-09-17 15:39:49 [http-nio-8080-exec-5] INFO  c.e.D.service.QuestionnaireService - Fetching answers for category: Operational Innovations, userId: USER-FCB38E31, sessionId: 77D27EF9C20E87C35B9CFB683258F415
2025-09-17 15:39:49 [http-nio-8080-exec-5] INFO  c.e.D.service.QuestionnaireService - Using provided session - User: USER-FCB38E31, Session: 77D27EF9C20E87C35B9CFB683258F415
2025-09-17 15:39:49 [http-nio-8080-exec-5] DEBUG org.hibernate.SQL - 
    select
        d1_0.id,
        d1_0.Category,
        d1_0.FunctionalArea,
        d1_0.FunctionalSubArea,
        d1_0.Question,
        d1_0.ResponseType,
        d1_0.SessionID,
        d1_0.UserID 
    from
        DWQuestions d1_0 
    where
        d1_0.Category=? 
        and (
            d1_0.UserID=? 
            or d1_0.UserID is null
        ) 
        and (
            d1_0.SessionID=? 
            or d1_0.SessionID is null
        )
2025-09-17 15:39:49 [http-nio-8080-exec-5] INFO  c.e.D.service.QuestionnaireService - Successfully fetched 28 saved answers for category: Operational Innovations with session: 77D27EF9C20E87C35B9CFB683258F415
2025-09-17 15:39:49 [http-nio-8080-exec-5] INFO  c.e.D.c.QuestionnaireController - Successfully returning 28 Operational Innovations answers
2025-09-17 15:39:49 [http-nio-8080-exec-5] DEBUG o.s.w.s.m.m.a.HttpEntityMethodProcessor - Using 'application/json', given [*/*] and supported [application/json, application/*+json]
2025-09-17 15:39:49 [http-nio-8080-exec-5] DEBUG o.s.w.s.m.m.a.HttpEntityMethodProcessor - Writing [GetAnswersResponse(userId=USER-FCB38E31, sessionId=77D27EF9C20E87C35B9CFB683258F415, functionalSubAr (truncated)...]
2025-09-17 15:39:49 [http-nio-8080-exec-5] DEBUG o.s.web.servlet.DispatcherServlet - Completed 200 OK
2025-09-17 15:39:49 [http-nio-8080-exec-6] DEBUG o.s.web.servlet.DispatcherServlet - GET "/api/digital-wayfinder/questionnaire/data-cloud/get-answers?functionalSubArea=Transportation%20Management%20System", parameters={masked}
2025-09-17 15:39:49 [http-nio-8080-exec-6] DEBUG o.s.w.s.m.m.a.RequestMappingHandlerMapping - Mapped to com.example.DigitalWayfinder.controller.QuestionnaireController#getDataCloudAnswers(UserSession)
2025-09-17 15:39:49 [http-nio-8080-exec-6] INFO  c.e.D.c.QuestionnaireController - Received request for Data & Cloud answers - user: USER-FCB38E31, session: 77D27EF9C20E87C35B9CFB683258F415
2025-09-17 15:39:49 [http-nio-8080-exec-6] INFO  c.e.D.service.QuestionnaireService - Fetching answers for category: Data & Cloud, userId: USER-FCB38E31, sessionId: 77D27EF9C20E87C35B9CFB683258F415
2025-09-17 15:39:49 [http-nio-8080-exec-6] INFO  c.e.D.service.QuestionnaireService - Using provided session - User: USER-FCB38E31, Session: 77D27EF9C20E87C35B9CFB683258F415
2025-09-17 15:39:49 [http-nio-8080-exec-6] DEBUG org.hibernate.SQL - 
    select
        d1_0.id,
        d1_0.Category,
        d1_0.FunctionalArea,
        d1_0.FunctionalSubArea,
        d1_0.Question,
        d1_0.ResponseType,
        d1_0.SessionID,
        d1_0.UserID 
    from
        DWQuestions d1_0 
    where
        d1_0.Category=? 
        and (
            d1_0.UserID=? 
            or d1_0.UserID is null
        ) 
        and (
            d1_0.SessionID=? 
            or d1_0.SessionID is null
        )
2025-09-17 15:39:50 [http-nio-8080-exec-6] INFO  c.e.D.service.QuestionnaireService - Successfully fetched 7 saved answers for category: Data & Cloud with session: 77D27EF9C20E87C35B9CFB683258F415
2025-09-17 15:39:50 [http-nio-8080-exec-6] INFO  c.e.D.c.QuestionnaireController - Successfully returning 7 Data & Cloud answers
2025-09-17 15:39:50 [http-nio-8080-exec-6] DEBUG o.s.w.s.m.m.a.HttpEntityMethodProcessor - Using 'application/json', given [*/*] and supported [application/json, application/*+json]
2025-09-17 15:39:50 [http-nio-8080-exec-6] DEBUG o.s.w.s.m.m.a.HttpEntityMethodProcessor - Writing [GetAnswersResponse(userId=USER-FCB38E31, sessionId=77D27EF9C20E87C35B9CFB683258F415, functionalSubAr (truncated)...]
2025-09-17 15:39:50 [http-nio-8080-exec-6] DEBUG o.s.web.servlet.DispatcherServlet - Completed 200 OK
2025-09-17 15:40:46 [http-nio-8080-exec-4] DEBUG o.s.web.servlet.DispatcherServlet - GET "/static/media/supply-chain-planning.e00cda5f9f556d0f2f7b.png", parameters={}
2025-09-17 15:40:46 [http-nio-8080-exec-2] DEBUG o.s.web.servlet.DispatcherServlet - GET "/static/media/supply-chain-fulfillment.6dc3aaa89826c6c2506e.png", parameters={}
2025-09-17 15:40:46 [http-nio-8080-exec-7] DEBUG o.s.web.servlet.DispatcherServlet - GET "/static/media/warehouse-management.0fed6bc421ff6a0d0bb2.png", parameters={}
2025-09-17 15:40:46 [http-nio-8080-exec-4] DEBUG o.s.w.s.h.SimpleUrlHandlerMapping - Mapped to ResourceHttpRequestHandler [classpath [META-INF/resources/], classpath [resources/], classpath [static/], classpath [public/], ServletContext [/]]
2025-09-17 15:40:46 [http-nio-8080-exec-9] DEBUG o.s.web.servlet.DispatcherServlet - GET "/static/media/transportation-management.441e7de72d119d4043ce.png", parameters={}
2025-09-17 15:40:46 [http-nio-8080-exec-1] DEBUG o.s.web.servlet.DispatcherServlet - GET "/static/media/order-management.f7bd9a2446beb26e5bc1.png", parameters={}
2025-09-17 15:40:46 [http-nio-8080-exec-2] DEBUG o.s.w.s.h.SimpleUrlHandlerMapping - Mapped to ResourceHttpRequestHandler [classpath [META-INF/resources/], classpath [resources/], classpath [static/], classpath [public/], ServletContext [/]]
2025-09-17 15:40:46 [http-nio-8080-exec-7] DEBUG o.s.w.s.h.SimpleUrlHandlerMapping - Mapped to ResourceHttpRequestHandler [classpath [META-INF/resources/], classpath [resources/], classpath [static/], classpath [public/], ServletContext [/]]
2025-09-17 15:40:46 [http-nio-8080-exec-9] DEBUG o.s.w.s.h.SimpleUrlHandlerMapping - Mapped to ResourceHttpRequestHandler [classpath [META-INF/resources/], classpath [resources/], classpath [static/], classpath [public/], ServletContext [/]]
2025-09-17 15:40:46 [http-nio-8080-exec-1] DEBUG o.s.w.s.h.SimpleUrlHandlerMapping - Mapped to ResourceHttpRequestHandler [classpath [META-INF/resources/], classpath [resources/], classpath [static/], classpath [public/], ServletContext [/]]
2025-09-17 15:40:46 [http-nio-8080-exec-2] DEBUG o.s.web.servlet.DispatcherServlet - Completed 200 OK
2025-09-17 15:40:46 [http-nio-8080-exec-7] DEBUG o.s.web.servlet.DispatcherServlet - Completed 200 OK
2025-09-17 15:40:46 [http-nio-8080-exec-1] DEBUG o.s.web.servlet.DispatcherServlet - Completed 200 OK
2025-09-17 15:40:46 [http-nio-8080-exec-4] DEBUG o.s.web.servlet.DispatcherServlet - Completed 200 OK
2025-09-17 15:40:47 [http-nio-8080-exec-9] DEBUG o.s.web.servlet.DispatcherServlet - Completed 200 OK
2025-09-17 15:42:39 [SpringApplicationShutdownHook] INFO  o.s.o.j.LocalContainerEntityManagerFactoryBean - Closing JPA EntityManagerFactory for persistence unit 'default'
2025-09-17 15:42:39 [SpringApplicationShutdownHook] INFO  com.zaxxer.hikari.HikariDataSource - HikariPool-1 - Shutdown initiated...
2025-09-17 15:42:39 [SpringApplicationShutdownHook] INFO  com.zaxxer.hikari.HikariDataSource - HikariPool-1 - Shutdown completed.
2025-09-17 15:48:49 [restartedMain] INFO  c.e.D.DigitalWayfinderApplication - Starting DigitalWayfinderApplication using Java 22.0.2 with PID 18408 (C:\Users\sai.k.nallapati\digital-wayfinder\target\classes started by sai.k.nallapati in C:\Users\sai.k.nallapati\digital-wayfinder)
2025-09-17 15:48:49 [restartedMain] INFO  c.e.D.DigitalWayfinderApplication - No active profile set, falling back to 1 default profile: "default"
2025-09-17 15:48:49 [restartedMain] INFO  o.s.b.d.e.DevToolsPropertyDefaultsPostProcessor - Devtools property defaults active! Set 'spring.devtools.add-properties' to 'false' to disable
2025-09-17 15:48:49 [restartedMain] INFO  o.s.b.d.e.DevToolsPropertyDefaultsPostProcessor - For additional web related logging consider setting the 'logging.level.web' property to 'DEBUG'
2025-09-17 15:48:51 [restartedMain] INFO  o.s.d.r.c.RepositoryConfigurationDelegate - Bootstrapping Spring Data JPA repositories in DEFAULT mode.
2025-09-17 15:48:51 [restartedMain] INFO  o.s.d.r.c.RepositoryConfigurationDelegate - Finished Spring Data repository scanning in 231 ms. Found 29 JPA repository interfaces.
2025-09-17 15:48:53 [restartedMain] INFO  o.s.b.w.e.tomcat.TomcatWebServer - Tomcat initialized with port 8080 (http)
2025-09-17 15:48:53 [restartedMain] INFO  o.a.catalina.core.StandardService - Starting service [Tomcat]
2025-09-17 15:48:53 [restartedMain] INFO  o.a.catalina.core.StandardEngine - Starting Servlet engine: [Apache Tomcat/10.1.20]
2025-09-17 15:48:53 [restartedMain] INFO  o.a.c.c.C.[Tomcat].[localhost].[/] - Initializing Spring embedded WebApplicationContext
2025-09-17 15:48:53 [restartedMain] INFO  o.s.b.w.s.c.ServletWebServerApplicationContext - Root WebApplicationContext: initialization completed in 3718 ms
2025-09-17 15:48:53 [restartedMain] DEBUG o.s.w.f.ServerHttpObservationFilter - Filter 'webMvcObservationFilter' configured for use
2025-09-17 15:48:54 [restartedMain] INFO  o.h.jpa.internal.util.LogHelper - HHH000204: Processing PersistenceUnitInfo [name: default]
2025-09-17 15:48:54 [restartedMain] INFO  org.hibernate.Version - HHH000412: Hibernate ORM core version 6.4.4.Final
2025-09-17 15:48:54 [restartedMain] INFO  o.h.c.i.RegionFactoryInitiator - HHH000026: Second-level cache disabled
2025-09-17 15:48:54 [restartedMain] INFO  o.s.o.j.p.SpringPersistenceUnitInfo - No LoadTimeWeaver setup: ignoring JPA class transformer
2025-09-17 15:48:54 [restartedMain] INFO  com.zaxxer.hikari.HikariDataSource - HikariPool-1 - Starting...
2025-09-17 15:48:57 [restartedMain] INFO  com.zaxxer.hikari.pool.HikariPool - HikariPool-1 - Added connection ConnectionID:1 ClientConnectionId: 9c41d35b-5c2e-401f-8abe-0059ca50cc29
2025-09-17 15:48:57 [restartedMain] INFO  com.zaxxer.hikari.HikariDataSource - HikariPool-1 - Start completed.
2025-09-17 15:48:57 [restartedMain] WARN  org.hibernate.orm.deprecation - HHH90000025: SQLServerDialect does not need to be specified explicitly using 'hibernate.dialect' (remove the property setting and it will be selected by default)
2025-09-17 15:49:00 [restartedMain] INFO  o.h.e.t.j.p.i.JtaPlatformInitiator - HHH000489: No JTA platform available (set 'hibernate.transaction.jta.platform' to enable JTA platform integration)
2025-09-17 15:49:00 [restartedMain] INFO  o.s.o.j.LocalContainerEntityManagerFactoryBean - Initialized JPA EntityManagerFactory for persistence unit 'default'
2025-09-17 15:49:01 [restartedMain] INFO  o.s.d.j.r.query.QueryEnhancerFactory - Hibernate is in classpath; If applicable, HQL parser will be used.
2025-09-17 15:49:04 [restartedMain] WARN  o.s.b.a.o.j.JpaBaseConfiguration$JpaWebConfiguration - spring.jpa.open-in-view is enabled by default. Therefore, database queries may be performed during view rendering. Explicitly configure spring.jpa.open-in-view to disable this warning
2025-09-17 15:49:04 [restartedMain] INFO  o.s.b.a.w.s.WelcomePageHandlerMapping - Adding welcome page: class path resource [static/index.html]
2025-09-17 15:49:04 [restartedMain] DEBUG o.s.w.s.m.m.a.RequestMappingHandlerMapping - 64 mappings in 'requestMappingHandlerMapping'
2025-09-17 15:49:04 [restartedMain] DEBUG o.s.w.s.h.SimpleUrlHandlerMapping - Patterns [/webjars/**, /**, /swagger-ui*/*swagger-initializer.js, /swagger-ui*/**] in 'resourceHandlerMapping'
2025-09-17 15:49:04 [restartedMain] DEBUG o.s.w.s.m.m.a.RequestMappingHandlerAdapter - ControllerAdvice beans: 1 @ModelAttribute, 0 @InitBinder, 1 RequestBodyAdvice, 1 ResponseBodyAdvice
2025-09-17 15:49:04 [restartedMain] DEBUG o.s.w.s.m.m.a.ExceptionHandlerExceptionResolver - ControllerAdvice beans: 2 @ExceptionHandler, 1 ResponseBodyAdvice
2025-09-17 15:49:05 [restartedMain] INFO  o.s.b.d.a.OptionalLiveReloadServer - LiveReload server is running on port 35729
2025-09-17 15:49:05 [restartedMain] INFO  o.s.b.a.e.web.EndpointLinksResolver - Exposing 3 endpoint(s) beneath base path '/actuator'
2025-09-17 15:49:06 [restartedMain] INFO  o.s.b.w.e.tomcat.TomcatWebServer - Tomcat started on port 8080 (http) with context path ''
2025-09-17 15:49:06 [restartedMain] INFO  c.e.D.DigitalWayfinderApplication - Started DigitalWayfinderApplication in 17.016 seconds (process running for 17.9)
2025-09-17 15:50:50 [http-nio-8080-exec-2] INFO  o.a.c.c.C.[Tomcat].[localhost].[/] - Initializing Spring DispatcherServlet 'dispatcherServlet'
2025-09-17 15:50:50 [http-nio-8080-exec-2] INFO  o.s.web.servlet.DispatcherServlet - Initializing Servlet 'dispatcherServlet'
2025-09-17 15:50:50 [http-nio-8080-exec-2] DEBUG o.s.web.servlet.DispatcherServlet - Detected StandardServletMultipartResolver
2025-09-17 15:50:50 [http-nio-8080-exec-2] DEBUG o.s.web.servlet.DispatcherServlet - Detected AcceptHeaderLocaleResolver
2025-09-17 15:50:50 [http-nio-8080-exec-2] DEBUG o.s.web.servlet.DispatcherServlet - Detected FixedThemeResolver
2025-09-17 15:50:50 [http-nio-8080-exec-2] DEBUG o.s.web.servlet.DispatcherServlet - Detected org.springframework.web.servlet.view.DefaultRequestToViewNameTranslator@5adb6e7c
2025-09-17 15:50:50 [http-nio-8080-exec-2] DEBUG o.s.web.servlet.DispatcherServlet - Detected org.springframework.web.servlet.support.SessionFlashMapManager@d4186d5
2025-09-17 15:50:50 [http-nio-8080-exec-2] DEBUG o.s.web.servlet.DispatcherServlet - enableLoggingRequestDetails='false': request parameters and headers will be masked to prevent unsafe logging of potentially sensitive data
2025-09-17 15:50:50 [http-nio-8080-exec-2] INFO  o.s.web.servlet.DispatcherServlet - Completed initialization in 7 ms
2025-09-17 15:50:50 [http-nio-8080-exec-2] DEBUG o.s.web.servlet.DispatcherServlet - GET "/", parameters={}
2025-09-17 15:50:50 [http-nio-8080-exec-2] DEBUG o.s.w.s.v.ContentNegotiatingViewResolver - Selected 'text/html' given [text/html, application/xhtml+xml, image/avif, image/webp, image/apng, application/xml;q=0.9, */*;q=0.8, application/signed-exchange;v=b3;q=0.7]
2025-09-17 15:50:50 [http-nio-8080-exec-2] DEBUG o.s.w.s.view.InternalResourceView - View name 'forward:', model {}
2025-09-17 15:50:50 [http-nio-8080-exec-2] DEBUG o.s.w.s.view.InternalResourceView - Forwarding to [index.html]
2025-09-17 15:50:50 [http-nio-8080-exec-2] DEBUG o.s.web.servlet.DispatcherServlet - "FORWARD" dispatch for GET "/index.html", parameters={}
2025-09-17 15:50:50 [http-nio-8080-exec-2] DEBUG o.s.w.s.h.SimpleUrlHandlerMapping - Mapped to ResourceHttpRequestHandler [classpath [META-INF/resources/], classpath [resources/], classpath [static/], classpath [public/], ServletContext [/]]
2025-09-17 15:50:50 [http-nio-8080-exec-2] DEBUG o.s.web.servlet.DispatcherServlet - Exiting from "FORWARD" dispatch, status 200
2025-09-17 15:50:50 [http-nio-8080-exec-2] DEBUG o.s.web.servlet.DispatcherServlet - Completed 200 OK
2025-09-17 15:50:50 [http-nio-8080-exec-1] DEBUG o.s.web.servlet.DispatcherServlet - GET "/static/js/main.eb271ad1.js", parameters={}
2025-09-17 15:50:50 [http-nio-8080-exec-4] DEBUG o.s.web.servlet.DispatcherServlet - GET "/.well-known/appspecific/com.chrome.devtools.json", parameters={}
2025-09-17 15:50:50 [http-nio-8080-exec-3] DEBUG o.s.web.servlet.DispatcherServlet - GET "/static/css/main.9d9a0e93.css", parameters={}
2025-09-17 15:50:50 [http-nio-8080-exec-4] DEBUG o.s.w.s.h.SimpleUrlHandlerMapping - Mapped to ResourceHttpRequestHandler [classpath [META-INF/resources/], classpath [resources/], classpath [static/], classpath [public/], ServletContext [/]]
2025-09-17 15:50:50 [http-nio-8080-exec-3] DEBUG o.s.w.s.h.SimpleUrlHandlerMapping - Mapped to ResourceHttpRequestHandler [classpath [META-INF/resources/], classpath [resources/], classpath [static/], classpath [public/], ServletContext [/]]
2025-09-17 15:50:50 [http-nio-8080-exec-1] DEBUG o.s.w.s.h.SimpleUrlHandlerMapping - Mapped to ResourceHttpRequestHandler [classpath [META-INF/resources/], classpath [resources/], classpath [static/], classpath [public/], ServletContext [/]]
2025-09-17 15:50:50 [http-nio-8080-exec-4] DEBUG o.s.w.s.r.ResourceHttpRequestHandler - Resource not found
2025-09-17 15:50:50 [http-nio-8080-exec-3] DEBUG o.s.web.servlet.DispatcherServlet - Completed 200 OK
2025-09-17 15:50:50 [http-nio-8080-exec-4] DEBUG o.s.w.s.m.m.a.ExceptionHandlerExceptionResolver - Using @ExceptionHandler com.example.DigitalWayfinder.exception.GlobalExceptionHandler#handleGenericException(Exception)
2025-09-17 15:50:50 [http-nio-8080-exec-1] DEBUG o.s.web.servlet.DispatcherServlet - Completed 200 OK
2025-09-17 15:50:50 [http-nio-8080-exec-4] ERROR c.e.D.e.GlobalExceptionHandler - Unexpected exception occurred: No static resource .well-known/appspecific/com.chrome.devtools.json.
org.springframework.web.servlet.resource.NoResourceFoundException: No static resource .well-known/appspecific/com.chrome.devtools.json.
	at org.springframework.web.servlet.resource.ResourceHttpRequestHandler.handleRequest(ResourceHttpRequestHandler.java:585)
	at org.springframework.web.servlet.mvc.HttpRequestHandlerAdapter.handle(HttpRequestHandlerAdapter.java:52)
	at org.springframework.web.servlet.DispatcherServlet.doDispatch(DispatcherServlet.java:1089)
	at org.springframework.web.servlet.DispatcherServlet.doService(DispatcherServlet.java:979)
	at org.springframework.web.servlet.FrameworkServlet.processRequest(FrameworkServlet.java:1014)
	at org.springframework.web.servlet.FrameworkServlet.doGet(FrameworkServlet.java:903)
	at jakarta.servlet.http.HttpServlet.service(HttpServlet.java:564)
	at org.springframework.web.servlet.FrameworkServlet.service(FrameworkServlet.java:885)
	at jakarta.servlet.http.HttpServlet.service(HttpServlet.java:658)
	at org.apache.catalina.core.ApplicationFilterChain.internalDoFilter(ApplicationFilterChain.java:206)
	at org.apache.catalina.core.ApplicationFilterChain.doFilter(ApplicationFilterChain.java:150)
	at org.apache.tomcat.websocket.server.WsFilter.doFilter(WsFilter.java:51)
	at org.apache.catalina.core.ApplicationFilterChain.internalDoFilter(ApplicationFilterChain.java:175)
	at org.apache.catalina.core.ApplicationFilterChain.doFilter(ApplicationFilterChain.java:150)
	at org.springframework.web.filter.RequestContextFilter.doFilterInternal(RequestContextFilter.java:100)
	at org.springframework.web.filter.OncePerRequestFilter.doFilter(OncePerRequestFilter.java:116)
	at org.apache.catalina.core.ApplicationFilterChain.internalDoFilter(ApplicationFilterChain.java:175)
	at org.apache.catalina.core.ApplicationFilterChain.doFilter(ApplicationFilterChain.java:150)
	at org.springframework.web.filter.FormContentFilter.doFilterInternal(FormContentFilter.java:93)
	at org.springframework.web.filter.OncePerRequestFilter.doFilter(OncePerRequestFilter.java:116)
	at org.apache.catalina.core.ApplicationFilterChain.internalDoFilter(ApplicationFilterChain.java:175)
	at org.apache.catalina.core.ApplicationFilterChain.doFilter(ApplicationFilterChain.java:150)
	at org.springframework.web.filter.ServerHttpObservationFilter.doFilterInternal(ServerHttpObservationFilter.java:109)
	at org.springframework.web.filter.OncePerRequestFilter.doFilter(OncePerRequestFilter.java:116)
	at org.apache.catalina.core.ApplicationFilterChain.internalDoFilter(ApplicationFilterChain.java:175)
	at org.apache.catalina.core.ApplicationFilterChain.doFilter(ApplicationFilterChain.java:150)
	at org.springframework.web.filter.CharacterEncodingFilter.doFilterInternal(CharacterEncodingFilter.java:201)
	at org.springframework.web.filter.OncePerRequestFilter.doFilter(OncePerRequestFilter.java:116)
	at org.apache.catalina.core.ApplicationFilterChain.internalDoFilter(ApplicationFilterChain.java:175)
	at org.apache.catalina.core.ApplicationFilterChain.doFilter(ApplicationFilterChain.java:150)
	at org.apache.catalina.core.StandardWrapperValve.invoke(StandardWrapperValve.java:167)
	at org.apache.catalina.core.StandardContextValve.invoke(StandardContextValve.java:90)
	at org.apache.catalina.authenticator.AuthenticatorBase.invoke(AuthenticatorBase.java:482)
	at org.apache.catalina.core.StandardHostValve.invoke(StandardHostValve.java:115)
	at org.apache.catalina.valves.ErrorReportValve.invoke(ErrorReportValve.java:93)
	at org.apache.catalina.core.StandardEngineValve.invoke(StandardEngineValve.java:74)
	at org.apache.catalina.connector.CoyoteAdapter.service(CoyoteAdapter.java:344)
	at org.apache.coyote.http11.Http11Processor.service(Http11Processor.java:391)
	at org.apache.coyote.AbstractProcessorLight.process(AbstractProcessorLight.java:63)
	at org.apache.coyote.AbstractProtocol$ConnectionHandler.process(AbstractProtocol.java:896)
	at org.apache.tomcat.util.net.NioEndpoint$SocketProcessor.doRun(NioEndpoint.java:1736)
	at org.apache.tomcat.util.net.SocketProcessorBase.run(SocketProcessorBase.java:52)
	at org.apache.tomcat.util.threads.ThreadPoolExecutor.runWorker(ThreadPoolExecutor.java:1191)
	at org.apache.tomcat.util.threads.ThreadPoolExecutor$Worker.run(ThreadPoolExecutor.java:659)
	at org.apache.tomcat.util.threads.TaskThread$WrappingRunnable.run(TaskThread.java:63)
	at java.base/java.lang.Thread.run(Thread.java:1570)
2025-09-17 15:50:51 [http-nio-8080-exec-5] DEBUG o.s.web.servlet.DispatcherServlet - GET "/static/css/main.9d9a0e93.css.map", parameters={}
2025-09-17 15:50:51 [http-nio-8080-exec-5] DEBUG o.s.w.s.h.SimpleUrlHandlerMapping - Mapped to ResourceHttpRequestHandler [classpath [META-INF/resources/], classpath [resources/], classpath [static/], classpath [public/], ServletContext [/]]
2025-09-17 15:50:51 [http-nio-8080-exec-4] DEBUG o.s.w.s.m.m.a.HttpEntityMethodProcessor - Using 'text/plain', given [*/*] and supported [text/plain, */*, application/json, application/*+json]
2025-09-17 15:50:51 [http-nio-8080-exec-4] DEBUG o.s.w.s.m.m.a.HttpEntityMethodProcessor - Writing ["An unexpected error occurred"]
2025-09-17 15:50:51 [http-nio-8080-exec-4] WARN  o.s.w.s.m.m.a.ExceptionHandlerExceptionResolver - Resolved [org.springframework.web.servlet.resource.NoResourceFoundException: No static resource .well-known/appspecific/com.chrome.devtools.json.]
2025-09-17 15:50:51 [http-nio-8080-exec-4] DEBUG o.s.web.servlet.DispatcherServlet - Completed 500 INTERNAL_SERVER_ERROR
2025-09-17 15:50:51 [http-nio-8080-exec-5] DEBUG o.s.web.servlet.DispatcherServlet - Completed 200 OK
2025-09-17 15:50:51 [http-nio-8080-exec-6] DEBUG o.s.web.servlet.DispatcherServlet - GET "/static/js/main.eb271ad1.js.map", parameters={}
2025-09-17 15:50:51 [http-nio-8080-exec-6] DEBUG o.s.w.s.h.SimpleUrlHandlerMapping - Mapped to ResourceHttpRequestHandler [classpath [META-INF/resources/], classpath [resources/], classpath [static/], classpath [public/], ServletContext [/]]
2025-09-17 15:50:51 [http-nio-8080-exec-7] DEBUG o.s.web.servlet.DispatcherServlet - GET "/static/media/logo.2dfd99a2aed3f920a263.png", parameters={}
2025-09-17 15:50:51 [http-nio-8080-exec-9] DEBUG o.s.web.servlet.DispatcherServlet - GET "/static/media/Row8-Stocksy_txpaa54b8f6L2q300_OriginalDelivery_4364319.d22bd690ca4ef70ee85c.jpg", parameters={}
2025-09-17 15:50:51 [http-nio-8080-exec-10] DEBUG o.s.web.servlet.DispatcherServlet - GET "/manifest.json", parameters={}
2025-09-17 15:50:51 [http-nio-8080-exec-9] DEBUG o.s.w.s.h.SimpleUrlHandlerMapping - Mapped to ResourceHttpRequestHandler [classpath [META-INF/resources/], classpath [resources/], classpath [static/], classpath [public/], ServletContext [/]]
2025-09-17 15:50:51 [http-nio-8080-exec-8] DEBUG o.s.web.servlet.DispatcherServlet - GET "/favicon.ico", parameters={}
2025-09-17 15:50:51 [http-nio-8080-exec-6] DEBUG o.s.web.servlet.DispatcherServlet - Completed 200 OK
2025-09-17 15:50:51 [http-nio-8080-exec-7] DEBUG o.s.w.s.h.SimpleUrlHandlerMapping - Mapped to ResourceHttpRequestHandler [classpath [META-INF/resources/], classpath [resources/], classpath [static/], classpath [public/], ServletContext [/]]
2025-09-17 15:50:51 [http-nio-8080-exec-10] DEBUG o.s.w.s.h.SimpleUrlHandlerMapping - Mapped to ResourceHttpRequestHandler [classpath [META-INF/resources/], classpath [resources/], classpath [static/], classpath [public/], ServletContext [/]]
2025-09-17 15:50:51 [http-nio-8080-exec-8] DEBUG o.s.w.s.h.SimpleUrlHandlerMapping - Mapped to ResourceHttpRequestHandler [classpath [META-INF/resources/], classpath [resources/], classpath [static/], classpath [public/], ServletContext [/]]
2025-09-17 15:50:51 [http-nio-8080-exec-10] DEBUG o.s.web.servlet.DispatcherServlet - Completed 200 OK
2025-09-17 15:50:51 [http-nio-8080-exec-8] DEBUG o.s.web.servlet.DispatcherServlet - Completed 200 OK
2025-09-17 15:50:51 [http-nio-8080-exec-7] DEBUG o.s.web.servlet.DispatcherServlet - Completed 200 OK
2025-09-17 15:50:52 [http-nio-8080-exec-2] DEBUG o.s.web.servlet.DispatcherServlet - GET "/logo192.png", parameters={}
2025-09-17 15:50:52 [http-nio-8080-exec-2] DEBUG o.s.w.s.h.SimpleUrlHandlerMapping - Mapped to ResourceHttpRequestHandler [classpath [META-INF/resources/], classpath [resources/], classpath [static/], classpath [public/], ServletContext [/]]
2025-09-17 15:50:52 [http-nio-8080-exec-2] DEBUG o.s.web.servlet.DispatcherServlet - Completed 200 OK
2025-09-17 15:50:52 [http-nio-8080-exec-9] DEBUG o.s.web.servlet.DispatcherServlet - Completed 200 OK
2025-09-17 15:50:53 [http-nio-8080-exec-3] DEBUG o.s.web.servlet.DispatcherServlet - GET "/static/media/Row8-Stocksy_txpaa54b8f6L2q300_OriginalDelivery_4364319.d22bd690ca4ef70ee85c.jpg", parameters={}
2025-09-17 15:50:53 [http-nio-8080-exec-1] DEBUG o.s.web.servlet.DispatcherServlet - GET "/api/decision-tree/project-info/get", parameters={}
2025-09-17 15:50:53 [http-nio-8080-exec-3] DEBUG o.s.w.s.h.SimpleUrlHandlerMapping - Mapped to ResourceHttpRequestHandler [classpath [META-INF/resources/], classpath [resources/], classpath [static/], classpath [public/], ServletContext [/]]
2025-09-17 15:50:53 [http-nio-8080-exec-1] DEBUG o.s.w.s.h.SimpleUrlHandlerMapping - Mapped to ResourceHttpRequestHandler [classpath [META-INF/resources/], classpath [resources/], classpath [static/], classpath [public/], ServletContext [/]]
2025-09-17 15:50:53 [http-nio-8080-exec-1] DEBUG o.s.w.s.r.ResourceHttpRequestHandler - Resource not found
2025-09-17 15:50:53 [http-nio-8080-exec-1] DEBUG o.s.w.s.m.m.a.ExceptionHandlerExceptionResolver - Using @ExceptionHandler com.example.DigitalWayfinder.exception.GlobalExceptionHandler#handleGenericException(Exception)
2025-09-17 15:50:53 [http-nio-8080-exec-1] ERROR c.e.D.e.GlobalExceptionHandler - Unexpected exception occurred: No static resource api/decision-tree/project-info/get.
org.springframework.web.servlet.resource.NoResourceFoundException: No static resource api/decision-tree/project-info/get.
	at org.springframework.web.servlet.resource.ResourceHttpRequestHandler.handleRequest(ResourceHttpRequestHandler.java:585)
	at org.springframework.web.servlet.mvc.HttpRequestHandlerAdapter.handle(HttpRequestHandlerAdapter.java:52)
	at org.springframework.web.servlet.DispatcherServlet.doDispatch(DispatcherServlet.java:1089)
	at org.springframework.web.servlet.DispatcherServlet.doService(DispatcherServlet.java:979)
	at org.springframework.web.servlet.FrameworkServlet.processRequest(FrameworkServlet.java:1014)
	at org.springframework.web.servlet.FrameworkServlet.doGet(FrameworkServlet.java:903)
	at jakarta.servlet.http.HttpServlet.service(HttpServlet.java:564)
	at org.springframework.web.servlet.FrameworkServlet.service(FrameworkServlet.java:885)
	at jakarta.servlet.http.HttpServlet.service(HttpServlet.java:658)
	at org.apache.catalina.core.ApplicationFilterChain.internalDoFilter(ApplicationFilterChain.java:206)
	at org.apache.catalina.core.ApplicationFilterChain.doFilter(ApplicationFilterChain.java:150)
	at org.apache.tomcat.websocket.server.WsFilter.doFilter(WsFilter.java:51)
	at org.apache.catalina.core.ApplicationFilterChain.internalDoFilter(ApplicationFilterChain.java:175)
	at org.apache.catalina.core.ApplicationFilterChain.doFilter(ApplicationFilterChain.java:150)
	at org.springframework.web.filter.RequestContextFilter.doFilterInternal(RequestContextFilter.java:100)
	at org.springframework.web.filter.OncePerRequestFilter.doFilter(OncePerRequestFilter.java:116)
	at org.apache.catalina.core.ApplicationFilterChain.internalDoFilter(ApplicationFilterChain.java:175)
	at org.apache.catalina.core.ApplicationFilterChain.doFilter(ApplicationFilterChain.java:150)
	at org.springframework.web.filter.FormContentFilter.doFilterInternal(FormContentFilter.java:93)
	at org.springframework.web.filter.OncePerRequestFilter.doFilter(OncePerRequestFilter.java:116)
	at org.apache.catalina.core.ApplicationFilterChain.internalDoFilter(ApplicationFilterChain.java:175)
	at org.apache.catalina.core.ApplicationFilterChain.doFilter(ApplicationFilterChain.java:150)
	at org.springframework.web.filter.ServerHttpObservationFilter.doFilterInternal(ServerHttpObservationFilter.java:109)
	at org.springframework.web.filter.OncePerRequestFilter.doFilter(OncePerRequestFilter.java:116)
	at org.apache.catalina.core.ApplicationFilterChain.internalDoFilter(ApplicationFilterChain.java:175)
	at org.apache.catalina.core.ApplicationFilterChain.doFilter(ApplicationFilterChain.java:150)
	at org.springframework.web.filter.CharacterEncodingFilter.doFilterInternal(CharacterEncodingFilter.java:201)
	at org.springframework.web.filter.OncePerRequestFilter.doFilter(OncePerRequestFilter.java:116)
	at org.apache.catalina.core.ApplicationFilterChain.internalDoFilter(ApplicationFilterChain.java:175)
	at org.apache.catalina.core.ApplicationFilterChain.doFilter(ApplicationFilterChain.java:150)
	at org.apache.catalina.core.StandardWrapperValve.invoke(StandardWrapperValve.java:167)
	at org.apache.catalina.core.StandardContextValve.invoke(StandardContextValve.java:90)
	at org.apache.catalina.authenticator.AuthenticatorBase.invoke(AuthenticatorBase.java:482)
	at org.apache.catalina.core.StandardHostValve.invoke(StandardHostValve.java:115)
	at org.apache.catalina.valves.ErrorReportValve.invoke(ErrorReportValve.java:93)
	at org.apache.catalina.core.StandardEngineValve.invoke(StandardEngineValve.java:74)
	at org.apache.catalina.connector.CoyoteAdapter.service(CoyoteAdapter.java:344)
	at org.apache.coyote.http11.Http11Processor.service(Http11Processor.java:391)
	at org.apache.coyote.AbstractProcessorLight.process(AbstractProcessorLight.java:63)
	at org.apache.coyote.AbstractProtocol$ConnectionHandler.process(AbstractProtocol.java:896)
	at org.apache.tomcat.util.net.NioEndpoint$SocketProcessor.doRun(NioEndpoint.java:1736)
	at org.apache.tomcat.util.net.SocketProcessorBase.run(SocketProcessorBase.java:52)
	at org.apache.tomcat.util.threads.ThreadPoolExecutor.runWorker(ThreadPoolExecutor.java:1191)
	at org.apache.tomcat.util.threads.ThreadPoolExecutor$Worker.run(ThreadPoolExecutor.java:659)
	at org.apache.tomcat.util.threads.TaskThread$WrappingRunnable.run(TaskThread.java:63)
	at java.base/java.lang.Thread.run(Thread.java:1570)
2025-09-17 15:50:53 [http-nio-8080-exec-1] DEBUG o.s.w.s.m.m.a.HttpEntityMethodProcessor - Using 'text/plain', given [*/*] and supported [text/plain, */*, application/json, application/*+json]
2025-09-17 15:50:53 [http-nio-8080-exec-1] DEBUG o.s.w.s.m.m.a.HttpEntityMethodProcessor - Writing ["An unexpected error occurred"]
2025-09-17 15:50:53 [http-nio-8080-exec-1] WARN  o.s.w.s.m.m.a.ExceptionHandlerExceptionResolver - Resolved [org.springframework.web.servlet.resource.NoResourceFoundException: No static resource api/decision-tree/project-info/get.]
2025-09-17 15:50:53 [http-nio-8080-exec-4] DEBUG o.s.web.servlet.DispatcherServlet - GET "/static/media/dashboard.fc64719693ae8c17e7c5.png", parameters={}
2025-09-17 15:50:53 [http-nio-8080-exec-1] DEBUG o.s.web.servlet.DispatcherServlet - Completed 500 INTERNAL_SERVER_ERROR
2025-09-17 15:50:53 [http-nio-8080-exec-4] DEBUG o.s.w.s.h.SimpleUrlHandlerMapping - Mapped to ResourceHttpRequestHandler [classpath [META-INF/resources/], classpath [resources/], classpath [static/], classpath [public/], ServletContext [/]]
2025-09-17 15:50:53 [http-nio-8080-exec-4] DEBUG o.s.web.servlet.DispatcherServlet - Completed 200 OK
2025-09-17 15:50:54 [http-nio-8080-exec-3] DEBUG o.s.web.servlet.DispatcherServlet - Completed 200 OK
2025-09-17 15:50:57 [http-nio-8080-exec-5] DEBUG o.s.web.servlet.DispatcherServlet - POST "/api/decision-tree/project-info/save", parameters={}
2025-09-17 15:50:57 [http-nio-8080-exec-5] DEBUG o.s.w.s.m.m.a.RequestMappingHandlerMapping - Mapped to com.example.DigitalWayfinder.controller.ProjectInfoController#saveProjectInfo(ProjectInfoRequest, UserSession)
2025-09-17 15:50:57 [http-nio-8080-exec-5] DEBUG o.s.w.s.m.m.a.RequestResponseBodyMethodProcessor - Read "application/json;charset=UTF-8" to [ProjectInfoRequest(projectType=internal, requestID=1234, clientName=rqwerwf, clientDescription=, pro (truncated)...]
2025-09-17 15:50:57 [http-nio-8080-exec-5] INFO  c.e.D.c.ProjectInfoController - Received request to save project info: 1234 for user: USER-FCB38E31 in session: 77D27EF9C20E87C35B9CFB683258F415
2025-09-17 15:50:58 [http-nio-8080-exec-5] INFO  c.e.D.service.ProjectInfoService - Processing project info for request ID: 1234 by user: USER-FCB38E31 in session: 77D27EF9C20E87C35B9CFB683258F415
2025-09-17 15:50:58 [http-nio-8080-exec-5] DEBUG org.hibernate.SQL - 
    select
        pt1_0.id,
        pt1_0.ClientDescription,
        pt1_0.ClientName,
        pt1_0.CreatedDate,
        pt1_0.ProjectScope,
        pt1_0.ProjectType,
        pt1_0.RequestID,
        pt1_0.SessionID,
        pt1_0.UserID 
    from
        ProjectType pt1_0 
    where
        pt1_0.UserID=? 
        and pt1_0.SessionID=?
2025-09-17 15:50:58 [http-nio-8080-exec-5] INFO  c.e.D.service.ProjectInfoService - Updating existing project with ID: 219
2025-09-17 15:50:58 [http-nio-8080-exec-5] INFO  c.e.D.service.ProjectInfoService - Project information updated successfully with ID: 219
2025-09-17 15:50:59 [http-nio-8080-exec-5] DEBUG o.s.w.s.m.m.a.HttpEntityMethodProcessor - Using 'application/json', given [*/*] and supported [application/json, application/*+json]
2025-09-17 15:50:59 [http-nio-8080-exec-5] DEBUG o.s.w.s.m.m.a.HttpEntityMethodProcessor - Writing [ProjectInfoResponse(id=219, userID=USER-FCB38E31, projectType=internal, requestID=1234, clientName=r (truncated)...]
2025-09-17 15:50:59 [http-nio-8080-exec-5] DEBUG o.s.web.servlet.DispatcherServlet - Completed 200 OK
2025-09-17 15:50:59 [http-nio-8080-exec-6] DEBUG o.s.web.servlet.DispatcherServlet - GET "/static/media/dashboard.fc64719693ae8c17e7c5.png", parameters={}
2025-09-17 15:50:59 [http-nio-8080-exec-6] DEBUG o.s.w.s.h.SimpleUrlHandlerMapping - Mapped to ResourceHttpRequestHandler [classpath [META-INF/resources/], classpath [resources/], classpath [static/], classpath [public/], ServletContext [/]]
2025-09-17 15:50:59 [http-nio-8080-exec-6] DEBUG o.s.web.servlet.DispatcherServlet - Completed 200 OK
2025-09-17 15:50:59 [http-nio-8080-exec-10] DEBUG o.s.web.servlet.DispatcherServlet - GET "/static/media/supply-chain-planning.e00cda5f9f556d0f2f7b.png", parameters={}
2025-09-17 15:50:59 [http-nio-8080-exec-8] DEBUG o.s.web.servlet.DispatcherServlet - GET "/static/media/supply-chain-fulfillment.6dc3aaa89826c6c2506e.png", parameters={}
2025-09-17 15:50:59 [http-nio-8080-exec-8] DEBUG o.s.w.s.h.SimpleUrlHandlerMapping - Mapped to ResourceHttpRequestHandler [classpath [META-INF/resources/], classpath [resources/], classpath [static/], classpath [public/], ServletContext [/]]
2025-09-17 15:50:59 [http-nio-8080-exec-10] DEBUG o.s.w.s.h.SimpleUrlHandlerMapping - Mapped to ResourceHttpRequestHandler [classpath [META-INF/resources/], classpath [resources/], classpath [static/], classpath [public/], ServletContext [/]]
2025-09-17 15:50:59 [http-nio-8080-exec-8] DEBUG o.s.web.servlet.DispatcherServlet - Completed 200 OK
2025-09-17 15:50:59 [http-nio-8080-exec-10] DEBUG o.s.web.servlet.DispatcherServlet - Completed 200 OK
2025-09-17 15:50:59 [http-nio-8080-exec-7] DEBUG o.s.web.servlet.DispatcherServlet - GET "/static/media/supply-chain-fulfillment.6dc3aaa89826c6c2506e.png", parameters={}
2025-09-17 15:50:59 [http-nio-8080-exec-7] DEBUG o.s.w.s.h.SimpleUrlHandlerMapping - Mapped to ResourceHttpRequestHandler [classpath [META-INF/resources/], classpath [resources/], classpath [static/], classpath [public/], ServletContext [/]]
2025-09-17 15:50:59 [http-nio-8080-exec-7] DEBUG o.s.web.servlet.DispatcherServlet - Completed 200 OK
2025-09-17 15:50:59 [http-nio-8080-exec-2] DEBUG o.s.web.servlet.DispatcherServlet - GET "/static/media/supply-chain-planning.e00cda5f9f556d0f2f7b.png", parameters={}
2025-09-17 15:50:59 [http-nio-8080-exec-2] DEBUG o.s.w.s.h.SimpleUrlHandlerMapping - Mapped to ResourceHttpRequestHandler [classpath [META-INF/resources/], classpath [resources/], classpath [static/], classpath [public/], ServletContext [/]]
2025-09-17 15:50:59 [http-nio-8080-exec-2] DEBUG o.s.web.servlet.DispatcherServlet - Completed 200 OK
2025-09-17 15:51:03 [http-nio-8080-exec-9] DEBUG o.s.web.servlet.DispatcherServlet - GET "/static/media/dashboard.fc64719693ae8c17e7c5.png", parameters={}
2025-09-17 15:51:03 [http-nio-8080-exec-1] DEBUG o.s.web.servlet.DispatcherServlet - GET "/static/media/warehouse-management.0fed6bc421ff6a0d0bb2.png", parameters={}
2025-09-17 15:51:03 [http-nio-8080-exec-4] DEBUG o.s.web.servlet.DispatcherServlet - GET "/static/media/transportation-management.441e7de72d119d4043ce.png", parameters={}
2025-09-17 15:51:03 [http-nio-8080-exec-3] DEBUG o.s.web.servlet.DispatcherServlet - GET "/static/media/order-management.f7bd9a2446beb26e5bc1.png", parameters={}
2025-09-17 15:51:03 [http-nio-8080-exec-1] DEBUG o.s.w.s.h.SimpleUrlHandlerMapping - Mapped to ResourceHttpRequestHandler [classpath [META-INF/resources/], classpath [resources/], classpath [static/], classpath [public/], ServletContext [/]]
2025-09-17 15:51:03 [http-nio-8080-exec-9] DEBUG o.s.w.s.h.SimpleUrlHandlerMapping - Mapped to ResourceHttpRequestHandler [classpath [META-INF/resources/], classpath [resources/], classpath [static/], classpath [public/], ServletContext [/]]
2025-09-17 15:51:03 [http-nio-8080-exec-4] DEBUG o.s.w.s.h.SimpleUrlHandlerMapping - Mapped to ResourceHttpRequestHandler [classpath [META-INF/resources/], classpath [resources/], classpath [static/], classpath [public/], ServletContext [/]]
2025-09-17 15:51:03 [http-nio-8080-exec-3] DEBUG o.s.w.s.h.SimpleUrlHandlerMapping - Mapped to ResourceHttpRequestHandler [classpath [META-INF/resources/], classpath [resources/], classpath [static/], classpath [public/], ServletContext [/]]
2025-09-17 15:51:03 [http-nio-8080-exec-9] DEBUG o.s.web.servlet.DispatcherServlet - Completed 200 OK
2025-09-17 15:51:03 [http-nio-8080-exec-3] DEBUG o.s.web.servlet.DispatcherServlet - Completed 200 OK
2025-09-17 15:51:03 [http-nio-8080-exec-1] DEBUG o.s.web.servlet.DispatcherServlet - Completed 200 OK
2025-09-17 15:51:03 [http-nio-8080-exec-5] DEBUG o.s.web.servlet.DispatcherServlet - GET "/static/media/order-management.f7bd9a2446beb26e5bc1.png", parameters={}
2025-09-17 15:51:03 [http-nio-8080-exec-5] DEBUG o.s.w.s.h.SimpleUrlHandlerMapping - Mapped to ResourceHttpRequestHandler [classpath [META-INF/resources/], classpath [resources/], classpath [static/], classpath [public/], ServletContext [/]]
2025-09-17 15:51:04 [http-nio-8080-exec-5] DEBUG o.s.web.servlet.DispatcherServlet - Completed 200 OK
2025-09-17 15:51:04 [http-nio-8080-exec-5] DEBUG o.s.web.servlet.DispatcherServlet - GET "/static/media/warehouse-management.0fed6bc421ff6a0d0bb2.png", parameters={}
2025-09-17 15:51:04 [http-nio-8080-exec-5] DEBUG o.s.w.s.h.SimpleUrlHandlerMapping - Mapped to ResourceHttpRequestHandler [classpath [META-INF/resources/], classpath [resources/], classpath [static/], classpath [public/], ServletContext [/]]
2025-09-17 15:51:04 [http-nio-8080-exec-4] DEBUG o.s.web.servlet.DispatcherServlet - Completed 200 OK
2025-09-17 15:51:04 [http-nio-8080-exec-5] DEBUG o.s.web.servlet.DispatcherServlet - Completed 200 OK
2025-09-17 15:51:05 [http-nio-8080-exec-6] DEBUG o.s.web.servlet.DispatcherServlet - GET "/static/media/transportation-management.441e7de72d119d4043ce.png", parameters={}
2025-09-17 15:51:05 [http-nio-8080-exec-6] DEBUG o.s.w.s.h.SimpleUrlHandlerMapping - Mapped to ResourceHttpRequestHandler [classpath [META-INF/resources/], classpath [resources/], classpath [static/], classpath [public/], ServletContext [/]]
2025-09-17 15:51:05 [http-nio-8080-exec-6] DEBUG o.s.web.servlet.DispatcherServlet - Completed 200 OK
2025-09-17 15:51:07 [http-nio-8080-exec-8] DEBUG o.s.web.servlet.DispatcherServlet - GET "/static/media/dashboard.fc64719693ae8c17e7c5.png", parameters={}
2025-09-17 15:51:07 [http-nio-8080-exec-8] DEBUG o.s.w.s.h.SimpleUrlHandlerMapping - Mapped to ResourceHttpRequestHandler [classpath [META-INF/resources/], classpath [resources/], classpath [static/], classpath [public/], ServletContext [/]]
2025-09-17 15:51:07 [http-nio-8080-exec-8] DEBUG o.s.web.servlet.DispatcherServlet - Completed 200 OK
2025-09-17 15:51:07 [http-nio-8080-exec-7] DEBUG o.s.web.servlet.DispatcherServlet - GET "/static/media/Blueyonder.58d4f4950656f6f8b79e.png", parameters={}
2025-09-17 15:51:07 [http-nio-8080-exec-7] DEBUG o.s.w.s.h.SimpleUrlHandlerMapping - Mapped to ResourceHttpRequestHandler [classpath [META-INF/resources/], classpath [resources/], classpath [static/], classpath [public/], ServletContext [/]]
2025-09-17 15:51:07 [http-nio-8080-exec-10] DEBUG o.s.web.servlet.DispatcherServlet - GET "/static/media/SAP.85bae5998550b4e2f11a.jpg", parameters={}
2025-09-17 15:51:07 [http-nio-8080-exec-10] DEBUG o.s.w.s.h.SimpleUrlHandlerMapping - Mapped to ResourceHttpRequestHandler [classpath [META-INF/resources/], classpath [resources/], classpath [static/], classpath [public/], ServletContext [/]]
2025-09-17 15:51:07 [http-nio-8080-exec-7] DEBUG o.s.web.servlet.DispatcherServlet - Completed 200 OK
2025-09-17 15:51:07 [http-nio-8080-exec-10] DEBUG o.s.web.servlet.DispatcherServlet - Completed 200 OK
2025-09-17 15:51:09 [http-nio-8080-exec-2] DEBUG o.s.web.servlet.DispatcherServlet - GET "/api/digital-wayfinder/questionnaire/data-cloud/get-questions?functionalSubArea=Transportation%20Management%20System", parameters={masked}
2025-09-17 15:51:09 [http-nio-8080-exec-2] DEBUG o.s.w.s.m.m.a.RequestMappingHandlerMapping - Mapped to com.example.DigitalWayfinder.controller.QuestionnaireController#getDataCloudQuestions(String, UserSession)
2025-09-17 15:51:09 [http-nio-8080-exec-2] INFO  c.e.D.config.SessionAdvice - Generated anonymous user ID: USER-67097B4C for session: 87F405567B66258723C53DB1911CF891
2025-09-17 15:51:09 [http-nio-8080-exec-2] INFO  c.e.D.c.QuestionnaireController - Received request for Data & Cloud questions - functionalSubArea: Transportation Management System, user: USER-67097B4C, session: 87F405567B66258723C53DB1911CF891
2025-09-17 15:51:09 [http-nio-8080-exec-2] INFO  c.e.D.service.QuestionnaireService - Fetching questions for functionalSubArea: Transportation Management System, category: Data & Cloud, userId: USER-67097B4C, sessionId: 87F405567B66258723C53DB1911CF891
2025-09-17 15:51:09 [http-nio-8080-exec-2] INFO  c.e.D.service.QuestionnaireService - Fetching questions from TMS table for category: Data & Cloud
2025-09-17 15:51:09 [http-nio-8080-exec-2] DEBUG org.hibernate.SQL - 
    select
        tq1_0.category,
        tq1_0.question,
        tq1_0.[Answer Type] 
    from
        TMS_Questionnaire tq1_0 
    where
        tq1_0.category=?
2025-09-17 15:51:09 [http-nio-8080-exec-2] INFO  c.e.D.service.QuestionnaireService - Successfully fetched 4 TMS questions for category: Data & Cloud
2025-09-17 15:51:09 [http-nio-8080-exec-2] INFO  c.e.D.c.QuestionnaireController - Successfully returning questions for functionalSubArea: Transportation Management System
2025-09-17 15:51:09 [http-nio-8080-exec-2] DEBUG o.s.w.s.m.m.a.HttpEntityMethodProcessor - Using 'application/json', given [*/*] and supported [application/json, application/*+json]
2025-09-17 15:51:09 [http-nio-8080-exec-2] DEBUG o.s.w.s.m.m.a.HttpEntityMethodProcessor - Writing [QuestionnaireResponse(userId=USER-67097B4C, sessionId=87F405567B66258723C53DB1911CF891, functionalSu (truncated)...]
2025-09-17 15:51:09 [http-nio-8080-exec-2] DEBUG o.s.web.servlet.DispatcherServlet - Completed 200 OK
2025-09-17 15:51:13 [http-nio-8080-exec-9] DEBUG o.s.web.servlet.DispatcherServlet - POST "/api/digital-wayfinder/questionnaire/data-cloud/save-answers", parameters={}
2025-09-17 15:51:13 [http-nio-8080-exec-9] DEBUG o.s.w.s.m.m.a.RequestMappingHandlerMapping - Mapped to com.example.DigitalWayfinder.controller.QuestionnaireController#saveDataCloudAnswers(SaveAnswersRequest, UserSession)
2025-09-17 15:51:13 [http-nio-8080-exec-9] DEBUG o.s.w.s.m.m.a.RequestResponseBodyMethodProcessor - Read "application/json;charset=UTF-8" to [SaveAnswersRequest(functionalArea=Supply Chain Fulfillment, functionalSubArea=Transportation Managem (truncated)...]
2025-09-17 15:51:14 [http-nio-8080-exec-9] INFO  c.e.D.c.QuestionnaireController - Received request to save Data & Cloud answers - user: USER-67097B4C, session: 87F405567B66258723C53DB1911CF891
2025-09-17 15:51:14 [http-nio-8080-exec-9] INFO  c.e.D.service.QuestionnaireService - Saving answers for category: Data & Cloud, userId: USER-67097B4C, sessionId: 87F405567B66258723C53DB1911CF891
2025-09-17 15:51:14 [http-nio-8080-exec-9] INFO  c.e.D.service.QuestionnaireService - Using provided session - User: USER-67097B4C, Session: 87F405567B66258723C53DB1911CF891
2025-09-17 15:51:14 [http-nio-8080-exec-9] DEBUG org.hibernate.SQL - 
    select
        d1_0.id,
        d1_0.Category,
        d1_0.FunctionalArea,
        d1_0.FunctionalSubArea,
        d1_0.Question,
        d1_0.ResponseType,
        d1_0.SessionID,
        d1_0.UserID 
    from
        DWQuestions d1_0 
    where
        d1_0.UserID=? 
        and d1_0.SessionID=? 
        and d1_0.Category=? 
        and d1_0.Question=?
2025-09-17 15:51:14 [http-nio-8080-exec-9] DEBUG org.hibernate.SQL - 
    insert 
    into
        DWQuestions
        (Category, FunctionalArea, FunctionalSubArea, Question, ResponseType, SessionID, UserID) 
    values
        (?, ?, ?, ?, ?, ?, ?)
2025-09-17 15:51:15 [http-nio-8080-exec-9] DEBUG org.hibernate.SQL - 
    select
        d1_0.id,
        d1_0.Category,
        d1_0.FunctionalArea,
        d1_0.FunctionalSubArea,
        d1_0.Question,
        d1_0.ResponseType,
        d1_0.SessionID,
        d1_0.UserID 
    from
        DWQuestions d1_0 
    where
        d1_0.UserID=? 
        and d1_0.SessionID=? 
        and d1_0.Category=? 
        and d1_0.Question=?
2025-09-17 15:51:16 [http-nio-8080-exec-9] DEBUG org.hibernate.SQL - 
    insert 
    into
        DWQuestions
        (Category, FunctionalArea, FunctionalSubArea, Question, ResponseType, SessionID, UserID) 
    values
        (?, ?, ?, ?, ?, ?, ?)
2025-09-17 15:51:17 [http-nio-8080-exec-9] DEBUG org.hibernate.SQL - 
    select
        d1_0.id,
        d1_0.Category,
        d1_0.FunctionalArea,
        d1_0.FunctionalSubArea,
        d1_0.Question,
        d1_0.ResponseType,
        d1_0.SessionID,
        d1_0.UserID 
    from
        DWQuestions d1_0 
    where
        d1_0.UserID=? 
        and d1_0.SessionID=? 
        and d1_0.Category=? 
        and d1_0.Question=?
2025-09-17 15:51:17 [http-nio-8080-exec-9] DEBUG org.hibernate.SQL - 
    insert 
    into
        DWQuestions
        (Category, FunctionalArea, FunctionalSubArea, Question, ResponseType, SessionID, UserID) 
    values
        (?, ?, ?, ?, ?, ?, ?)
2025-09-17 15:51:18 [http-nio-8080-exec-9] DEBUG org.hibernate.SQL - 
    select
        d1_0.id,
        d1_0.Category,
        d1_0.FunctionalArea,
        d1_0.FunctionalSubArea,
        d1_0.Question,
        d1_0.ResponseType,
        d1_0.SessionID,
        d1_0.UserID 
    from
        DWQuestions d1_0 
    where
        d1_0.UserID=? 
        and d1_0.SessionID=? 
        and d1_0.Category=? 
        and d1_0.Question=?
2025-09-17 15:51:19 [http-nio-8080-exec-9] DEBUG org.hibernate.SQL - 
    insert 
    into
        DWQuestions
        (Category, FunctionalArea, FunctionalSubArea, Question, ResponseType, SessionID, UserID) 
    values
        (?, ?, ?, ?, ?, ?, ?)
2025-09-17 15:51:19 [http-nio-8080-exec-9] INFO  c.e.D.service.QuestionnaireService - Successfully saved 4 answers for category: Data & Cloud with session: 87F405567B66258723C53DB1911CF891
2025-09-17 15:51:19 [http-nio-8080-exec-9] INFO  c.e.D.c.QuestionnaireController - Successfully saved 4 Data & Cloud answers
2025-09-17 15:51:19 [http-nio-8080-exec-9] DEBUG o.s.w.s.m.m.a.HttpEntityMethodProcessor - Using 'application/json', given [*/*] and supported [application/json, application/*+json]
2025-09-17 15:51:19 [http-nio-8080-exec-9] DEBUG o.s.w.s.m.m.a.HttpEntityMethodProcessor - Writing [SaveAnswersResponse(userId=USER-67097B4C, sessionId=87F405567B66258723C53DB1911CF891, functionalArea (truncated)...]
2025-09-17 15:51:19 [http-nio-8080-exec-9] DEBUG o.s.web.servlet.DispatcherServlet - Completed 201 CREATED
2025-09-17 15:51:20 [http-nio-8080-exec-3] DEBUG o.s.web.servlet.DispatcherServlet - GET "/api/digital-wayfinder/questionnaire/operational-innovations/get-questions?functionalSubArea=Transportation%20Management%20System", parameters={masked}
2025-09-17 15:51:20 [http-nio-8080-exec-3] DEBUG o.s.w.s.m.m.a.RequestMappingHandlerMapping - Mapped to com.example.DigitalWayfinder.controller.QuestionnaireController#getOperationalInnovationsQuestions(String, UserSession)
2025-09-17 15:51:20 [http-nio-8080-exec-3] INFO  c.e.D.c.QuestionnaireController - Received request for Operational Innovations questions - functionalSubArea: Transportation Management System, user: USER-67097B4C, session: 87F405567B66258723C53DB1911CF891
2025-09-17 15:51:20 [http-nio-8080-exec-3] INFO  c.e.D.service.QuestionnaireService - Fetching questions for functionalSubArea: Transportation Management System, category: Operational Innovations, userId: USER-67097B4C, sessionId: 87F405567B66258723C53DB1911CF891
2025-09-17 15:51:20 [http-nio-8080-exec-3] INFO  c.e.D.service.QuestionnaireService - Fetching questions from TMS table for category: Operational Innovations
2025-09-17 15:51:20 [http-nio-8080-exec-3] DEBUG org.hibernate.SQL - 
    select
        tq1_0.category,
        tq1_0.question,
        tq1_0.[Answer Type] 
    from
        TMS_Questionnaire tq1_0 
    where
        tq1_0.category=?
2025-09-17 15:51:20 [http-nio-8080-exec-3] INFO  c.e.D.service.QuestionnaireService - Successfully fetched 14 TMS questions for category: Operational Innovations
2025-09-17 15:51:20 [http-nio-8080-exec-3] INFO  c.e.D.c.QuestionnaireController - Successfully returning questions for functionalSubArea: Transportation Management System
2025-09-17 15:51:20 [http-nio-8080-exec-3] DEBUG o.s.w.s.m.m.a.HttpEntityMethodProcessor - Using 'application/json', given [*/*] and supported [application/json, application/*+json]
2025-09-17 15:51:20 [http-nio-8080-exec-3] DEBUG o.s.w.s.m.m.a.HttpEntityMethodProcessor - Writing [QuestionnaireResponse(userId=USER-67097B4C, sessionId=87F405567B66258723C53DB1911CF891, functionalSu (truncated)...]
2025-09-17 15:51:20 [http-nio-8080-exec-3] DEBUG o.s.web.servlet.DispatcherServlet - Completed 200 OK
2025-09-17 15:51:20 [http-nio-8080-exec-1] DEBUG o.s.web.servlet.DispatcherServlet - GET "/api/digital-wayfinder/questionnaire/data-cloud/get-answers?functionalSubArea=Warehouse%20Management%20System", parameters={masked}
2025-09-17 15:51:20 [http-nio-8080-exec-1] DEBUG o.s.w.s.m.m.a.RequestMappingHandlerMapping - Mapped to com.example.DigitalWayfinder.controller.QuestionnaireController#getDataCloudAnswers(UserSession)
2025-09-17 15:51:20 [http-nio-8080-exec-1] INFO  c.e.D.c.QuestionnaireController - Received request for Data & Cloud answers - user: USER-67097B4C, session: 87F405567B66258723C53DB1911CF891
2025-09-17 15:51:20 [http-nio-8080-exec-1] INFO  c.e.D.service.QuestionnaireService - Fetching answers for category: Data & Cloud, userId: USER-67097B4C, sessionId: 87F405567B66258723C53DB1911CF891
2025-09-17 15:51:20 [http-nio-8080-exec-1] INFO  c.e.D.service.QuestionnaireService - Using provided session - User: USER-67097B4C, Session: 87F405567B66258723C53DB1911CF891
2025-09-17 15:51:20 [http-nio-8080-exec-1] DEBUG org.hibernate.SQL - 
    select
        d1_0.id,
        d1_0.Category,
        d1_0.FunctionalArea,
        d1_0.FunctionalSubArea,
        d1_0.Question,
        d1_0.ResponseType,
        d1_0.SessionID,
        d1_0.UserID 
    from
        DWQuestions d1_0 
    where
        d1_0.Category=? 
        and (
            d1_0.UserID=? 
            or d1_0.UserID is null
        ) 
        and (
            d1_0.SessionID=? 
            or d1_0.SessionID is null
        )
2025-09-17 15:51:21 [http-nio-8080-exec-1] INFO  c.e.D.service.QuestionnaireService - Successfully fetched 4 saved answers for category: Data & Cloud with session: 87F405567B66258723C53DB1911CF891
2025-09-17 15:51:21 [http-nio-8080-exec-1] INFO  c.e.D.c.QuestionnaireController - Successfully returning 4 Data & Cloud answers
2025-09-17 15:51:21 [http-nio-8080-exec-1] DEBUG o.s.w.s.m.m.a.HttpEntityMethodProcessor - Using 'application/json', given [*/*] and supported [application/json, application/*+json]
2025-09-17 15:51:21 [http-nio-8080-exec-1] DEBUG o.s.w.s.m.m.a.HttpEntityMethodProcessor - Writing [GetAnswersResponse(userId=USER-67097B4C, sessionId=87F405567B66258723C53DB1911CF891, functionalSubAr (truncated)...]
2025-09-17 15:51:21 [http-nio-8080-exec-1] DEBUG o.s.web.servlet.DispatcherServlet - Completed 200 OK
2025-09-17 15:51:21 [http-nio-8080-exec-4] DEBUG o.s.web.servlet.DispatcherServlet - GET "/api/digital-wayfinder/questionnaire/data-cloud/get-answers?functionalSubArea=Transportation%20Management%20System", parameters={masked}
2025-09-17 15:51:21 [http-nio-8080-exec-4] DEBUG o.s.w.s.m.m.a.RequestMappingHandlerMapping - Mapped to com.example.DigitalWayfinder.controller.QuestionnaireController#getDataCloudAnswers(UserSession)
2025-09-17 15:51:21 [http-nio-8080-exec-4] INFO  c.e.D.c.QuestionnaireController - Received request for Data & Cloud answers - user: USER-67097B4C, session: 87F405567B66258723C53DB1911CF891
2025-09-17 15:51:21 [http-nio-8080-exec-4] INFO  c.e.D.service.QuestionnaireService - Fetching answers for category: Data & Cloud, userId: USER-67097B4C, sessionId: 87F405567B66258723C53DB1911CF891
2025-09-17 15:51:21 [http-nio-8080-exec-4] INFO  c.e.D.service.QuestionnaireService - Using provided session - User: USER-67097B4C, Session: 87F405567B66258723C53DB1911CF891
2025-09-17 15:51:21 [http-nio-8080-exec-4] DEBUG org.hibernate.SQL - 
    select
        d1_0.id,
        d1_0.Category,
        d1_0.FunctionalArea,
        d1_0.FunctionalSubArea,
        d1_0.Question,
        d1_0.ResponseType,
        d1_0.SessionID,
        d1_0.UserID 
    from
        DWQuestions d1_0 
    where
        d1_0.Category=? 
        and (
            d1_0.UserID=? 
            or d1_0.UserID is null
        ) 
        and (
            d1_0.SessionID=? 
            or d1_0.SessionID is null
        )
2025-09-17 15:51:21 [http-nio-8080-exec-4] INFO  c.e.D.service.QuestionnaireService - Successfully fetched 4 saved answers for category: Data & Cloud with session: 87F405567B66258723C53DB1911CF891
2025-09-17 15:51:21 [http-nio-8080-exec-4] INFO  c.e.D.c.QuestionnaireController - Successfully returning 4 Data & Cloud answers
2025-09-17 15:51:21 [http-nio-8080-exec-4] DEBUG o.s.w.s.m.m.a.HttpEntityMethodProcessor - Using 'application/json', given [*/*] and supported [application/json, application/*+json]
2025-09-17 15:51:21 [http-nio-8080-exec-4] DEBUG o.s.w.s.m.m.a.HttpEntityMethodProcessor - Writing [GetAnswersResponse(userId=USER-67097B4C, sessionId=87F405567B66258723C53DB1911CF891, functionalSubAr (truncated)...]
2025-09-17 15:51:21 [http-nio-8080-exec-4] DEBUG o.s.web.servlet.DispatcherServlet - Completed 200 OK
2025-09-17 15:52:14 [http-nio-8080-exec-2] DEBUG o.s.web.servlet.DispatcherServlet - POST "/api/digital-wayfinder/questionnaire/operational-innovations/save-answers", parameters={}
2025-09-17 15:52:14 [http-nio-8080-exec-2] DEBUG o.s.w.s.m.m.a.RequestMappingHandlerMapping - Mapped to com.example.DigitalWayfinder.controller.QuestionnaireController#saveOperationalInnovationsAnswers(SaveAnswersRequest, UserSession)
2025-09-17 15:52:14 [http-nio-8080-exec-2] DEBUG o.s.w.s.m.m.a.RequestResponseBodyMethodProcessor - Read "application/json;charset=UTF-8" to [SaveAnswersRequest(functionalArea=Supply Chain Fulfillment, functionalSubArea=Transportation Managem (truncated)...]
2025-09-17 15:52:14 [http-nio-8080-exec-2] INFO  c.e.D.c.QuestionnaireController - Received request to save Operational Innovations answers - user: USER-67097B4C, session: 87F405567B66258723C53DB1911CF891
2025-09-17 15:52:14 [http-nio-8080-exec-2] INFO  c.e.D.service.QuestionnaireService - Saving answers for category: Operational Innovations, userId: USER-67097B4C, sessionId: 87F405567B66258723C53DB1911CF891
2025-09-17 15:52:14 [http-nio-8080-exec-2] INFO  c.e.D.service.QuestionnaireService - Using provided session - User: USER-67097B4C, Session: 87F405567B66258723C53DB1911CF891
2025-09-17 15:52:14 [http-nio-8080-exec-2] DEBUG org.hibernate.SQL - 
    select
        d1_0.id,
        d1_0.Category,
        d1_0.FunctionalArea,
        d1_0.FunctionalSubArea,
        d1_0.Question,
        d1_0.ResponseType,
        d1_0.SessionID,
        d1_0.UserID 
    from
        DWQuestions d1_0 
    where
        d1_0.UserID=? 
        and d1_0.SessionID=? 
        and d1_0.Category=? 
        and d1_0.Question=?
2025-09-17 15:52:14 [http-nio-8080-exec-2] DEBUG org.hibernate.SQL - 
    insert 
    into
        DWQuestions
        (Category, FunctionalArea, FunctionalSubArea, Question, ResponseType, SessionID, UserID) 
    values
        (?, ?, ?, ?, ?, ?, ?)
2025-09-17 15:52:15 [http-nio-8080-exec-2] DEBUG org.hibernate.SQL - 
    select
        d1_0.id,
        d1_0.Category,
        d1_0.FunctionalArea,
        d1_0.FunctionalSubArea,
        d1_0.Question,
        d1_0.ResponseType,
        d1_0.SessionID,
        d1_0.UserID 
    from
        DWQuestions d1_0 
    where
        d1_0.UserID=? 
        and d1_0.SessionID=? 
        and d1_0.Category=? 
        and d1_0.Question=?
2025-09-17 15:52:16 [http-nio-8080-exec-2] DEBUG org.hibernate.SQL - 
    insert 
    into
        DWQuestions
        (Category, FunctionalArea, FunctionalSubArea, Question, ResponseType, SessionID, UserID) 
    values
        (?, ?, ?, ?, ?, ?, ?)
2025-09-17 15:52:17 [http-nio-8080-exec-2] DEBUG org.hibernate.SQL - 
    select
        d1_0.id,
        d1_0.Category,
        d1_0.FunctionalArea,
        d1_0.FunctionalSubArea,
        d1_0.Question,
        d1_0.ResponseType,
        d1_0.SessionID,
        d1_0.UserID 
    from
        DWQuestions d1_0 
    where
        d1_0.UserID=? 
        and d1_0.SessionID=? 
        and d1_0.Category=? 
        and d1_0.Question=?
2025-09-17 15:52:17 [http-nio-8080-exec-2] DEBUG org.hibernate.SQL - 
    insert 
    into
        DWQuestions
        (Category, FunctionalArea, FunctionalSubArea, Question, ResponseType, SessionID, UserID) 
    values
        (?, ?, ?, ?, ?, ?, ?)
2025-09-17 15:52:18 [http-nio-8080-exec-2] DEBUG org.hibernate.SQL - 
    select
        d1_0.id,
        d1_0.Category,
        d1_0.FunctionalArea,
        d1_0.FunctionalSubArea,
        d1_0.Question,
        d1_0.ResponseType,
        d1_0.SessionID,
        d1_0.UserID 
    from
        DWQuestions d1_0 
    where
        d1_0.UserID=? 
        and d1_0.SessionID=? 
        and d1_0.Category=? 
        and d1_0.Question=?
2025-09-17 15:52:18 [http-nio-8080-exec-2] DEBUG org.hibernate.SQL - 
    insert 
    into
        DWQuestions
        (Category, FunctionalArea, FunctionalSubArea, Question, ResponseType, SessionID, UserID) 
    values
        (?, ?, ?, ?, ?, ?, ?)
2025-09-17 15:52:19 [http-nio-8080-exec-2] DEBUG org.hibernate.SQL - 
    select
        d1_0.id,
        d1_0.Category,
        d1_0.FunctionalArea,
        d1_0.FunctionalSubArea,
        d1_0.Question,
        d1_0.ResponseType,
        d1_0.SessionID,
        d1_0.UserID 
    from
        DWQuestions d1_0 
    where
        d1_0.UserID=? 
        and d1_0.SessionID=? 
        and d1_0.Category=? 
        and d1_0.Question=?
2025-09-17 15:52:20 [http-nio-8080-exec-2] DEBUG org.hibernate.SQL - 
    insert 
    into
        DWQuestions
        (Category, FunctionalArea, FunctionalSubArea, Question, ResponseType, SessionID, UserID) 
    values
        (?, ?, ?, ?, ?, ?, ?)
2025-09-17 15:52:21 [http-nio-8080-exec-2] DEBUG org.hibernate.SQL - 
    select
        d1_0.id,
        d1_0.Category,
        d1_0.FunctionalArea,
        d1_0.FunctionalSubArea,
        d1_0.Question,
        d1_0.ResponseType,
        d1_0.SessionID,
        d1_0.UserID 
    from
        DWQuestions d1_0 
    where
        d1_0.UserID=? 
        and d1_0.SessionID=? 
        and d1_0.Category=? 
        and d1_0.Question=?
2025-09-17 15:52:21 [http-nio-8080-exec-2] DEBUG org.hibernate.SQL - 
    insert 
    into
        DWQuestions
        (Category, FunctionalArea, FunctionalSubArea, Question, ResponseType, SessionID, UserID) 
    values
        (?, ?, ?, ?, ?, ?, ?)
2025-09-17 15:52:22 [http-nio-8080-exec-2] DEBUG org.hibernate.SQL - 
    select
        d1_0.id,
        d1_0.Category,
        d1_0.FunctionalArea,
        d1_0.FunctionalSubArea,
        d1_0.Question,
        d1_0.ResponseType,
        d1_0.SessionID,
        d1_0.UserID 
    from
        DWQuestions d1_0 
    where
        d1_0.UserID=? 
        and d1_0.SessionID=? 
        and d1_0.Category=? 
        and d1_0.Question=?
2025-09-17 15:52:23 [http-nio-8080-exec-2] DEBUG org.hibernate.SQL - 
    insert 
    into
        DWQuestions
        (Category, FunctionalArea, FunctionalSubArea, Question, ResponseType, SessionID, UserID) 
    values
        (?, ?, ?, ?, ?, ?, ?)
2025-09-17 15:52:24 [http-nio-8080-exec-2] DEBUG org.hibernate.SQL - 
    select
        d1_0.id,
        d1_0.Category,
        d1_0.FunctionalArea,
        d1_0.FunctionalSubArea,
        d1_0.Question,
        d1_0.ResponseType,
        d1_0.SessionID,
        d1_0.UserID 
    from
        DWQuestions d1_0 
    where
        d1_0.UserID=? 
        and d1_0.SessionID=? 
        and d1_0.Category=? 
        and d1_0.Question=?
2025-09-17 15:52:24 [http-nio-8080-exec-2] DEBUG org.hibernate.SQL - 
    insert 
    into
        DWQuestions
        (Category, FunctionalArea, FunctionalSubArea, Question, ResponseType, SessionID, UserID) 
    values
        (?, ?, ?, ?, ?, ?, ?)
2025-09-17 15:52:25 [http-nio-8080-exec-2] DEBUG org.hibernate.SQL - 
    select
        d1_0.id,
        d1_0.Category,
        d1_0.FunctionalArea,
        d1_0.FunctionalSubArea,
        d1_0.Question,
        d1_0.ResponseType,
        d1_0.SessionID,
        d1_0.UserID 
    from
        DWQuestions d1_0 
    where
        d1_0.UserID=? 
        and d1_0.SessionID=? 
        and d1_0.Category=? 
        and d1_0.Question=?
2025-09-17 15:52:26 [http-nio-8080-exec-2] DEBUG org.hibernate.SQL - 
    insert 
    into
        DWQuestions
        (Category, FunctionalArea, FunctionalSubArea, Question, ResponseType, SessionID, UserID) 
    values
        (?, ?, ?, ?, ?, ?, ?)
2025-09-17 15:52:27 [http-nio-8080-exec-2] DEBUG org.hibernate.SQL - 
    select
        d1_0.id,
        d1_0.Category,
        d1_0.FunctionalArea,
        d1_0.FunctionalSubArea,
        d1_0.Question,
        d1_0.ResponseType,
        d1_0.SessionID,
        d1_0.UserID 
    from
        DWQuestions d1_0 
    where
        d1_0.UserID=? 
        and d1_0.SessionID=? 
        and d1_0.Category=? 
        and d1_0.Question=?
2025-09-17 15:52:27 [http-nio-8080-exec-2] DEBUG org.hibernate.SQL - 
    insert 
    into
        DWQuestions
        (Category, FunctionalArea, FunctionalSubArea, Question, ResponseType, SessionID, UserID) 
    values
        (?, ?, ?, ?, ?, ?, ?)
2025-09-17 15:52:28 [http-nio-8080-exec-2] DEBUG org.hibernate.SQL - 
    select
        d1_0.id,
        d1_0.Category,
        d1_0.FunctionalArea,
        d1_0.FunctionalSubArea,
        d1_0.Question,
        d1_0.ResponseType,
        d1_0.SessionID,
        d1_0.UserID 
    from
        DWQuestions d1_0 
    where
        d1_0.UserID=? 
        and d1_0.SessionID=? 
        and d1_0.Category=? 
        and d1_0.Question=?
2025-09-17 15:52:29 [http-nio-8080-exec-2] DEBUG org.hibernate.SQL - 
    insert 
    into
        DWQuestions
        (Category, FunctionalArea, FunctionalSubArea, Question, ResponseType, SessionID, UserID) 
    values
        (?, ?, ?, ?, ?, ?, ?)
2025-09-17 15:52:29 [http-nio-8080-exec-2] DEBUG org.hibernate.SQL - 
    select
        d1_0.id,
        d1_0.Category,
        d1_0.FunctionalArea,
        d1_0.FunctionalSubArea,
        d1_0.Question,
        d1_0.ResponseType,
        d1_0.SessionID,
        d1_0.UserID 
    from
        DWQuestions d1_0 
    where
        d1_0.UserID=? 
        and d1_0.SessionID=? 
        and d1_0.Category=? 
        and d1_0.Question=?
2025-09-17 15:52:30 [http-nio-8080-exec-2] DEBUG org.hibernate.SQL - 
    insert 
    into
        DWQuestions
        (Category, FunctionalArea, FunctionalSubArea, Question, ResponseType, SessionID, UserID) 
    values
        (?, ?, ?, ?, ?, ?, ?)
2025-09-17 15:52:31 [http-nio-8080-exec-2] DEBUG org.hibernate.SQL - 
    select
        d1_0.id,
        d1_0.Category,
        d1_0.FunctionalArea,
        d1_0.FunctionalSubArea,
        d1_0.Question,
        d1_0.ResponseType,
        d1_0.SessionID,
        d1_0.UserID 
    from
        DWQuestions d1_0 
    where
        d1_0.UserID=? 
        and d1_0.SessionID=? 
        and d1_0.Category=? 
        and d1_0.Question=?
2025-09-17 15:52:31 [http-nio-8080-exec-2] DEBUG org.hibernate.SQL - 
    insert 
    into
        DWQuestions
        (Category, FunctionalArea, FunctionalSubArea, Question, ResponseType, SessionID, UserID) 
    values
        (?, ?, ?, ?, ?, ?, ?)
2025-09-17 15:52:32 [http-nio-8080-exec-2] DEBUG org.hibernate.SQL - 
    select
        d1_0.id,
        d1_0.Category,
        d1_0.FunctionalArea,
        d1_0.FunctionalSubArea,
        d1_0.Question,
        d1_0.ResponseType,
        d1_0.SessionID,
        d1_0.UserID 
    from
        DWQuestions d1_0 
    where
        d1_0.UserID=? 
        and d1_0.SessionID=? 
        and d1_0.Category=? 
        and d1_0.Question=?
2025-09-17 15:52:33 [http-nio-8080-exec-2] DEBUG org.hibernate.SQL - 
    insert 
    into
        DWQuestions
        (Category, FunctionalArea, FunctionalSubArea, Question, ResponseType, SessionID, UserID) 
    values
        (?, ?, ?, ?, ?, ?, ?)
2025-09-17 15:52:33 [http-nio-8080-exec-2] INFO  c.e.D.service.QuestionnaireService - Successfully saved 14 answers for category: Operational Innovations with session: 87F405567B66258723C53DB1911CF891
2025-09-17 15:52:33 [http-nio-8080-exec-2] INFO  c.e.D.c.QuestionnaireController - Successfully saved 14 Operational Innovations answers
2025-09-17 15:52:33 [http-nio-8080-exec-2] DEBUG o.s.w.s.m.m.a.HttpEntityMethodProcessor - Using 'application/json', given [*/*] and supported [application/json, application/*+json]
2025-09-17 15:52:33 [http-nio-8080-exec-2] DEBUG o.s.w.s.m.m.a.HttpEntityMethodProcessor - Writing [SaveAnswersResponse(userId=USER-67097B4C, sessionId=87F405567B66258723C53DB1911CF891, functionalArea (truncated)...]
2025-09-17 15:52:33 [http-nio-8080-exec-2] DEBUG o.s.web.servlet.DispatcherServlet - Completed 201 CREATED
2025-09-17 15:52:33 [http-nio-8080-exec-9] DEBUG o.s.web.servlet.DispatcherServlet - GET "/api/digital-wayfinder/questionnaire/visibility-proactive/get-questions?functionalSubArea=Transportation%20Management%20System", parameters={masked}
2025-09-17 15:52:33 [http-nio-8080-exec-9] DEBUG o.s.w.s.m.m.a.RequestMappingHandlerMapping - Mapped to com.example.DigitalWayfinder.controller.QuestionnaireController#getVisibilityProactiveQuestions(String, UserSession)
2025-09-17 15:52:33 [http-nio-8080-exec-9] INFO  c.e.D.c.QuestionnaireController - Received request for Visibility & Proactive Planning questions - functionalSubArea: Transportation Management System, user: USER-67097B4C, session: 87F405567B66258723C53DB1911CF891
2025-09-17 15:52:33 [http-nio-8080-exec-9] INFO  c.e.D.service.QuestionnaireService - Fetching questions for functionalSubArea: Transportation Management System, category: Visibility & Proactive Planning, userId: USER-67097B4C, sessionId: 87F405567B66258723C53DB1911CF891
2025-09-17 15:52:33 [http-nio-8080-exec-9] INFO  c.e.D.service.QuestionnaireService - Fetching questions from TMS table for category: Visibility & Proactive Planning
2025-09-17 15:52:33 [http-nio-8080-exec-9] DEBUG org.hibernate.SQL - 
    select
        tq1_0.category,
        tq1_0.question,
        tq1_0.[Answer Type] 
    from
        TMS_Questionnaire tq1_0 
    where
        tq1_0.category=?
2025-09-17 15:52:34 [http-nio-8080-exec-9] INFO  c.e.D.service.QuestionnaireService - Successfully fetched 10 TMS questions for category: Visibility & Proactive Planning
2025-09-17 15:52:34 [http-nio-8080-exec-9] INFO  c.e.D.c.QuestionnaireController - Successfully returning questions for functionalSubArea: Transportation Management System
2025-09-17 15:52:34 [http-nio-8080-exec-9] DEBUG o.s.w.s.m.m.a.HttpEntityMethodProcessor - Using 'application/json', given [*/*] and supported [application/json, application/*+json]
2025-09-17 15:52:34 [http-nio-8080-exec-9] DEBUG o.s.w.s.m.m.a.HttpEntityMethodProcessor - Writing [QuestionnaireResponse(userId=USER-67097B4C, sessionId=87F405567B66258723C53DB1911CF891, functionalSu (truncated)...]
2025-09-17 15:52:34 [http-nio-8080-exec-9] DEBUG o.s.web.servlet.DispatcherServlet - Completed 200 OK
2025-09-17 15:52:34 [http-nio-8080-exec-3] DEBUG o.s.web.servlet.DispatcherServlet - GET "/api/digital-wayfinder/questionnaire/operational-innovations/get-answers?functionalSubArea=Transportation%20Management%20System", parameters={masked}
2025-09-17 15:52:34 [http-nio-8080-exec-3] DEBUG o.s.w.s.m.m.a.RequestMappingHandlerMapping - Mapped to com.example.DigitalWayfinder.controller.QuestionnaireController#getOperationalInnovationsAnswers(UserSession)
2025-09-17 15:52:34 [http-nio-8080-exec-3] INFO  c.e.D.c.QuestionnaireController - Received request for Operational Innovations answers - user: USER-67097B4C, session: 87F405567B66258723C53DB1911CF891
2025-09-17 15:52:34 [http-nio-8080-exec-3] INFO  c.e.D.service.QuestionnaireService - Fetching answers for category: Operational Innovations, userId: USER-67097B4C, sessionId: 87F405567B66258723C53DB1911CF891
2025-09-17 15:52:34 [http-nio-8080-exec-3] INFO  c.e.D.service.QuestionnaireService - Using provided session - User: USER-67097B4C, Session: 87F405567B66258723C53DB1911CF891
2025-09-17 15:52:34 [http-nio-8080-exec-3] DEBUG org.hibernate.SQL - 
    select
        d1_0.id,
        d1_0.Category,
        d1_0.FunctionalArea,
        d1_0.FunctionalSubArea,
        d1_0.Question,
        d1_0.ResponseType,
        d1_0.SessionID,
        d1_0.UserID 
    from
        DWQuestions d1_0 
    where
        d1_0.Category=? 
        and (
            d1_0.UserID=? 
            or d1_0.UserID is null
        ) 
        and (
            d1_0.SessionID=? 
            or d1_0.SessionID is null
        )
2025-09-17 15:52:34 [http-nio-8080-exec-3] INFO  c.e.D.service.QuestionnaireService - Successfully fetched 14 saved answers for category: Operational Innovations with session: 87F405567B66258723C53DB1911CF891
2025-09-17 15:52:34 [http-nio-8080-exec-3] INFO  c.e.D.c.QuestionnaireController - Successfully returning 14 Operational Innovations answers
2025-09-17 15:52:34 [http-nio-8080-exec-3] DEBUG o.s.w.s.m.m.a.HttpEntityMethodProcessor - Using 'application/json', given [*/*] and supported [application/json, application/*+json]
2025-09-17 15:52:34 [http-nio-8080-exec-3] DEBUG o.s.w.s.m.m.a.HttpEntityMethodProcessor - Writing [GetAnswersResponse(userId=USER-67097B4C, sessionId=87F405567B66258723C53DB1911CF891, functionalSubAr (truncated)...]
2025-09-17 15:52:34 [http-nio-8080-exec-3] DEBUG o.s.web.servlet.DispatcherServlet - Completed 200 OK
2025-09-17 15:52:49 [http-nio-8080-exec-1] DEBUG o.s.web.servlet.DispatcherServlet - POST "/api/digital-wayfinder/questionnaire/visibility-proactive/save-answers", parameters={}
2025-09-17 15:52:49 [http-nio-8080-exec-1] DEBUG o.s.w.s.m.m.a.RequestMappingHandlerMapping - Mapped to com.example.DigitalWayfinder.controller.QuestionnaireController#saveVisibilityProactiveAnswers(SaveAnswersRequest, UserSession)
2025-09-17 15:52:49 [http-nio-8080-exec-1] DEBUG o.s.w.s.m.m.a.RequestResponseBodyMethodProcessor - Read "application/json;charset=UTF-8" to [SaveAnswersRequest(functionalArea=Supply Chain Fulfillment, functionalSubArea=Transportation Managem (truncated)...]
2025-09-17 15:52:49 [http-nio-8080-exec-1] INFO  c.e.D.c.QuestionnaireController - Received request to save Visibility & Proactive Planning answers - user: USER-67097B4C, session: 87F405567B66258723C53DB1911CF891
2025-09-17 15:52:49 [http-nio-8080-exec-1] INFO  c.e.D.service.QuestionnaireService - Saving answers for category: Visibility & Proactive Planning, userId: USER-67097B4C, sessionId: 87F405567B66258723C53DB1911CF891
2025-09-17 15:52:49 [http-nio-8080-exec-1] INFO  c.e.D.service.QuestionnaireService - Using provided session - User: USER-67097B4C, Session: 87F405567B66258723C53DB1911CF891
2025-09-17 15:52:49 [http-nio-8080-exec-1] DEBUG org.hibernate.SQL - 
    select
        d1_0.id,
        d1_0.Category,
        d1_0.FunctionalArea,
        d1_0.FunctionalSubArea,
        d1_0.Question,
        d1_0.ResponseType,
        d1_0.SessionID,
        d1_0.UserID 
    from
        DWQuestions d1_0 
    where
        d1_0.UserID=? 
        and d1_0.SessionID=? 
        and d1_0.Category=? 
        and d1_0.Question=?
2025-09-17 15:52:50 [http-nio-8080-exec-1] DEBUG org.hibernate.SQL - 
    insert 
    into
        DWQuestions
        (Category, FunctionalArea, FunctionalSubArea, Question, ResponseType, SessionID, UserID) 
    values
        (?, ?, ?, ?, ?, ?, ?)
2025-09-17 15:52:51 [http-nio-8080-exec-1] DEBUG org.hibernate.SQL - 
    select
        d1_0.id,
        d1_0.Category,
        d1_0.FunctionalArea,
        d1_0.FunctionalSubArea,
        d1_0.Question,
        d1_0.ResponseType,
        d1_0.SessionID,
        d1_0.UserID 
    from
        DWQuestions d1_0 
    where
        d1_0.UserID=? 
        and d1_0.SessionID=? 
        and d1_0.Category=? 
        and d1_0.Question=?
2025-09-17 15:52:52 [http-nio-8080-exec-1] DEBUG org.hibernate.SQL - 
    insert 
    into
        DWQuestions
        (Category, FunctionalArea, FunctionalSubArea, Question, ResponseType, SessionID, UserID) 
    values
        (?, ?, ?, ?, ?, ?, ?)
2025-09-17 15:52:52 [http-nio-8080-exec-1] DEBUG org.hibernate.SQL - 
    select
        d1_0.id,
        d1_0.Category,
        d1_0.FunctionalArea,
        d1_0.FunctionalSubArea,
        d1_0.Question,
        d1_0.ResponseType,
        d1_0.SessionID,
        d1_0.UserID 
    from
        DWQuestions d1_0 
    where
        d1_0.UserID=? 
        and d1_0.SessionID=? 
        and d1_0.Category=? 
        and d1_0.Question=?
2025-09-17 15:52:53 [http-nio-8080-exec-1] DEBUG org.hibernate.SQL - 
    insert 
    into
        DWQuestions
        (Category, FunctionalArea, FunctionalSubArea, Question, ResponseType, SessionID, UserID) 
    values
        (?, ?, ?, ?, ?, ?, ?)
2025-09-17 15:52:54 [http-nio-8080-exec-1] DEBUG org.hibernate.SQL - 
    select
        d1_0.id,
        d1_0.Category,
        d1_0.FunctionalArea,
        d1_0.FunctionalSubArea,
        d1_0.Question,
        d1_0.ResponseType,
        d1_0.SessionID,
        d1_0.UserID 
    from
        DWQuestions d1_0 
    where
        d1_0.UserID=? 
        and d1_0.SessionID=? 
        and d1_0.Category=? 
        and d1_0.Question=?
2025-09-17 15:52:54 [http-nio-8080-exec-1] DEBUG org.hibernate.SQL - 
    insert 
    into
        DWQuestions
        (Category, FunctionalArea, FunctionalSubArea, Question, ResponseType, SessionID, UserID) 
    values
        (?, ?, ?, ?, ?, ?, ?)
2025-09-17 15:52:55 [http-nio-8080-exec-1] DEBUG org.hibernate.SQL - 
    select
        d1_0.id,
        d1_0.Category,
        d1_0.FunctionalArea,
        d1_0.FunctionalSubArea,
        d1_0.Question,
        d1_0.ResponseType,
        d1_0.SessionID,
        d1_0.UserID 
    from
        DWQuestions d1_0 
    where
        d1_0.UserID=? 
        and d1_0.SessionID=? 
        and d1_0.Category=? 
        and d1_0.Question=?
2025-09-17 15:52:56 [http-nio-8080-exec-1] DEBUG org.hibernate.SQL - 
    insert 
    into
        DWQuestions
        (Category, FunctionalArea, FunctionalSubArea, Question, ResponseType, SessionID, UserID) 
    values
        (?, ?, ?, ?, ?, ?, ?)
2025-09-17 15:52:57 [http-nio-8080-exec-1] DEBUG org.hibernate.SQL - 
    select
        d1_0.id,
        d1_0.Category,
        d1_0.FunctionalArea,
        d1_0.FunctionalSubArea,
        d1_0.Question,
        d1_0.ResponseType,
        d1_0.SessionID,
        d1_0.UserID 
    from
        DWQuestions d1_0 
    where
        d1_0.UserID=? 
        and d1_0.SessionID=? 
        and d1_0.Category=? 
        and d1_0.Question=?
2025-09-17 15:52:57 [http-nio-8080-exec-1] DEBUG org.hibernate.SQL - 
    insert 
    into
        DWQuestions
        (Category, FunctionalArea, FunctionalSubArea, Question, ResponseType, SessionID, UserID) 
    values
        (?, ?, ?, ?, ?, ?, ?)
2025-09-17 15:52:58 [http-nio-8080-exec-1] DEBUG org.hibernate.SQL - 
    select
        d1_0.id,
        d1_0.Category,
        d1_0.FunctionalArea,
        d1_0.FunctionalSubArea,
        d1_0.Question,
        d1_0.ResponseType,
        d1_0.SessionID,
        d1_0.UserID 
    from
        DWQuestions d1_0 
    where
        d1_0.UserID=? 
        and d1_0.SessionID=? 
        and d1_0.Category=? 
        and d1_0.Question=?
2025-09-17 15:52:58 [http-nio-8080-exec-1] DEBUG org.hibernate.SQL - 
    insert 
    into
        DWQuestions
        (Category, FunctionalArea, FunctionalSubArea, Question, ResponseType, SessionID, UserID) 
    values
        (?, ?, ?, ?, ?, ?, ?)
2025-09-17 15:52:59 [http-nio-8080-exec-1] DEBUG org.hibernate.SQL - 
    select
        d1_0.id,
        d1_0.Category,
        d1_0.FunctionalArea,
        d1_0.FunctionalSubArea,
        d1_0.Question,
        d1_0.ResponseType,
        d1_0.SessionID,
        d1_0.UserID 
    from
        DWQuestions d1_0 
    where
        d1_0.UserID=? 
        and d1_0.SessionID=? 
        and d1_0.Category=? 
        and d1_0.Question=?
2025-09-17 15:53:00 [http-nio-8080-exec-1] DEBUG org.hibernate.SQL - 
    insert 
    into
        DWQuestions
        (Category, FunctionalArea, FunctionalSubArea, Question, ResponseType, SessionID, UserID) 
    values
        (?, ?, ?, ?, ?, ?, ?)
2025-09-17 15:53:01 [http-nio-8080-exec-1] DEBUG org.hibernate.SQL - 
    select
        d1_0.id,
        d1_0.Category,
        d1_0.FunctionalArea,
        d1_0.FunctionalSubArea,
        d1_0.Question,
        d1_0.ResponseType,
        d1_0.SessionID,
        d1_0.UserID 
    from
        DWQuestions d1_0 
    where
        d1_0.UserID=? 
        and d1_0.SessionID=? 
        and d1_0.Category=? 
        and d1_0.Question=?
2025-09-17 15:53:01 [http-nio-8080-exec-1] DEBUG org.hibernate.SQL - 
    insert 
    into
        DWQuestions
        (Category, FunctionalArea, FunctionalSubArea, Question, ResponseType, SessionID, UserID) 
    values
        (?, ?, ?, ?, ?, ?, ?)
2025-09-17 15:53:02 [http-nio-8080-exec-1] DEBUG org.hibernate.SQL - 
    select
        d1_0.id,
        d1_0.Category,
        d1_0.FunctionalArea,
        d1_0.FunctionalSubArea,
        d1_0.Question,
        d1_0.ResponseType,
        d1_0.SessionID,
        d1_0.UserID 
    from
        DWQuestions d1_0 
    where
        d1_0.UserID=? 
        and d1_0.SessionID=? 
        and d1_0.Category=? 
        and d1_0.Question=?
2025-09-17 15:53:03 [http-nio-8080-exec-1] DEBUG org.hibernate.SQL - 
    insert 
    into
        DWQuestions
        (Category, FunctionalArea, FunctionalSubArea, Question, ResponseType, SessionID, UserID) 
    values
        (?, ?, ?, ?, ?, ?, ?)
2025-09-17 15:53:03 [http-nio-8080-exec-1] INFO  c.e.D.service.QuestionnaireService - Successfully saved 10 answers for category: Visibility & Proactive Planning with session: 87F405567B66258723C53DB1911CF891
2025-09-17 15:53:03 [http-nio-8080-exec-1] INFO  c.e.D.c.QuestionnaireController - Successfully saved 10 Visibility & Proactive Planning answers
2025-09-17 15:53:03 [http-nio-8080-exec-1] DEBUG o.s.w.s.m.m.a.HttpEntityMethodProcessor - Using 'application/json', given [*/*] and supported [application/json, application/*+json]
2025-09-17 15:53:03 [http-nio-8080-exec-1] DEBUG o.s.w.s.m.m.a.HttpEntityMethodProcessor - Writing [SaveAnswersResponse(userId=USER-67097B4C, sessionId=87F405567B66258723C53DB1911CF891, functionalArea (truncated)...]
2025-09-17 15:53:03 [http-nio-8080-exec-1] DEBUG o.s.web.servlet.DispatcherServlet - Completed 201 CREATED
2025-09-17 15:53:03 [http-nio-8080-exec-4] DEBUG o.s.web.servlet.DispatcherServlet - GET "/api/digital-wayfinder/questionnaire/genai/get-questions?functionalSubArea=Transportation%20Management%20System", parameters={masked}
2025-09-17 15:53:03 [http-nio-8080-exec-4] DEBUG o.s.w.s.m.m.a.RequestMappingHandlerMapping - Mapped to com.example.DigitalWayfinder.controller.QuestionnaireController#getGenAIQuestions(String, UserSession)
2025-09-17 15:53:03 [http-nio-8080-exec-4] INFO  c.e.D.c.QuestionnaireController - Received request for Agentic AI questions - functionalSubArea: Transportation Management System, user: USER-67097B4C, session: 87F405567B66258723C53DB1911CF891
2025-09-17 15:53:03 [http-nio-8080-exec-4] INFO  c.e.D.service.QuestionnaireService - Fetching questions for functionalSubArea: Transportation Management System, category: Agentic AI, userId: USER-67097B4C, sessionId: 87F405567B66258723C53DB1911CF891
2025-09-17 15:53:03 [http-nio-8080-exec-4] INFO  c.e.D.service.QuestionnaireService - Fetching questions from TMS table for category: Agentic AI
2025-09-17 15:53:03 [http-nio-8080-exec-4] DEBUG org.hibernate.SQL - 
    select
        tq1_0.category,
        tq1_0.question,
        tq1_0.[Answer Type] 
    from
        TMS_Questionnaire tq1_0 
    where
        tq1_0.category=?
2025-09-17 15:53:04 [http-nio-8080-exec-4] INFO  c.e.D.service.QuestionnaireService - Successfully fetched 5 TMS questions for category: Agentic AI
2025-09-17 15:53:04 [http-nio-8080-exec-4] INFO  c.e.D.c.QuestionnaireController - Successfully returning questions for functionalSubArea: Transportation Management System
2025-09-17 15:53:04 [http-nio-8080-exec-4] DEBUG o.s.w.s.m.m.a.HttpEntityMethodProcessor - Using 'application/json', given [*/*] and supported [application/json, application/*+json]
2025-09-17 15:53:04 [http-nio-8080-exec-4] DEBUG o.s.w.s.m.m.a.HttpEntityMethodProcessor - Writing [QuestionnaireResponse(userId=USER-67097B4C, sessionId=87F405567B66258723C53DB1911CF891, functionalSu (truncated)...]
2025-09-17 15:53:04 [http-nio-8080-exec-4] DEBUG o.s.web.servlet.DispatcherServlet - Completed 200 OK
2025-09-17 15:53:04 [http-nio-8080-exec-5] DEBUG o.s.web.servlet.DispatcherServlet - GET "/api/digital-wayfinder/questionnaire/visibility-proactive/get-answers?functionalSubArea=Transportation%20Management%20System", parameters={masked}
2025-09-17 15:53:04 [http-nio-8080-exec-5] DEBUG o.s.w.s.m.m.a.RequestMappingHandlerMapping - Mapped to com.example.DigitalWayfinder.controller.QuestionnaireController#getVisibilityProactiveAnswers(UserSession)
2025-09-17 15:53:04 [http-nio-8080-exec-5] INFO  c.e.D.c.QuestionnaireController - Received request for Visibility & Proactive Planning answers - user: USER-67097B4C, session: 87F405567B66258723C53DB1911CF891
2025-09-17 15:53:04 [http-nio-8080-exec-5] INFO  c.e.D.service.QuestionnaireService - Fetching answers for category: Visibility & Proactive Planning, userId: USER-67097B4C, sessionId: 87F405567B66258723C53DB1911CF891
2025-09-17 15:53:04 [http-nio-8080-exec-5] INFO  c.e.D.service.QuestionnaireService - Using provided session - User: USER-67097B4C, Session: 87F405567B66258723C53DB1911CF891
2025-09-17 15:53:04 [http-nio-8080-exec-5] DEBUG org.hibernate.SQL - 
    select
        d1_0.id,
        d1_0.Category,
        d1_0.FunctionalArea,
        d1_0.FunctionalSubArea,
        d1_0.Question,
        d1_0.ResponseType,
        d1_0.SessionID,
        d1_0.UserID 
    from
        DWQuestions d1_0 
    where
        d1_0.Category=? 
        and (
            d1_0.UserID=? 
            or d1_0.UserID is null
        ) 
        and (
            d1_0.SessionID=? 
            or d1_0.SessionID is null
        )
2025-09-17 15:53:04 [http-nio-8080-exec-5] INFO  c.e.D.service.QuestionnaireService - Successfully fetched 10 saved answers for category: Visibility & Proactive Planning with session: 87F405567B66258723C53DB1911CF891
2025-09-17 15:53:04 [http-nio-8080-exec-5] INFO  c.e.D.c.QuestionnaireController - Successfully returning 10 Visibility & Proactive Planning answers
2025-09-17 15:53:04 [http-nio-8080-exec-5] DEBUG o.s.w.s.m.m.a.HttpEntityMethodProcessor - Using 'application/json', given [*/*] and supported [application/json, application/*+json]
2025-09-17 15:53:04 [http-nio-8080-exec-5] DEBUG o.s.w.s.m.m.a.HttpEntityMethodProcessor - Writing [GetAnswersResponse(userId=USER-67097B4C, sessionId=87F405567B66258723C53DB1911CF891, functionalSubAr (truncated)...]
2025-09-17 15:53:04 [http-nio-8080-exec-5] DEBUG o.s.web.servlet.DispatcherServlet - Completed 200 OK
2025-09-17 15:53:12 [http-nio-8080-exec-6] DEBUG o.s.web.servlet.DispatcherServlet - POST "/api/digital-wayfinder/questionnaire/genai/save-answers", parameters={}
2025-09-17 15:53:12 [http-nio-8080-exec-6] DEBUG o.s.w.s.m.m.a.RequestMappingHandlerMapping - Mapped to com.example.DigitalWayfinder.controller.QuestionnaireController#saveGenAIAnswers(SaveAnswersRequest, UserSession)
2025-09-17 15:53:12 [http-nio-8080-exec-6] DEBUG o.s.w.s.m.m.a.RequestResponseBodyMethodProcessor - Read "application/json;charset=UTF-8" to [SaveAnswersRequest(functionalArea=Supply Chain Fulfillment, functionalSubArea=Transportation Managem (truncated)...]
2025-09-17 15:53:12 [http-nio-8080-exec-6] INFO  c.e.D.c.QuestionnaireController - Received request to save Agentic AI answers - user: USER-67097B4C, session: 87F405567B66258723C53DB1911CF891
2025-09-17 15:53:12 [http-nio-8080-exec-6] INFO  c.e.D.service.QuestionnaireService - Saving answers for category: Agentic AI, userId: USER-67097B4C, sessionId: 87F405567B66258723C53DB1911CF891
2025-09-17 15:53:12 [http-nio-8080-exec-6] INFO  c.e.D.service.QuestionnaireService - Using provided session - User: USER-67097B4C, Session: 87F405567B66258723C53DB1911CF891
2025-09-17 15:53:12 [http-nio-8080-exec-6] DEBUG org.hibernate.SQL - 
    select
        d1_0.id,
        d1_0.Category,
        d1_0.FunctionalArea,
        d1_0.FunctionalSubArea,
        d1_0.Question,
        d1_0.ResponseType,
        d1_0.SessionID,
        d1_0.UserID 
    from
        DWQuestions d1_0 
    where
        d1_0.UserID=? 
        and d1_0.SessionID=? 
        and d1_0.Category=? 
        and d1_0.Question=?
2025-09-17 15:53:13 [http-nio-8080-exec-6] DEBUG org.hibernate.SQL - 
    insert 
    into
        DWQuestions
        (Category, FunctionalArea, FunctionalSubArea, Question, ResponseType, SessionID, UserID) 
    values
        (?, ?, ?, ?, ?, ?, ?)
2025-09-17 15:53:14 [http-nio-8080-exec-6] DEBUG org.hibernate.SQL - 
    select
        d1_0.id,
        d1_0.Category,
        d1_0.FunctionalArea,
        d1_0.FunctionalSubArea,
        d1_0.Question,
        d1_0.ResponseType,
        d1_0.SessionID,
        d1_0.UserID 
    from
        DWQuestions d1_0 
    where
        d1_0.UserID=? 
        and d1_0.SessionID=? 
        and d1_0.Category=? 
        and d1_0.Question=?
2025-09-17 15:53:15 [http-nio-8080-exec-6] DEBUG org.hibernate.SQL - 
    insert 
    into
        DWQuestions
        (Category, FunctionalArea, FunctionalSubArea, Question, ResponseType, SessionID, UserID) 
    values
        (?, ?, ?, ?, ?, ?, ?)
2025-09-17 15:53:15 [http-nio-8080-exec-6] DEBUG org.hibernate.SQL - 
    select
        d1_0.id,
        d1_0.Category,
        d1_0.FunctionalArea,
        d1_0.FunctionalSubArea,
        d1_0.Question,
        d1_0.ResponseType,
        d1_0.SessionID,
        d1_0.UserID 
    from
        DWQuestions d1_0 
    where
        d1_0.UserID=? 
        and d1_0.SessionID=? 
        and d1_0.Category=? 
        and d1_0.Question=?
2025-09-17 15:53:16 [http-nio-8080-exec-6] DEBUG org.hibernate.SQL - 
    insert 
    into
        DWQuestions
        (Category, FunctionalArea, FunctionalSubArea, Question, ResponseType, SessionID, UserID) 
    values
        (?, ?, ?, ?, ?, ?, ?)
2025-09-17 15:53:17 [http-nio-8080-exec-6] DEBUG org.hibernate.SQL - 
    select
        d1_0.id,
        d1_0.Category,
        d1_0.FunctionalArea,
        d1_0.FunctionalSubArea,
        d1_0.Question,
        d1_0.ResponseType,
        d1_0.SessionID,
        d1_0.UserID 
    from
        DWQuestions d1_0 
    where
        d1_0.UserID=? 
        and d1_0.SessionID=? 
        and d1_0.Category=? 
        and d1_0.Question=?
2025-09-17 15:53:17 [http-nio-8080-exec-6] DEBUG org.hibernate.SQL - 
    insert 
    into
        DWQuestions
        (Category, FunctionalArea, FunctionalSubArea, Question, ResponseType, SessionID, UserID) 
    values
        (?, ?, ?, ?, ?, ?, ?)
2025-09-17 15:53:18 [http-nio-8080-exec-6] DEBUG org.hibernate.SQL - 
    select
        d1_0.id,
        d1_0.Category,
        d1_0.FunctionalArea,
        d1_0.FunctionalSubArea,
        d1_0.Question,
        d1_0.ResponseType,
        d1_0.SessionID,
        d1_0.UserID 
    from
        DWQuestions d1_0 
    where
        d1_0.UserID=? 
        and d1_0.SessionID=? 
        and d1_0.Category=? 
        and d1_0.Question=?
2025-09-17 15:53:19 [http-nio-8080-exec-6] DEBUG org.hibernate.SQL - 
    insert 
    into
        DWQuestions
        (Category, FunctionalArea, FunctionalSubArea, Question, ResponseType, SessionID, UserID) 
    values
        (?, ?, ?, ?, ?, ?, ?)
2025-09-17 15:53:20 [http-nio-8080-exec-6] INFO  c.e.D.service.QuestionnaireService - Successfully saved 5 answers for category: Agentic AI with session: 87F405567B66258723C53DB1911CF891
2025-09-17 15:53:20 [http-nio-8080-exec-6] INFO  c.e.D.c.QuestionnaireController - Successfully saved 5 Agentic AI answers
2025-09-17 15:53:20 [http-nio-8080-exec-6] DEBUG o.s.w.s.m.m.a.HttpEntityMethodProcessor - Using 'application/json', given [*/*] and supported [application/json, application/*+json]
2025-09-17 15:53:20 [http-nio-8080-exec-6] DEBUG o.s.w.s.m.m.a.HttpEntityMethodProcessor - Writing [SaveAnswersResponse(userId=USER-67097B4C, sessionId=87F405567B66258723C53DB1911CF891, functionalArea (truncated)...]
2025-09-17 15:53:20 [http-nio-8080-exec-6] DEBUG o.s.web.servlet.DispatcherServlet - Completed 201 CREATED
2025-09-17 15:53:20 [http-nio-8080-exec-8] DEBUG o.s.web.servlet.DispatcherServlet - GET "/api/digital-wayfinder/questionnaire/report", parameters={}
2025-09-17 15:53:20 [http-nio-8080-exec-8] DEBUG o.s.w.s.m.m.a.RequestMappingHandlerMapping - Mapped to com.example.DigitalWayfinder.controller.PlatformAnalysisController#getAllPlatformAnalysis(UserSession, String, String)
2025-09-17 15:53:20 [http-nio-8080-exec-8] INFO  c.e.D.c.PlatformAnalysisController - Received request to fetch all platform analysis records - user: USER-67097B4C, session: 87F405567B66258723C53DB1911CF891, functionalSubArea: null, industryType: null
2025-09-17 15:53:20 [http-nio-8080-exec-8] WARN  c.e.D.c.PlatformAnalysisController - Could not determine system type from functionalSubArea: null, industryType: null, defaulting to WMS
2025-09-17 15:53:20 [http-nio-8080-exec-8] INFO  c.e.D.c.PlatformAnalysisController - Determined system type: WMS for user: USER-67097B4C, session: 87F405567B66258723C53DB1911CF891
2025-09-17 15:53:20 [http-nio-8080-exec-8] INFO  c.e.D.s.PlatformAnalysisService - Fetching all platform analysis records for user: USER-67097B4C, session: 87F405567B66258723C53DB1911CF891, systemType: WMS
2025-09-17 15:53:20 [http-nio-8080-exec-8] INFO  c.e.D.s.PlatformAnalysisService - Using provided session - User: USER-67097B4C, Session: 87F405567B66258723C53DB1911CF891
2025-09-17 15:53:20 [http-nio-8080-exec-8] INFO  c.e.D.s.PlatformAnalysisService - Using system type: WMS for user: USER-67097B4C, session: 87F405567B66258723C53DB1911CF891
2025-09-17 15:53:20 [http-nio-8080-exec-8] DEBUG org.hibernate.SQL - 
    select
        pa1_0.ID,
        pa1_0.[Asset Name],
        pa1_0.Category,
        pa1_0.Gaps,
        pa1_0.L2,
        pa1_0.SessionID,
        pa1_0.UserID 
    from
        vw_Fnl_FunctionScore_WMS pa1_0 
    where
        (
            pa1_0.UserID=? 
            or pa1_0.UserID is null
        ) 
        and (
            pa1_0.SessionID=? 
            or pa1_0.SessionID is null
        )
2025-09-17 15:53:20 [http-nio-8080-exec-8] INFO  c.e.D.s.PlatformAnalysisService - Successfully fetched 45 WMS records (after deduplication: 9) grouped into 3 categories
2025-09-17 15:53:20 [http-nio-8080-exec-8] INFO  c.e.D.c.PlatformAnalysisController - Successfully returning 9 platform analysis records across 3 categories using WMS system
2025-09-17 15:53:20 [http-nio-8080-exec-8] DEBUG o.s.w.s.m.m.a.HttpEntityMethodProcessor - Using 'application/json', given [*/*] and supported [application/json, application/*+json]
2025-09-17 15:53:20 [http-nio-8080-exec-8] DEBUG o.s.w.s.m.m.a.HttpEntityMethodProcessor - Writing [PlatformAnalysisResponse(userId=USER-67097B4C, sessionId=87F405567B66258723C53DB1911CF891, categorie (truncated)...]
2025-09-17 15:53:20 [http-nio-8080-exec-8] DEBUG o.s.web.servlet.DispatcherServlet - Completed 200 OK
2025-09-17 15:53:20 [http-nio-8080-exec-2] DEBUG o.s.web.servlet.DispatcherServlet - GET "/static/media/DataCloud.643f99d67a62228b104d.jpg", parameters={}
2025-09-17 15:53:20 [http-nio-8080-exec-10] DEBUG o.s.web.servlet.DispatcherServlet - GET "/static/media/planning-crop.06f3745b530ca71d1357.png", parameters={}
2025-09-17 15:53:20 [http-nio-8080-exec-7] DEBUG o.s.web.servlet.DispatcherServlet - GET "/static/media/Operations.afb8cfbb20d033f75cd9.jpg", parameters={}
2025-09-17 15:53:20 [http-nio-8080-exec-10] DEBUG o.s.w.s.h.SimpleUrlHandlerMapping - Mapped to ResourceHttpRequestHandler [classpath [META-INF/resources/], classpath [resources/], classpath [static/], classpath [public/], ServletContext [/]]
2025-09-17 15:53:20 [http-nio-8080-exec-2] DEBUG o.s.w.s.h.SimpleUrlHandlerMapping - Mapped to ResourceHttpRequestHandler [classpath [META-INF/resources/], classpath [resources/], classpath [static/], classpath [public/], ServletContext [/]]
2025-09-17 15:53:20 [http-nio-8080-exec-7] DEBUG o.s.w.s.h.SimpleUrlHandlerMapping - Mapped to ResourceHttpRequestHandler [classpath [META-INF/resources/], classpath [resources/], classpath [static/], classpath [public/], ServletContext [/]]
2025-09-17 15:53:20 [http-nio-8080-exec-2] DEBUG o.s.web.servlet.DispatcherServlet - Completed 200 OK
2025-09-17 15:53:20 [http-nio-8080-exec-7] DEBUG o.s.web.servlet.DispatcherServlet - Completed 200 OK
2025-09-17 15:53:20 [http-nio-8080-exec-10] DEBUG o.s.web.servlet.DispatcherServlet - Completed 200 OK
2025-09-17 15:53:20 [http-nio-8080-exec-9] DEBUG o.s.web.servlet.DispatcherServlet - GET "/static/media/planning-crop.06f3745b530ca71d1357.png", parameters={}
2025-09-17 15:53:20 [http-nio-8080-exec-9] DEBUG o.s.w.s.h.SimpleUrlHandlerMapping - Mapped to ResourceHttpRequestHandler [classpath [META-INF/resources/], classpath [resources/], classpath [static/], classpath [public/], ServletContext [/]]
2025-09-17 15:53:20 [http-nio-8080-exec-9] DEBUG o.s.web.servlet.DispatcherServlet - Completed 200 OK
2025-09-17 15:53:24 [http-nio-8080-exec-3] DEBUG o.s.web.servlet.DispatcherServlet - GET "/static/media/planning-crop.06f3745b530ca71d1357.png", parameters={}
2025-09-17 15:53:24 [http-nio-8080-exec-3] DEBUG o.s.w.s.h.SimpleUrlHandlerMapping - Mapped to ResourceHttpRequestHandler [classpath [META-INF/resources/], classpath [resources/], classpath [static/], classpath [public/], ServletContext [/]]
2025-09-17 15:53:24 [http-nio-8080-exec-3] DEBUG o.s.web.servlet.DispatcherServlet - Completed 200 OK
2025-09-17 16:04:54 [http-nio-8080-exec-8] DEBUG o.s.web.servlet.DispatcherServlet - GET "/api/decision-tree/project-info/get", parameters={}
2025-09-17 16:04:54 [http-nio-8080-exec-8] DEBUG o.s.w.s.h.SimpleUrlHandlerMapping - Mapped to ResourceHttpRequestHandler [classpath [META-INF/resources/], classpath [resources/], classpath [static/], classpath [public/], ServletContext [/]]
2025-09-17 16:04:54 [http-nio-8080-exec-8] DEBUG o.s.w.s.r.ResourceHttpRequestHandler - Resource not found
2025-09-17 16:04:54 [http-nio-8080-exec-8] DEBUG o.s.w.s.m.m.a.ExceptionHandlerExceptionResolver - Using @ExceptionHandler com.example.DigitalWayfinder.exception.GlobalExceptionHandler#handleGenericException(Exception)
2025-09-17 16:04:54 [http-nio-8080-exec-8] ERROR c.e.D.e.GlobalExceptionHandler - Unexpected exception occurred: No static resource api/decision-tree/project-info/get.
org.springframework.web.servlet.resource.NoResourceFoundException: No static resource api/decision-tree/project-info/get.
	at org.springframework.web.servlet.resource.ResourceHttpRequestHandler.handleRequest(ResourceHttpRequestHandler.java:585)
	at org.springframework.web.servlet.mvc.HttpRequestHandlerAdapter.handle(HttpRequestHandlerAdapter.java:52)
	at org.springframework.web.servlet.DispatcherServlet.doDispatch(DispatcherServlet.java:1089)
	at org.springframework.web.servlet.DispatcherServlet.doService(DispatcherServlet.java:979)
	at org.springframework.web.servlet.FrameworkServlet.processRequest(FrameworkServlet.java:1014)
	at org.springframework.web.servlet.FrameworkServlet.doGet(FrameworkServlet.java:903)
	at jakarta.servlet.http.HttpServlet.service(HttpServlet.java:564)
	at org.springframework.web.servlet.FrameworkServlet.service(FrameworkServlet.java:885)
	at jakarta.servlet.http.HttpServlet.service(HttpServlet.java:658)
	at org.apache.catalina.core.ApplicationFilterChain.internalDoFilter(ApplicationFilterChain.java:206)
	at org.apache.catalina.core.ApplicationFilterChain.doFilter(ApplicationFilterChain.java:150)
	at org.apache.tomcat.websocket.server.WsFilter.doFilter(WsFilter.java:51)
	at org.apache.catalina.core.ApplicationFilterChain.internalDoFilter(ApplicationFilterChain.java:175)
	at org.apache.catalina.core.ApplicationFilterChain.doFilter(ApplicationFilterChain.java:150)
	at org.springframework.web.filter.RequestContextFilter.doFilterInternal(RequestContextFilter.java:100)
	at org.springframework.web.filter.OncePerRequestFilter.doFilter(OncePerRequestFilter.java:116)
	at org.apache.catalina.core.ApplicationFilterChain.internalDoFilter(ApplicationFilterChain.java:175)
	at org.apache.catalina.core.ApplicationFilterChain.doFilter(ApplicationFilterChain.java:150)
	at org.springframework.web.filter.FormContentFilter.doFilterInternal(FormContentFilter.java:93)
	at org.springframework.web.filter.OncePerRequestFilter.doFilter(OncePerRequestFilter.java:116)
	at org.apache.catalina.core.ApplicationFilterChain.internalDoFilter(ApplicationFilterChain.java:175)
	at org.apache.catalina.core.ApplicationFilterChain.doFilter(ApplicationFilterChain.java:150)
	at org.springframework.web.filter.ServerHttpObservationFilter.doFilterInternal(ServerHttpObservationFilter.java:109)
	at org.springframework.web.filter.OncePerRequestFilter.doFilter(OncePerRequestFilter.java:116)
	at org.apache.catalina.core.ApplicationFilterChain.internalDoFilter(ApplicationFilterChain.java:175)
	at org.apache.catalina.core.ApplicationFilterChain.doFilter(ApplicationFilterChain.java:150)
	at org.springframework.web.filter.CharacterEncodingFilter.doFilterInternal(CharacterEncodingFilter.java:201)
	at org.springframework.web.filter.OncePerRequestFilter.doFilter(OncePerRequestFilter.java:116)
	at org.apache.catalina.core.ApplicationFilterChain.internalDoFilter(ApplicationFilterChain.java:175)
	at org.apache.catalina.core.ApplicationFilterChain.doFilter(ApplicationFilterChain.java:150)
	at org.apache.catalina.core.StandardWrapperValve.invoke(StandardWrapperValve.java:167)
	at org.apache.catalina.core.StandardContextValve.invoke(StandardContextValve.java:90)
	at org.apache.catalina.authenticator.AuthenticatorBase.invoke(AuthenticatorBase.java:482)
	at org.apache.catalina.core.StandardHostValve.invoke(StandardHostValve.java:115)
	at org.apache.catalina.valves.ErrorReportValve.invoke(ErrorReportValve.java:93)
	at org.apache.catalina.core.StandardEngineValve.invoke(StandardEngineValve.java:74)
	at org.apache.catalina.connector.CoyoteAdapter.service(CoyoteAdapter.java:344)
	at org.apache.coyote.http11.Http11Processor.service(Http11Processor.java:391)
	at org.apache.coyote.AbstractProcessorLight.process(AbstractProcessorLight.java:63)
	at org.apache.coyote.AbstractProtocol$ConnectionHandler.process(AbstractProtocol.java:896)
	at org.apache.tomcat.util.net.NioEndpoint$SocketProcessor.doRun(NioEndpoint.java:1736)
	at org.apache.tomcat.util.net.SocketProcessorBase.run(SocketProcessorBase.java:52)
	at org.apache.tomcat.util.threads.ThreadPoolExecutor.runWorker(ThreadPoolExecutor.java:1191)
	at org.apache.tomcat.util.threads.ThreadPoolExecutor$Worker.run(ThreadPoolExecutor.java:659)
	at org.apache.tomcat.util.threads.TaskThread$WrappingRunnable.run(TaskThread.java:63)
	at java.base/java.lang.Thread.run(Thread.java:1570)
2025-09-17 16:04:54 [http-nio-8080-exec-8] DEBUG o.s.w.s.m.m.a.HttpEntityMethodProcessor - Using 'text/plain', given [*/*] and supported [text/plain, */*, application/json, application/*+json]
2025-09-17 16:04:54 [http-nio-8080-exec-8] DEBUG o.s.w.s.m.m.a.HttpEntityMethodProcessor - Writing ["An unexpected error occurred"]
2025-09-17 16:04:54 [http-nio-8080-exec-8] WARN  o.s.w.s.m.m.a.ExceptionHandlerExceptionResolver - Resolved [org.springframework.web.servlet.resource.NoResourceFoundException: No static resource api/decision-tree/project-info/get.]
2025-09-17 16:04:54 [http-nio-8080-exec-8] DEBUG o.s.web.servlet.DispatcherServlet - Completed 500 INTERNAL_SERVER_ERROR
2025-09-17 16:04:54 [http-nio-8080-exec-2] DEBUG o.s.web.servlet.DispatcherServlet - GET "/static/media/dashboard.fc64719693ae8c17e7c5.png", parameters={}
2025-09-17 16:04:54 [http-nio-8080-exec-2] DEBUG o.s.w.s.h.SimpleUrlHandlerMapping - Mapped to ResourceHttpRequestHandler [classpath [META-INF/resources/], classpath [resources/], classpath [static/], classpath [public/], ServletContext [/]]
2025-09-17 16:04:54 [http-nio-8080-exec-2] DEBUG o.s.web.servlet.DispatcherServlet - Completed 200 OK
2025-09-17 16:04:58 [http-nio-8080-exec-7] DEBUG o.s.web.servlet.DispatcherServlet - POST "/api/decision-tree/project-info/save", parameters={}
2025-09-17 16:04:58 [http-nio-8080-exec-7] DEBUG o.s.w.s.m.m.a.RequestMappingHandlerMapping - Mapped to com.example.DigitalWayfinder.controller.ProjectInfoController#saveProjectInfo(ProjectInfoRequest, UserSession)
2025-09-17 16:04:58 [http-nio-8080-exec-7] DEBUG o.s.w.s.m.m.a.RequestResponseBodyMethodProcessor - Read "application/json;charset=UTF-8" to [ProjectInfoRequest(projectType=internal, requestID=1234, clientName=rqwerwf, clientDescription=, pro (truncated)...]
2025-09-17 16:04:58 [http-nio-8080-exec-7] INFO  c.e.D.c.ProjectInfoController - Received request to save project info: 1234 for user: USER-67097B4C in session: 87F405567B66258723C53DB1911CF891
2025-09-17 16:04:58 [http-nio-8080-exec-7] INFO  c.e.D.service.ProjectInfoService - Processing project info for request ID: 1234 by user: USER-67097B4C in session: 87F405567B66258723C53DB1911CF891
2025-09-17 16:04:58 [http-nio-8080-exec-7] DEBUG org.hibernate.SQL - 
    select
        pt1_0.id,
        pt1_0.ClientDescription,
        pt1_0.ClientName,
        pt1_0.CreatedDate,
        pt1_0.ProjectScope,
        pt1_0.ProjectType,
        pt1_0.RequestID,
        pt1_0.SessionID,
        pt1_0.UserID 
    from
        ProjectType pt1_0 
    where
        pt1_0.UserID=? 
        and pt1_0.SessionID=?
2025-09-17 16:04:59 [http-nio-8080-exec-7] INFO  c.e.D.service.ProjectInfoService - Creating new project record
2025-09-17 16:04:59 [http-nio-8080-exec-7] DEBUG org.hibernate.SQL - 
    insert 
    into
        ProjectType
        (ClientDescription, ClientName, CreatedDate, ProjectScope, ProjectType, RequestID, SessionID, UserID) 
    values
        (?, ?, ?, ?, ?, ?, ?, ?)
2025-09-17 16:04:59 [http-nio-8080-exec-7] INFO  c.e.D.service.ProjectInfoService - Project information saved successfully with ID: 222
2025-09-17 16:04:59 [http-nio-8080-exec-7] DEBUG o.s.w.s.m.m.a.HttpEntityMethodProcessor - Using 'application/json', given [*/*] and supported [application/json, application/*+json]
2025-09-17 16:04:59 [http-nio-8080-exec-7] DEBUG o.s.w.s.m.m.a.HttpEntityMethodProcessor - Writing [ProjectInfoResponse(id=222, userID=USER-67097B4C, projectType=internal, requestID=1234, clientName=r (truncated)...]
2025-09-17 16:04:59 [http-nio-8080-exec-7] DEBUG o.s.web.servlet.DispatcherServlet - Completed 201 CREATED
2025-09-17 16:04:59 [http-nio-8080-exec-10] DEBUG o.s.web.servlet.DispatcherServlet - GET "/static/media/dashboard.fc64719693ae8c17e7c5.png", parameters={}
2025-09-17 16:04:59 [http-nio-8080-exec-10] DEBUG o.s.w.s.h.SimpleUrlHandlerMapping - Mapped to ResourceHttpRequestHandler [classpath [META-INF/resources/], classpath [resources/], classpath [static/], classpath [public/], ServletContext [/]]
2025-09-17 16:04:59 [http-nio-8080-exec-3] DEBUG o.s.web.servlet.DispatcherServlet - GET "/static/media/supply-chain-planning.e00cda5f9f556d0f2f7b.png", parameters={}
2025-09-17 16:04:59 [http-nio-8080-exec-9] DEBUG o.s.web.servlet.DispatcherServlet - GET "/static/media/supply-chain-fulfillment.6dc3aaa89826c6c2506e.png", parameters={}
2025-09-17 16:04:59 [http-nio-8080-exec-3] DEBUG o.s.w.s.h.SimpleUrlHandlerMapping - Mapped to ResourceHttpRequestHandler [classpath [META-INF/resources/], classpath [resources/], classpath [static/], classpath [public/], ServletContext [/]]
2025-09-17 16:04:59 [http-nio-8080-exec-9] DEBUG o.s.w.s.h.SimpleUrlHandlerMapping - Mapped to ResourceHttpRequestHandler [classpath [META-INF/resources/], classpath [resources/], classpath [static/], classpath [public/], ServletContext [/]]
2025-09-17 16:04:59 [http-nio-8080-exec-10] DEBUG o.s.web.servlet.DispatcherServlet - Completed 200 OK
2025-09-17 16:05:00 [http-nio-8080-exec-9] DEBUG o.s.web.servlet.DispatcherServlet - Completed 200 OK
2025-09-17 16:05:00 [http-nio-8080-exec-1] DEBUG o.s.web.servlet.DispatcherServlet - GET "/static/media/supply-chain-fulfillment.6dc3aaa89826c6c2506e.png", parameters={}
2025-09-17 16:05:00 [http-nio-8080-exec-1] DEBUG o.s.w.s.h.SimpleUrlHandlerMapping - Mapped to ResourceHttpRequestHandler [classpath [META-INF/resources/], classpath [resources/], classpath [static/], classpath [public/], ServletContext [/]]
2025-09-17 16:05:00 [http-nio-8080-exec-3] DEBUG o.s.web.servlet.DispatcherServlet - Completed 200 OK
2025-09-17 16:05:00 [http-nio-8080-exec-1] DEBUG o.s.web.servlet.DispatcherServlet - Completed 200 OK
2025-09-17 16:05:00 [http-nio-8080-exec-4] DEBUG o.s.web.servlet.DispatcherServlet - GET "/static/media/supply-chain-planning.e00cda5f9f556d0f2f7b.png", parameters={}
2025-09-17 16:05:00 [http-nio-8080-exec-4] DEBUG o.s.w.s.h.SimpleUrlHandlerMapping - Mapped to ResourceHttpRequestHandler [classpath [META-INF/resources/], classpath [resources/], classpath [static/], classpath [public/], ServletContext [/]]
2025-09-17 16:05:00 [http-nio-8080-exec-4] DEBUG o.s.web.servlet.DispatcherServlet - Completed 200 OK
2025-09-17 16:05:01 [http-nio-8080-exec-5] DEBUG o.s.web.servlet.DispatcherServlet - GET "/static/media/dashboard.fc64719693ae8c17e7c5.png", parameters={}
2025-09-17 16:05:01 [http-nio-8080-exec-2] DEBUG o.s.web.servlet.DispatcherServlet - GET "/static/media/order-management.f7bd9a2446beb26e5bc1.png", parameters={}
2025-09-17 16:05:01 [http-nio-8080-exec-8] DEBUG o.s.web.servlet.DispatcherServlet - GET "/static/media/transportation-management.441e7de72d119d4043ce.png", parameters={}
2025-09-17 16:05:01 [http-nio-8080-exec-6] DEBUG o.s.web.servlet.DispatcherServlet - GET "/static/media/warehouse-management.0fed6bc421ff6a0d0bb2.png", parameters={}
2025-09-17 16:05:01 [http-nio-8080-exec-5] DEBUG o.s.w.s.h.SimpleUrlHandlerMapping - Mapped to ResourceHttpRequestHandler [classpath [META-INF/resources/], classpath [resources/], classpath [static/], classpath [public/], ServletContext [/]]
2025-09-17 16:05:01 [http-nio-8080-exec-2] DEBUG o.s.w.s.h.SimpleUrlHandlerMapping - Mapped to ResourceHttpRequestHandler [classpath [META-INF/resources/], classpath [resources/], classpath [static/], classpath [public/], ServletContext [/]]
2025-09-17 16:05:01 [http-nio-8080-exec-8] DEBUG o.s.w.s.h.SimpleUrlHandlerMapping - Mapped to ResourceHttpRequestHandler [classpath [META-INF/resources/], classpath [resources/], classpath [static/], classpath [public/], ServletContext [/]]
2025-09-17 16:05:01 [http-nio-8080-exec-6] DEBUG o.s.w.s.h.SimpleUrlHandlerMapping - Mapped to ResourceHttpRequestHandler [classpath [META-INF/resources/], classpath [resources/], classpath [static/], classpath [public/], ServletContext [/]]
2025-09-17 16:05:01 [http-nio-8080-exec-5] DEBUG o.s.web.servlet.DispatcherServlet - Completed 200 OK
2025-09-17 16:05:01 [http-nio-8080-exec-2] DEBUG o.s.web.servlet.DispatcherServlet - Completed 200 OK
2025-09-17 16:05:01 [http-nio-8080-exec-6] DEBUG o.s.web.servlet.DispatcherServlet - Completed 200 OK
2025-09-17 16:05:02 [http-nio-8080-exec-7] DEBUG o.s.web.servlet.DispatcherServlet - GET "/static/media/order-management.f7bd9a2446beb26e5bc1.png", parameters={}
2025-09-17 16:05:02 [http-nio-8080-exec-7] DEBUG o.s.w.s.h.SimpleUrlHandlerMapping - Mapped to ResourceHttpRequestHandler [classpath [META-INF/resources/], classpath [resources/], classpath [static/], classpath [public/], ServletContext [/]]
2025-09-17 16:05:02 [http-nio-8080-exec-7] DEBUG o.s.web.servlet.DispatcherServlet - Completed 200 OK
2025-09-17 16:05:02 [http-nio-8080-exec-10] DEBUG o.s.web.servlet.DispatcherServlet - GET "/static/media/warehouse-management.0fed6bc421ff6a0d0bb2.png", parameters={}
2025-09-17 16:05:02 [http-nio-8080-exec-10] DEBUG o.s.w.s.h.SimpleUrlHandlerMapping - Mapped to ResourceHttpRequestHandler [classpath [META-INF/resources/], classpath [resources/], classpath [static/], classpath [public/], ServletContext [/]]
2025-09-17 16:05:02 [http-nio-8080-exec-10] DEBUG o.s.web.servlet.DispatcherServlet - Completed 200 OK
2025-09-17 16:05:02 [http-nio-8080-exec-8] DEBUG o.s.web.servlet.DispatcherServlet - Completed 200 OK
2025-09-17 16:05:03 [http-nio-8080-exec-9] DEBUG o.s.web.servlet.DispatcherServlet - GET "/static/media/transportation-management.441e7de72d119d4043ce.png", parameters={}
2025-09-17 16:05:03 [http-nio-8080-exec-9] DEBUG o.s.w.s.h.SimpleUrlHandlerMapping - Mapped to ResourceHttpRequestHandler [classpath [META-INF/resources/], classpath [resources/], classpath [static/], classpath [public/], ServletContext [/]]
2025-09-17 16:05:03 [http-nio-8080-exec-9] DEBUG o.s.web.servlet.DispatcherServlet - Completed 200 OK
2025-09-17 16:05:04 [http-nio-8080-exec-3] DEBUG o.s.web.servlet.DispatcherServlet - GET "/static/media/dashboard.fc64719693ae8c17e7c5.png", parameters={}
2025-09-17 16:05:04 [http-nio-8080-exec-4] DEBUG o.s.web.servlet.DispatcherServlet - GET "/static/media/SAP.85bae5998550b4e2f11a.jpg", parameters={}
2025-09-17 16:05:04 [http-nio-8080-exec-3] DEBUG o.s.w.s.h.SimpleUrlHandlerMapping - Mapped to ResourceHttpRequestHandler [classpath [META-INF/resources/], classpath [resources/], classpath [static/], classpath [public/], ServletContext [/]]
2025-09-17 16:05:04 [http-nio-8080-exec-1] DEBUG o.s.web.servlet.DispatcherServlet - GET "/static/media/Blueyonder.58d4f4950656f6f8b79e.png", parameters={}
2025-09-17 16:05:04 [http-nio-8080-exec-4] DEBUG o.s.w.s.h.SimpleUrlHandlerMapping - Mapped to ResourceHttpRequestHandler [classpath [META-INF/resources/], classpath [resources/], classpath [static/], classpath [public/], ServletContext [/]]
2025-09-17 16:05:04 [http-nio-8080-exec-1] DEBUG o.s.w.s.h.SimpleUrlHandlerMapping - Mapped to ResourceHttpRequestHandler [classpath [META-INF/resources/], classpath [resources/], classpath [static/], classpath [public/], ServletContext [/]]
2025-09-17 16:05:04 [http-nio-8080-exec-3] DEBUG o.s.web.servlet.DispatcherServlet - Completed 200 OK
2025-09-17 16:05:04 [http-nio-8080-exec-1] DEBUG o.s.web.servlet.DispatcherServlet - Completed 200 OK
2025-09-17 16:05:04 [http-nio-8080-exec-4] DEBUG o.s.web.servlet.DispatcherServlet - Completed 200 OK
2025-09-17 16:05:09 [http-nio-8080-exec-8] DEBUG o.s.web.servlet.DispatcherServlet - GET "/api/digital-wayfinder/questionnaire/data-cloud/get-questions?functionalSubArea=Warehouse%20Management%20System", parameters={masked}
2025-09-17 16:05:09 [http-nio-8080-exec-8] DEBUG o.s.w.s.m.m.a.RequestMappingHandlerMapping - Mapped to com.example.DigitalWayfinder.controller.QuestionnaireController#getDataCloudQuestions(String, UserSession)
2025-09-17 16:05:09 [http-nio-8080-exec-8] INFO  c.e.D.c.QuestionnaireController - Received request for Data & Cloud questions - functionalSubArea: Warehouse Management System, user: USER-67097B4C, session: 87F405567B66258723C53DB1911CF891
2025-09-17 16:05:09 [http-nio-8080-exec-8] INFO  c.e.D.service.QuestionnaireService - Fetching questions for functionalSubArea: Warehouse Management System, category: Data & Cloud, userId: USER-67097B4C, sessionId: 87F405567B66258723C53DB1911CF891
2025-09-17 16:05:09 [http-nio-8080-exec-8] INFO  c.e.D.service.QuestionnaireService - Fetching questions from WMS table for category: Data & Cloud
2025-09-17 16:05:09 [http-nio-8080-exec-8] DEBUG org.hibernate.SQL - 
    select
        wq1_0.category,
        wq1_0.question,
        wq1_0.[Answer Type] 
    from
        WMS_Questionnaire wq1_0 
    where
        wq1_0.category=?
2025-09-17 16:05:09 [http-nio-8080-exec-8] INFO  c.e.D.service.QuestionnaireService - Successfully fetched 4 WMS questions for category: Data & Cloud
2025-09-17 16:05:09 [http-nio-8080-exec-8] INFO  c.e.D.c.QuestionnaireController - Successfully returning questions for functionalSubArea: Warehouse Management System
2025-09-17 16:05:09 [http-nio-8080-exec-8] DEBUG o.s.w.s.m.m.a.HttpEntityMethodProcessor - Using 'application/json', given [*/*] and supported [application/json, application/*+json]
2025-09-17 16:05:09 [http-nio-8080-exec-8] DEBUG o.s.w.s.m.m.a.HttpEntityMethodProcessor - Writing [QuestionnaireResponse(userId=USER-67097B4C, sessionId=87F405567B66258723C53DB1911CF891, functionalSu (truncated)...]
2025-09-17 16:05:09 [http-nio-8080-exec-8] DEBUG o.s.web.servlet.DispatcherServlet - Completed 200 OK
2025-09-17 16:05:14 [http-nio-8080-exec-9] DEBUG o.s.web.servlet.DispatcherServlet - POST "/api/digital-wayfinder/questionnaire/data-cloud/save-answers", parameters={}
2025-09-17 16:05:14 [http-nio-8080-exec-9] DEBUG o.s.w.s.m.m.a.RequestMappingHandlerMapping - Mapped to com.example.DigitalWayfinder.controller.QuestionnaireController#saveDataCloudAnswers(SaveAnswersRequest, UserSession)
2025-09-17 16:05:14 [http-nio-8080-exec-9] DEBUG o.s.w.s.m.m.a.RequestResponseBodyMethodProcessor - Read "application/json;charset=UTF-8" to [SaveAnswersRequest(functionalArea=Supply Chain Fulfillment, functionalSubArea=Warehouse Management S (truncated)...]
2025-09-17 16:05:14 [http-nio-8080-exec-9] INFO  c.e.D.c.QuestionnaireController - Received request to save Data & Cloud answers - user: USER-67097B4C, session: 87F405567B66258723C53DB1911CF891
2025-09-17 16:05:14 [http-nio-8080-exec-9] INFO  c.e.D.service.QuestionnaireService - Saving answers for category: Data & Cloud, userId: USER-67097B4C, sessionId: 87F405567B66258723C53DB1911CF891
2025-09-17 16:05:14 [http-nio-8080-exec-9] INFO  c.e.D.service.QuestionnaireService - Using provided session - User: USER-67097B4C, Session: 87F405567B66258723C53DB1911CF891
2025-09-17 16:05:14 [http-nio-8080-exec-9] DEBUG org.hibernate.SQL - 
    select
        d1_0.id,
        d1_0.Category,
        d1_0.FunctionalArea,
        d1_0.FunctionalSubArea,
        d1_0.Question,
        d1_0.ResponseType,
        d1_0.SessionID,
        d1_0.UserID 
    from
        DWQuestions d1_0 
    where
        d1_0.UserID=? 
        and d1_0.SessionID=? 
        and d1_0.Category=? 
        and d1_0.Question=?
2025-09-17 16:05:15 [http-nio-8080-exec-9] DEBUG org.hibernate.SQL - 
    insert 
    into
        DWQuestions
        (Category, FunctionalArea, FunctionalSubArea, Question, ResponseType, SessionID, UserID) 
    values
        (?, ?, ?, ?, ?, ?, ?)
2025-09-17 16:05:15 [http-nio-8080-exec-9] DEBUG org.hibernate.SQL - 
    select
        d1_0.id,
        d1_0.Category,
        d1_0.FunctionalArea,
        d1_0.FunctionalSubArea,
        d1_0.Question,
        d1_0.ResponseType,
        d1_0.SessionID,
        d1_0.UserID 
    from
        DWQuestions d1_0 
    where
        d1_0.UserID=? 
        and d1_0.SessionID=? 
        and d1_0.Category=? 
        and d1_0.Question=?
2025-09-17 16:05:16 [http-nio-8080-exec-9] DEBUG org.hibernate.SQL - 
    insert 
    into
        DWQuestions
        (Category, FunctionalArea, FunctionalSubArea, Question, ResponseType, SessionID, UserID) 
    values
        (?, ?, ?, ?, ?, ?, ?)
2025-09-17 16:05:17 [http-nio-8080-exec-9] DEBUG org.hibernate.SQL - 
    select
        d1_0.id,
        d1_0.Category,
        d1_0.FunctionalArea,
        d1_0.FunctionalSubArea,
        d1_0.Question,
        d1_0.ResponseType,
        d1_0.SessionID,
        d1_0.UserID 
    from
        DWQuestions d1_0 
    where
        d1_0.UserID=? 
        and d1_0.SessionID=? 
        and d1_0.Category=? 
        and d1_0.Question=?
2025-09-17 16:05:18 [http-nio-8080-exec-9] DEBUG org.hibernate.SQL - 
    select
        d1_0.id,
        d1_0.Category,
        d1_0.FunctionalArea,
        d1_0.FunctionalSubArea,
        d1_0.Question,
        d1_0.ResponseType,
        d1_0.SessionID,
        d1_0.UserID 
    from
        DWQuestions d1_0 
    where
        d1_0.UserID=? 
        and d1_0.SessionID=? 
        and d1_0.Category=? 
        and d1_0.Question=?
2025-09-17 16:05:18 [http-nio-8080-exec-9] DEBUG org.hibernate.SQL - 
    insert 
    into
        DWQuestions
        (Category, FunctionalArea, FunctionalSubArea, Question, ResponseType, SessionID, UserID) 
    values
        (?, ?, ?, ?, ?, ?, ?)
2025-09-17 16:05:19 [http-nio-8080-exec-9] INFO  c.e.D.service.QuestionnaireService - Successfully saved 4 answers for category: Data & Cloud with session: 87F405567B66258723C53DB1911CF891
2025-09-17 16:05:19 [http-nio-8080-exec-9] INFO  c.e.D.c.QuestionnaireController - Successfully saved 4 Data & Cloud answers
2025-09-17 16:05:19 [http-nio-8080-exec-9] DEBUG o.s.w.s.m.m.a.HttpEntityMethodProcessor - Using 'application/json', given [*/*] and supported [application/json, application/*+json]
2025-09-17 16:05:19 [http-nio-8080-exec-9] DEBUG o.s.w.s.m.m.a.HttpEntityMethodProcessor - Writing [SaveAnswersResponse(userId=USER-67097B4C, sessionId=87F405567B66258723C53DB1911CF891, functionalArea (truncated)...]
2025-09-17 16:05:19 [http-nio-8080-exec-9] DEBUG o.s.web.servlet.DispatcherServlet - Completed 201 CREATED
2025-09-17 16:05:19 [http-nio-8080-exec-3] DEBUG o.s.web.servlet.DispatcherServlet - GET "/api/digital-wayfinder/questionnaire/operational-innovations/get-questions?functionalSubArea=Warehouse%20Management%20System", parameters={masked}
2025-09-17 16:05:19 [http-nio-8080-exec-3] DEBUG o.s.w.s.m.m.a.RequestMappingHandlerMapping - Mapped to com.example.DigitalWayfinder.controller.QuestionnaireController#getOperationalInnovationsQuestions(String, UserSession)
2025-09-17 16:05:19 [http-nio-8080-exec-3] INFO  c.e.D.c.QuestionnaireController - Received request for Operational Innovations questions - functionalSubArea: Warehouse Management System, user: USER-67097B4C, session: 87F405567B66258723C53DB1911CF891
2025-09-17 16:05:19 [http-nio-8080-exec-3] INFO  c.e.D.service.QuestionnaireService - Fetching questions for functionalSubArea: Warehouse Management System, category: Operational Innovations, userId: USER-67097B4C, sessionId: 87F405567B66258723C53DB1911CF891
2025-09-17 16:05:19 [http-nio-8080-exec-3] INFO  c.e.D.service.QuestionnaireService - Fetching questions from WMS table for category: Operational Innovations
2025-09-17 16:05:19 [http-nio-8080-exec-3] DEBUG org.hibernate.SQL - 
    select
        wq1_0.category,
        wq1_0.question,
        wq1_0.[Answer Type] 
    from
        WMS_Questionnaire wq1_0 
    where
        wq1_0.category=?
2025-09-17 16:05:20 [http-nio-8080-exec-3] INFO  c.e.D.service.QuestionnaireService - Successfully fetched 6 WMS questions for category: Operational Innovations
2025-09-17 16:05:20 [http-nio-8080-exec-3] INFO  c.e.D.c.QuestionnaireController - Successfully returning questions for functionalSubArea: Warehouse Management System
2025-09-17 16:05:20 [http-nio-8080-exec-3] DEBUG o.s.w.s.m.m.a.HttpEntityMethodProcessor - Using 'application/json', given [*/*] and supported [application/json, application/*+json]
2025-09-17 16:05:20 [http-nio-8080-exec-3] DEBUG o.s.w.s.m.m.a.HttpEntityMethodProcessor - Writing [QuestionnaireResponse(userId=USER-67097B4C, sessionId=87F405567B66258723C53DB1911CF891, functionalSu (truncated)...]
2025-09-17 16:05:20 [http-nio-8080-exec-3] DEBUG o.s.web.servlet.DispatcherServlet - Completed 200 OK
2025-09-17 16:05:20 [http-nio-8080-exec-1] DEBUG o.s.web.servlet.DispatcherServlet - GET "/api/digital-wayfinder/questionnaire/data-cloud/get-answers?functionalSubArea=Warehouse%20Management%20System", parameters={masked}
2025-09-17 16:05:20 [http-nio-8080-exec-1] DEBUG o.s.w.s.m.m.a.RequestMappingHandlerMapping - Mapped to com.example.DigitalWayfinder.controller.QuestionnaireController#getDataCloudAnswers(UserSession)
2025-09-17 16:05:20 [http-nio-8080-exec-1] INFO  c.e.D.c.QuestionnaireController - Received request for Data & Cloud answers - user: USER-67097B4C, session: 87F405567B66258723C53DB1911CF891
2025-09-17 16:05:20 [http-nio-8080-exec-1] INFO  c.e.D.service.QuestionnaireService - Fetching answers for category: Data & Cloud, userId: USER-67097B4C, sessionId: 87F405567B66258723C53DB1911CF891
2025-09-17 16:05:20 [http-nio-8080-exec-1] INFO  c.e.D.service.QuestionnaireService - Using provided session - User: USER-67097B4C, Session: 87F405567B66258723C53DB1911CF891
2025-09-17 16:05:20 [http-nio-8080-exec-1] DEBUG org.hibernate.SQL - 
    select
        d1_0.id,
        d1_0.Category,
        d1_0.FunctionalArea,
        d1_0.FunctionalSubArea,
        d1_0.Question,
        d1_0.ResponseType,
        d1_0.SessionID,
        d1_0.UserID 
    from
        DWQuestions d1_0 
    where
        d1_0.Category=? 
        and (
            d1_0.UserID=? 
            or d1_0.UserID is null
        ) 
        and (
            d1_0.SessionID=? 
            or d1_0.SessionID is null
        )
2025-09-17 16:05:20 [http-nio-8080-exec-1] INFO  c.e.D.service.QuestionnaireService - Successfully fetched 7 saved answers for category: Data & Cloud with session: 87F405567B66258723C53DB1911CF891
2025-09-17 16:05:20 [http-nio-8080-exec-1] INFO  c.e.D.c.QuestionnaireController - Successfully returning 7 Data & Cloud answers
2025-09-17 16:05:20 [http-nio-8080-exec-1] DEBUG o.s.w.s.m.m.a.HttpEntityMethodProcessor - Using 'application/json', given [*/*] and supported [application/json, application/*+json]
2025-09-17 16:05:20 [http-nio-8080-exec-1] DEBUG o.s.w.s.m.m.a.HttpEntityMethodProcessor - Writing [GetAnswersResponse(userId=USER-67097B4C, sessionId=87F405567B66258723C53DB1911CF891, functionalSubAr (truncated)...]
2025-09-17 16:05:20 [http-nio-8080-exec-1] DEBUG o.s.web.servlet.DispatcherServlet - Completed 200 OK
2025-09-17 16:05:29 [http-nio-8080-exec-4] DEBUG o.s.web.servlet.DispatcherServlet - POST "/api/digital-wayfinder/questionnaire/operational-innovations/save-answers", parameters={}
2025-09-17 16:05:29 [http-nio-8080-exec-4] DEBUG o.s.w.s.m.m.a.RequestMappingHandlerMapping - Mapped to com.example.DigitalWayfinder.controller.QuestionnaireController#saveOperationalInnovationsAnswers(SaveAnswersRequest, UserSession)
2025-09-17 16:05:29 [http-nio-8080-exec-4] DEBUG o.s.w.s.m.m.a.RequestResponseBodyMethodProcessor - Read "application/json;charset=UTF-8" to [SaveAnswersRequest(functionalArea=Supply Chain Fulfillment, functionalSubArea=Warehouse Management S (truncated)...]
2025-09-17 16:05:29 [http-nio-8080-exec-4] INFO  c.e.D.c.QuestionnaireController - Received request to save Operational Innovations answers - user: USER-67097B4C, session: 87F405567B66258723C53DB1911CF891
2025-09-17 16:05:29 [http-nio-8080-exec-4] INFO  c.e.D.service.QuestionnaireService - Saving answers for category: Operational Innovations, userId: USER-67097B4C, sessionId: 87F405567B66258723C53DB1911CF891
2025-09-17 16:05:29 [http-nio-8080-exec-4] INFO  c.e.D.service.QuestionnaireService - Using provided session - User: USER-67097B4C, Session: 87F405567B66258723C53DB1911CF891
2025-09-17 16:05:29 [http-nio-8080-exec-4] DEBUG org.hibernate.SQL - 
    select
        d1_0.id,
        d1_0.Category,
        d1_0.FunctionalArea,
        d1_0.FunctionalSubArea,
        d1_0.Question,
        d1_0.ResponseType,
        d1_0.SessionID,
        d1_0.UserID 
    from
        DWQuestions d1_0 
    where
        d1_0.UserID=? 
        and d1_0.SessionID=? 
        and d1_0.Category=? 
        and d1_0.Question=?
2025-09-17 16:05:30 [http-nio-8080-exec-4] DEBUG org.hibernate.SQL - 
    insert 
    into
        DWQuestions
        (Category, FunctionalArea, FunctionalSubArea, Question, ResponseType, SessionID, UserID) 
    values
        (?, ?, ?, ?, ?, ?, ?)
2025-09-17 16:05:31 [http-nio-8080-exec-4] DEBUG org.hibernate.SQL - 
    select
        d1_0.id,
        d1_0.Category,
        d1_0.FunctionalArea,
        d1_0.FunctionalSubArea,
        d1_0.Question,
        d1_0.ResponseType,
        d1_0.SessionID,
        d1_0.UserID 
    from
        DWQuestions d1_0 
    where
        d1_0.UserID=? 
        and d1_0.SessionID=? 
        and d1_0.Category=? 
        and d1_0.Question=?
2025-09-17 16:05:31 [http-nio-8080-exec-4] DEBUG org.hibernate.SQL - 
    insert 
    into
        DWQuestions
        (Category, FunctionalArea, FunctionalSubArea, Question, ResponseType, SessionID, UserID) 
    values
        (?, ?, ?, ?, ?, ?, ?)
2025-09-17 16:05:32 [http-nio-8080-exec-4] DEBUG org.hibernate.SQL - 
    select
        d1_0.id,
        d1_0.Category,
        d1_0.FunctionalArea,
        d1_0.FunctionalSubArea,
        d1_0.Question,
        d1_0.ResponseType,
        d1_0.SessionID,
        d1_0.UserID 
    from
        DWQuestions d1_0 
    where
        d1_0.UserID=? 
        and d1_0.SessionID=? 
        and d1_0.Category=? 
        and d1_0.Question=?
2025-09-17 16:05:33 [http-nio-8080-exec-4] DEBUG org.hibernate.SQL - 
    insert 
    into
        DWQuestions
        (Category, FunctionalArea, FunctionalSubArea, Question, ResponseType, SessionID, UserID) 
    values
        (?, ?, ?, ?, ?, ?, ?)
2025-09-17 16:05:34 [http-nio-8080-exec-4] DEBUG org.hibernate.SQL - 
    select
        d1_0.id,
        d1_0.Category,
        d1_0.FunctionalArea,
        d1_0.FunctionalSubArea,
        d1_0.Question,
        d1_0.ResponseType,
        d1_0.SessionID,
        d1_0.UserID 
    from
        DWQuestions d1_0 
    where
        d1_0.UserID=? 
        and d1_0.SessionID=? 
        and d1_0.Category=? 
        and d1_0.Question=?
2025-09-17 16:05:34 [http-nio-8080-exec-4] DEBUG org.hibernate.SQL - 
    insert 
    into
        DWQuestions
        (Category, FunctionalArea, FunctionalSubArea, Question, ResponseType, SessionID, UserID) 
    values
        (?, ?, ?, ?, ?, ?, ?)
2025-09-17 16:05:35 [http-nio-8080-exec-4] DEBUG org.hibernate.SQL - 
    select
        d1_0.id,
        d1_0.Category,
        d1_0.FunctionalArea,
        d1_0.FunctionalSubArea,
        d1_0.Question,
        d1_0.ResponseType,
        d1_0.SessionID,
        d1_0.UserID 
    from
        DWQuestions d1_0 
    where
        d1_0.UserID=? 
        and d1_0.SessionID=? 
        and d1_0.Category=? 
        and d1_0.Question=?
2025-09-17 16:05:35 [http-nio-8080-exec-4] DEBUG org.hibernate.SQL - 
    insert 
    into
        DWQuestions
        (Category, FunctionalArea, FunctionalSubArea, Question, ResponseType, SessionID, UserID) 
    values
        (?, ?, ?, ?, ?, ?, ?)
2025-09-17 16:05:36 [http-nio-8080-exec-4] DEBUG org.hibernate.SQL - 
    select
        d1_0.id,
        d1_0.Category,
        d1_0.FunctionalArea,
        d1_0.FunctionalSubArea,
        d1_0.Question,
        d1_0.ResponseType,
        d1_0.SessionID,
        d1_0.UserID 
    from
        DWQuestions d1_0 
    where
        d1_0.UserID=? 
        and d1_0.SessionID=? 
        and d1_0.Category=? 
        and d1_0.Question=?
2025-09-17 16:05:37 [http-nio-8080-exec-4] DEBUG org.hibernate.SQL - 
    insert 
    into
        DWQuestions
        (Category, FunctionalArea, FunctionalSubArea, Question, ResponseType, SessionID, UserID) 
    values
        (?, ?, ?, ?, ?, ?, ?)
2025-09-17 16:05:38 [http-nio-8080-exec-4] INFO  c.e.D.service.QuestionnaireService - Successfully saved 6 answers for category: Operational Innovations with session: 87F405567B66258723C53DB1911CF891
2025-09-17 16:05:38 [http-nio-8080-exec-4] INFO  c.e.D.c.QuestionnaireController - Successfully saved 6 Operational Innovations answers
2025-09-17 16:05:38 [http-nio-8080-exec-4] DEBUG o.s.w.s.m.m.a.HttpEntityMethodProcessor - Using 'application/json', given [*/*] and supported [application/json, application/*+json]
2025-09-17 16:05:38 [http-nio-8080-exec-4] DEBUG o.s.w.s.m.m.a.HttpEntityMethodProcessor - Writing [SaveAnswersResponse(userId=USER-67097B4C, sessionId=87F405567B66258723C53DB1911CF891, functionalArea (truncated)...]
2025-09-17 16:05:38 [http-nio-8080-exec-4] DEBUG o.s.web.servlet.DispatcherServlet - Completed 201 CREATED
2025-09-17 16:05:38 [http-nio-8080-exec-5] DEBUG o.s.web.servlet.DispatcherServlet - GET "/api/digital-wayfinder/questionnaire/visibility-proactive/get-questions?functionalSubArea=Warehouse%20Management%20System", parameters={masked}
2025-09-17 16:05:38 [http-nio-8080-exec-5] DEBUG o.s.w.s.m.m.a.RequestMappingHandlerMapping - Mapped to com.example.DigitalWayfinder.controller.QuestionnaireController#getVisibilityProactiveQuestions(String, UserSession)
2025-09-17 16:05:38 [http-nio-8080-exec-5] INFO  c.e.D.c.QuestionnaireController - Received request for Visibility & Proactive Planning questions - functionalSubArea: Warehouse Management System, user: USER-67097B4C, session: 87F405567B66258723C53DB1911CF891
2025-09-17 16:05:38 [http-nio-8080-exec-5] INFO  c.e.D.service.QuestionnaireService - Fetching questions for functionalSubArea: Warehouse Management System, category: Visibility & Proactive Planning, userId: USER-67097B4C, sessionId: 87F405567B66258723C53DB1911CF891
2025-09-17 16:05:38 [http-nio-8080-exec-5] INFO  c.e.D.service.QuestionnaireService - Fetching questions from WMS table for category: Visibility & Proactive Planning
2025-09-17 16:05:38 [http-nio-8080-exec-5] DEBUG org.hibernate.SQL - 
    select
        wq1_0.category,
        wq1_0.question,
        wq1_0.[Answer Type] 
    from
        WMS_Questionnaire wq1_0 
    where
        wq1_0.category=?
2025-09-17 16:05:38 [http-nio-8080-exec-5] INFO  c.e.D.service.QuestionnaireService - Successfully fetched 9 WMS questions for category: Visibility & Proactive Planning
2025-09-17 16:05:38 [http-nio-8080-exec-5] INFO  c.e.D.c.QuestionnaireController - Successfully returning questions for functionalSubArea: Warehouse Management System
2025-09-17 16:05:38 [http-nio-8080-exec-5] DEBUG o.s.w.s.m.m.a.HttpEntityMethodProcessor - Using 'application/json', given [*/*] and supported [application/json, application/*+json]
2025-09-17 16:05:38 [http-nio-8080-exec-5] DEBUG o.s.w.s.m.m.a.HttpEntityMethodProcessor - Writing [QuestionnaireResponse(userId=USER-67097B4C, sessionId=87F405567B66258723C53DB1911CF891, functionalSu (truncated)...]
2025-09-17 16:05:38 [http-nio-8080-exec-5] DEBUG o.s.web.servlet.DispatcherServlet - Completed 200 OK
2025-09-17 16:05:38 [http-nio-8080-exec-2] DEBUG o.s.web.servlet.DispatcherServlet - GET "/api/digital-wayfinder/questionnaire/visibility-proactive/get-answers?functionalSubArea=Warehouse%20Management%20System", parameters={masked}
2025-09-17 16:05:38 [http-nio-8080-exec-2] DEBUG o.s.w.s.m.m.a.RequestMappingHandlerMapping - Mapped to com.example.DigitalWayfinder.controller.QuestionnaireController#getVisibilityProactiveAnswers(UserSession)
2025-09-17 16:05:38 [http-nio-8080-exec-2] INFO  c.e.D.c.QuestionnaireController - Received request for Visibility & Proactive Planning answers - user: USER-67097B4C, session: 87F405567B66258723C53DB1911CF891
2025-09-17 16:05:38 [http-nio-8080-exec-2] INFO  c.e.D.service.QuestionnaireService - Fetching answers for category: Visibility & Proactive Planning, userId: USER-67097B4C, sessionId: 87F405567B66258723C53DB1911CF891
2025-09-17 16:05:38 [http-nio-8080-exec-2] INFO  c.e.D.service.QuestionnaireService - Using provided session - User: USER-67097B4C, Session: 87F405567B66258723C53DB1911CF891
2025-09-17 16:05:38 [http-nio-8080-exec-2] DEBUG org.hibernate.SQL - 
    select
        d1_0.id,
        d1_0.Category,
        d1_0.FunctionalArea,
        d1_0.FunctionalSubArea,
        d1_0.Question,
        d1_0.ResponseType,
        d1_0.SessionID,
        d1_0.UserID 
    from
        DWQuestions d1_0 
    where
        d1_0.Category=? 
        and (
            d1_0.UserID=? 
            or d1_0.UserID is null
        ) 
        and (
            d1_0.SessionID=? 
            or d1_0.SessionID is null
        )
2025-09-17 16:05:38 [http-nio-8080-exec-2] INFO  c.e.D.service.QuestionnaireService - Successfully fetched 10 saved answers for category: Visibility & Proactive Planning with session: 87F405567B66258723C53DB1911CF891
2025-09-17 16:05:38 [http-nio-8080-exec-2] INFO  c.e.D.c.QuestionnaireController - Successfully returning 10 Visibility & Proactive Planning answers
2025-09-17 16:05:38 [http-nio-8080-exec-2] DEBUG o.s.w.s.m.m.a.HttpEntityMethodProcessor - Using 'application/json', given [*/*] and supported [application/json, application/*+json]
2025-09-17 16:05:38 [http-nio-8080-exec-2] DEBUG o.s.w.s.m.m.a.HttpEntityMethodProcessor - Writing [GetAnswersResponse(userId=USER-67097B4C, sessionId=87F405567B66258723C53DB1911CF891, functionalSubAr (truncated)...]
2025-09-17 16:05:38 [http-nio-8080-exec-2] DEBUG o.s.web.servlet.DispatcherServlet - Completed 200 OK
2025-09-17 16:07:22 [http-nio-8080-exec-7] DEBUG o.s.web.servlet.DispatcherServlet - POST "/api/digital-wayfinder/questionnaire/visibility-proactive/save-answers", parameters={}
2025-09-17 16:07:22 [http-nio-8080-exec-7] DEBUG o.s.w.s.m.m.a.RequestMappingHandlerMapping - Mapped to com.example.DigitalWayfinder.controller.QuestionnaireController#saveVisibilityProactiveAnswers(SaveAnswersRequest, UserSession)
2025-09-17 16:07:22 [http-nio-8080-exec-7] DEBUG o.s.w.s.m.m.a.RequestResponseBodyMethodProcessor - Read "application/json;charset=UTF-8" to [SaveAnswersRequest(functionalArea=Supply Chain Fulfillment, functionalSubArea=Warehouse Management S (truncated)...]
2025-09-17 16:07:22 [http-nio-8080-exec-7] INFO  c.e.D.c.QuestionnaireController - Received request to save Visibility & Proactive Planning answers - user: USER-67097B4C, session: 87F405567B66258723C53DB1911CF891
2025-09-17 16:07:22 [http-nio-8080-exec-7] INFO  c.e.D.service.QuestionnaireService - Saving answers for category: Visibility & Proactive Planning, userId: USER-67097B4C, sessionId: 87F405567B66258723C53DB1911CF891
2025-09-17 16:07:22 [http-nio-8080-exec-7] INFO  c.e.D.service.QuestionnaireService - Using provided session - User: USER-67097B4C, Session: 87F405567B66258723C53DB1911CF891
2025-09-17 16:07:22 [http-nio-8080-exec-7] DEBUG org.hibernate.SQL - 
    select
        d1_0.id,
        d1_0.Category,
        d1_0.FunctionalArea,
        d1_0.FunctionalSubArea,
        d1_0.Question,
        d1_0.ResponseType,
        d1_0.SessionID,
        d1_0.UserID 
    from
        DWQuestions d1_0 
    where
        d1_0.UserID=? 
        and d1_0.SessionID=? 
        and d1_0.Category=? 
        and d1_0.Question=?
2025-09-17 16:07:22 [http-nio-8080-exec-7] DEBUG org.hibernate.SQL - 
    insert 
    into
        DWQuestions
        (Category, FunctionalArea, FunctionalSubArea, Question, ResponseType, SessionID, UserID) 
    values
        (?, ?, ?, ?, ?, ?, ?)
2025-09-17 16:07:23 [http-nio-8080-exec-7] DEBUG org.hibernate.SQL - 
    select
        d1_0.id,
        d1_0.Category,
        d1_0.FunctionalArea,
        d1_0.FunctionalSubArea,
        d1_0.Question,
        d1_0.ResponseType,
        d1_0.SessionID,
        d1_0.UserID 
    from
        DWQuestions d1_0 
    where
        d1_0.UserID=? 
        and d1_0.SessionID=? 
        and d1_0.Category=? 
        and d1_0.Question=?
2025-09-17 16:07:24 [http-nio-8080-exec-7] DEBUG org.hibernate.SQL - 
    insert 
    into
        DWQuestions
        (Category, FunctionalArea, FunctionalSubArea, Question, ResponseType, SessionID, UserID) 
    values
        (?, ?, ?, ?, ?, ?, ?)
2025-09-17 16:07:25 [http-nio-8080-exec-7] DEBUG org.hibernate.SQL - 
    select
        d1_0.id,
        d1_0.Category,
        d1_0.FunctionalArea,
        d1_0.FunctionalSubArea,
        d1_0.Question,
        d1_0.ResponseType,
        d1_0.SessionID,
        d1_0.UserID 
    from
        DWQuestions d1_0 
    where
        d1_0.UserID=? 
        and d1_0.SessionID=? 
        and d1_0.Category=? 
        and d1_0.Question=?
2025-09-17 16:07:25 [http-nio-8080-exec-7] DEBUG org.hibernate.SQL - 
    insert 
    into
        DWQuestions
        (Category, FunctionalArea, FunctionalSubArea, Question, ResponseType, SessionID, UserID) 
    values
        (?, ?, ?, ?, ?, ?, ?)
2025-09-17 16:07:26 [http-nio-8080-exec-7] DEBUG org.hibernate.SQL - 
    select
        d1_0.id,
        d1_0.Category,
        d1_0.FunctionalArea,
        d1_0.FunctionalSubArea,
        d1_0.Question,
        d1_0.ResponseType,
        d1_0.SessionID,
        d1_0.UserID 
    from
        DWQuestions d1_0 
    where
        d1_0.UserID=? 
        and d1_0.SessionID=? 
        and d1_0.Category=? 
        and d1_0.Question=?
2025-09-17 16:07:26 [http-nio-8080-exec-7] DEBUG org.hibernate.SQL - 
    insert 
    into
        DWQuestions
        (Category, FunctionalArea, FunctionalSubArea, Question, ResponseType, SessionID, UserID) 
    values
        (?, ?, ?, ?, ?, ?, ?)
2025-09-17 16:07:27 [http-nio-8080-exec-7] DEBUG org.hibernate.SQL - 
    select
        d1_0.id,
        d1_0.Category,
        d1_0.FunctionalArea,
        d1_0.FunctionalSubArea,
        d1_0.Question,
        d1_0.ResponseType,
        d1_0.SessionID,
        d1_0.UserID 
    from
        DWQuestions d1_0 
    where
        d1_0.UserID=? 
        and d1_0.SessionID=? 
        and d1_0.Category=? 
        and d1_0.Question=?
2025-09-17 16:07:28 [http-nio-8080-exec-7] DEBUG org.hibernate.SQL - 
    select
        d1_0.id,
        d1_0.Category,
        d1_0.FunctionalArea,
        d1_0.FunctionalSubArea,
        d1_0.Question,
        d1_0.ResponseType,
        d1_0.SessionID,
        d1_0.UserID 
    from
        DWQuestions d1_0 
    where
        d1_0.UserID=? 
        and d1_0.SessionID=? 
        and d1_0.Category=? 
        and d1_0.Question=?
2025-09-17 16:07:29 [http-nio-8080-exec-7] DEBUG org.hibernate.SQL - 
    select
        d1_0.id,
        d1_0.Category,
        d1_0.FunctionalArea,
        d1_0.FunctionalSubArea,
        d1_0.Question,
        d1_0.ResponseType,
        d1_0.SessionID,
        d1_0.UserID 
    from
        DWQuestions d1_0 
    where
        d1_0.UserID=? 
        and d1_0.SessionID=? 
        and d1_0.Category=? 
        and d1_0.Question=?
2025-09-17 16:07:31 [http-nio-8080-exec-7] DEBUG org.hibernate.SQL - 
    select
        d1_0.id,
        d1_0.Category,
        d1_0.FunctionalArea,
        d1_0.FunctionalSubArea,
        d1_0.Question,
        d1_0.ResponseType,
        d1_0.SessionID,
        d1_0.UserID 
    from
        DWQuestions d1_0 
    where
        d1_0.UserID=? 
        and d1_0.SessionID=? 
        and d1_0.Category=? 
        and d1_0.Question=?
2025-09-17 16:07:31 [http-nio-8080-exec-7] DEBUG org.hibernate.SQL - 
    insert 
    into
        DWQuestions
        (Category, FunctionalArea, FunctionalSubArea, Question, ResponseType, SessionID, UserID) 
    values
        (?, ?, ?, ?, ?, ?, ?)
2025-09-17 16:07:32 [http-nio-8080-exec-7] DEBUG org.hibernate.SQL - 
    select
        d1_0.id,
        d1_0.Category,
        d1_0.FunctionalArea,
        d1_0.FunctionalSubArea,
        d1_0.Question,
        d1_0.ResponseType,
        d1_0.SessionID,
        d1_0.UserID 
    from
        DWQuestions d1_0 
    where
        d1_0.UserID=? 
        and d1_0.SessionID=? 
        and d1_0.Category=? 
        and d1_0.Question=?
2025-09-17 16:07:33 [http-nio-8080-exec-7] DEBUG org.hibernate.SQL - 
    insert 
    into
        DWQuestions
        (Category, FunctionalArea, FunctionalSubArea, Question, ResponseType, SessionID, UserID) 
    values
        (?, ?, ?, ?, ?, ?, ?)
2025-09-17 16:07:34 [http-nio-8080-exec-7] INFO  c.e.D.service.QuestionnaireService - Successfully saved 9 answers for category: Visibility & Proactive Planning with session: 87F405567B66258723C53DB1911CF891
2025-09-17 16:07:34 [http-nio-8080-exec-7] INFO  c.e.D.c.QuestionnaireController - Successfully saved 9 Visibility & Proactive Planning answers
2025-09-17 16:07:34 [http-nio-8080-exec-7] DEBUG o.s.w.s.m.m.a.HttpEntityMethodProcessor - Using 'application/json', given [*/*] and supported [application/json, application/*+json]
2025-09-17 16:07:34 [http-nio-8080-exec-7] DEBUG o.s.w.s.m.m.a.HttpEntityMethodProcessor - Writing [SaveAnswersResponse(userId=USER-67097B4C, sessionId=87F405567B66258723C53DB1911CF891, functionalArea (truncated)...]
2025-09-17 16:07:34 [http-nio-8080-exec-7] DEBUG o.s.web.servlet.DispatcherServlet - Completed 201 CREATED
2025-09-17 16:07:34 [http-nio-8080-exec-10] DEBUG o.s.web.servlet.DispatcherServlet - GET "/api/digital-wayfinder/questionnaire/genai/get-questions?functionalSubArea=Warehouse%20Management%20System", parameters={masked}
2025-09-17 16:07:34 [http-nio-8080-exec-10] DEBUG o.s.w.s.m.m.a.RequestMappingHandlerMapping - Mapped to com.example.DigitalWayfinder.controller.QuestionnaireController#getGenAIQuestions(String, UserSession)
2025-09-17 16:07:34 [http-nio-8080-exec-10] INFO  c.e.D.c.QuestionnaireController - Received request for Agentic AI questions - functionalSubArea: Warehouse Management System, user: USER-67097B4C, session: 87F405567B66258723C53DB1911CF891
2025-09-17 16:07:34 [http-nio-8080-exec-10] INFO  c.e.D.service.QuestionnaireService - Fetching questions for functionalSubArea: Warehouse Management System, category: Agentic AI, userId: USER-67097B4C, sessionId: 87F405567B66258723C53DB1911CF891
2025-09-17 16:07:34 [http-nio-8080-exec-10] INFO  c.e.D.service.QuestionnaireService - Fetching questions from WMS table for category: Agentic AI
2025-09-17 16:07:34 [http-nio-8080-exec-10] DEBUG org.hibernate.SQL - 
    select
        wq1_0.category,
        wq1_0.question,
        wq1_0.[Answer Type] 
    from
        WMS_Questionnaire wq1_0 
    where
        wq1_0.category=?
2025-09-17 16:07:34 [http-nio-8080-exec-10] INFO  c.e.D.service.QuestionnaireService - Successfully fetched 6 WMS questions for category: Agentic AI
2025-09-17 16:07:34 [http-nio-8080-exec-10] INFO  c.e.D.c.QuestionnaireController - Successfully returning questions for functionalSubArea: Warehouse Management System
2025-09-17 16:07:34 [http-nio-8080-exec-10] DEBUG o.s.w.s.m.m.a.HttpEntityMethodProcessor - Using 'application/json', given [*/*] and supported [application/json, application/*+json]
2025-09-17 16:07:34 [http-nio-8080-exec-10] DEBUG o.s.w.s.m.m.a.HttpEntityMethodProcessor - Writing [QuestionnaireResponse(userId=USER-67097B4C, sessionId=87F405567B66258723C53DB1911CF891, functionalSu (truncated)...]
2025-09-17 16:07:34 [http-nio-8080-exec-10] DEBUG o.s.web.servlet.DispatcherServlet - Completed 200 OK
2025-09-17 16:07:34 [http-nio-8080-exec-8] DEBUG o.s.web.servlet.DispatcherServlet - GET "/api/digital-wayfinder/questionnaire/visibility-proactive/get-answers?functionalSubArea=Warehouse%20Management%20System", parameters={masked}
2025-09-17 16:07:34 [http-nio-8080-exec-8] DEBUG o.s.w.s.m.m.a.RequestMappingHandlerMapping - Mapped to com.example.DigitalWayfinder.controller.QuestionnaireController#getVisibilityProactiveAnswers(UserSession)
2025-09-17 16:07:34 [http-nio-8080-exec-8] INFO  c.e.D.c.QuestionnaireController - Received request for Visibility & Proactive Planning answers - user: USER-67097B4C, session: 87F405567B66258723C53DB1911CF891
2025-09-17 16:07:34 [http-nio-8080-exec-8] INFO  c.e.D.service.QuestionnaireService - Fetching answers for category: Visibility & Proactive Planning, userId: USER-67097B4C, sessionId: 87F405567B66258723C53DB1911CF891
2025-09-17 16:07:34 [http-nio-8080-exec-8] INFO  c.e.D.service.QuestionnaireService - Using provided session - User: USER-67097B4C, Session: 87F405567B66258723C53DB1911CF891
2025-09-17 16:07:34 [http-nio-8080-exec-8] DEBUG org.hibernate.SQL - 
    select
        d1_0.id,
        d1_0.Category,
        d1_0.FunctionalArea,
        d1_0.FunctionalSubArea,
        d1_0.Question,
        d1_0.ResponseType,
        d1_0.SessionID,
        d1_0.UserID 
    from
        DWQuestions d1_0 
    where
        d1_0.Category=? 
        and (
            d1_0.UserID=? 
            or d1_0.UserID is null
        ) 
        and (
            d1_0.SessionID=? 
            or d1_0.SessionID is null
        )
2025-09-17 16:07:34 [http-nio-8080-exec-8] INFO  c.e.D.service.QuestionnaireService - Successfully fetched 16 saved answers for category: Visibility & Proactive Planning with session: 87F405567B66258723C53DB1911CF891
2025-09-17 16:07:34 [http-nio-8080-exec-8] INFO  c.e.D.c.QuestionnaireController - Successfully returning 16 Visibility & Proactive Planning answers
2025-09-17 16:07:34 [http-nio-8080-exec-8] DEBUG o.s.w.s.m.m.a.HttpEntityMethodProcessor - Using 'application/json', given [*/*] and supported [application/json, application/*+json]
2025-09-17 16:07:34 [http-nio-8080-exec-8] DEBUG o.s.w.s.m.m.a.HttpEntityMethodProcessor - Writing [GetAnswersResponse(userId=USER-67097B4C, sessionId=87F405567B66258723C53DB1911CF891, functionalSubAr (truncated)...]
2025-09-17 16:07:34 [http-nio-8080-exec-8] DEBUG o.s.web.servlet.DispatcherServlet - Completed 200 OK
2025-09-17 16:08:02 [http-nio-8080-exec-9] DEBUG o.s.web.servlet.DispatcherServlet - POST "/api/digital-wayfinder/questionnaire/genai/save-answers", parameters={}
2025-09-17 16:08:02 [http-nio-8080-exec-9] DEBUG o.s.w.s.m.m.a.RequestMappingHandlerMapping - Mapped to com.example.DigitalWayfinder.controller.QuestionnaireController#saveGenAIAnswers(SaveAnswersRequest, UserSession)
2025-09-17 16:08:02 [http-nio-8080-exec-9] DEBUG o.s.w.s.m.m.a.RequestResponseBodyMethodProcessor - Read "application/json;charset=UTF-8" to [SaveAnswersRequest(functionalArea=Supply Chain Fulfillment, functionalSubArea=Warehouse Management S (truncated)...]
2025-09-17 16:08:02 [http-nio-8080-exec-9] INFO  c.e.D.c.QuestionnaireController - Received request to save Agentic AI answers - user: USER-67097B4C, session: 87F405567B66258723C53DB1911CF891
2025-09-17 16:08:02 [http-nio-8080-exec-9] INFO  c.e.D.service.QuestionnaireService - Saving answers for category: Agentic AI, userId: USER-67097B4C, sessionId: 87F405567B66258723C53DB1911CF891
2025-09-17 16:08:02 [http-nio-8080-exec-9] INFO  c.e.D.service.QuestionnaireService - Using provided session - User: USER-67097B4C, Session: 87F405567B66258723C53DB1911CF891
2025-09-17 16:08:02 [http-nio-8080-exec-9] DEBUG org.hibernate.SQL - 
    select
        d1_0.id,
        d1_0.Category,
        d1_0.FunctionalArea,
        d1_0.FunctionalSubArea,
        d1_0.Question,
        d1_0.ResponseType,
        d1_0.SessionID,
        d1_0.UserID 
    from
        DWQuestions d1_0 
    where
        d1_0.UserID=? 
        and d1_0.SessionID=? 
        and d1_0.Category=? 
        and d1_0.Question=?
2025-09-17 16:08:03 [http-nio-8080-exec-9] DEBUG org.hibernate.SQL - 
    insert 
    into
        DWQuestions
        (Category, FunctionalArea, FunctionalSubArea, Question, ResponseType, SessionID, UserID) 
    values
        (?, ?, ?, ?, ?, ?, ?)
2025-09-17 16:08:04 [http-nio-8080-exec-9] DEBUG org.hibernate.SQL - 
    select
        d1_0.id,
        d1_0.Category,
        d1_0.FunctionalArea,
        d1_0.FunctionalSubArea,
        d1_0.Question,
        d1_0.ResponseType,
        d1_0.SessionID,
        d1_0.UserID 
    from
        DWQuestions d1_0 
    where
        d1_0.UserID=? 
        and d1_0.SessionID=? 
        and d1_0.Category=? 
        and d1_0.Question=?
2025-09-17 16:08:04 [http-nio-8080-exec-9] DEBUG org.hibernate.SQL - 
    insert 
    into
        DWQuestions
        (Category, FunctionalArea, FunctionalSubArea, Question, ResponseType, SessionID, UserID) 
    values
        (?, ?, ?, ?, ?, ?, ?)
2025-09-17 16:08:05 [http-nio-8080-exec-9] DEBUG org.hibernate.SQL - 
    select
        d1_0.id,
        d1_0.Category,
        d1_0.FunctionalArea,
        d1_0.FunctionalSubArea,
        d1_0.Question,
        d1_0.ResponseType,
        d1_0.SessionID,
        d1_0.UserID 
    from
        DWQuestions d1_0 
    where
        d1_0.UserID=? 
        and d1_0.SessionID=? 
        and d1_0.Category=? 
        and d1_0.Question=?
2025-09-17 16:08:06 [http-nio-8080-exec-9] DEBUG org.hibernate.SQL - 
    insert 
    into
        DWQuestions
        (Category, FunctionalArea, FunctionalSubArea, Question, ResponseType, SessionID, UserID) 
    values
        (?, ?, ?, ?, ?, ?, ?)
2025-09-17 16:08:06 [http-nio-8080-exec-9] DEBUG org.hibernate.SQL - 
    select
        d1_0.id,
        d1_0.Category,
        d1_0.FunctionalArea,
        d1_0.FunctionalSubArea,
        d1_0.Question,
        d1_0.ResponseType,
        d1_0.SessionID,
        d1_0.UserID 
    from
        DWQuestions d1_0 
    where
        d1_0.UserID=? 
        and d1_0.SessionID=? 
        and d1_0.Category=? 
        and d1_0.Question=?
2025-09-17 16:08:07 [http-nio-8080-exec-9] DEBUG org.hibernate.SQL - 
    insert 
    into
        DWQuestions
        (Category, FunctionalArea, FunctionalSubArea, Question, ResponseType, SessionID, UserID) 
    values
        (?, ?, ?, ?, ?, ?, ?)
2025-09-17 16:08:08 [http-nio-8080-exec-9] DEBUG org.hibernate.SQL - 
    select
        d1_0.id,
        d1_0.Category,
        d1_0.FunctionalArea,
        d1_0.FunctionalSubArea,
        d1_0.Question,
        d1_0.ResponseType,
        d1_0.SessionID,
        d1_0.UserID 
    from
        DWQuestions d1_0 
    where
        d1_0.UserID=? 
        and d1_0.SessionID=? 
        and d1_0.Category=? 
        and d1_0.Question=?
2025-09-17 16:08:08 [http-nio-8080-exec-9] DEBUG org.hibernate.SQL - 
    insert 
    into
        DWQuestions
        (Category, FunctionalArea, FunctionalSubArea, Question, ResponseType, SessionID, UserID) 
    values
        (?, ?, ?, ?, ?, ?, ?)
2025-09-17 16:08:09 [http-nio-8080-exec-9] DEBUG org.hibernate.SQL - 
    select
        d1_0.id,
        d1_0.Category,
        d1_0.FunctionalArea,
        d1_0.FunctionalSubArea,
        d1_0.Question,
        d1_0.ResponseType,
        d1_0.SessionID,
        d1_0.UserID 
    from
        DWQuestions d1_0 
    where
        d1_0.UserID=? 
        and d1_0.SessionID=? 
        and d1_0.Category=? 
        and d1_0.Question=?
2025-09-17 16:08:10 [http-nio-8080-exec-9] DEBUG org.hibernate.SQL - 
    insert 
    into
        DWQuestions
        (Category, FunctionalArea, FunctionalSubArea, Question, ResponseType, SessionID, UserID) 
    values
        (?, ?, ?, ?, ?, ?, ?)
2025-09-17 16:08:10 [http-nio-8080-exec-9] INFO  c.e.D.service.QuestionnaireService - Successfully saved 6 answers for category: Agentic AI with session: 87F405567B66258723C53DB1911CF891
2025-09-17 16:08:10 [http-nio-8080-exec-9] INFO  c.e.D.c.QuestionnaireController - Successfully saved 6 Agentic AI answers
2025-09-17 16:08:10 [http-nio-8080-exec-9] DEBUG o.s.w.s.m.m.a.HttpEntityMethodProcessor - Using 'application/json', given [*/*] and supported [application/json, application/*+json]
2025-09-17 16:08:10 [http-nio-8080-exec-9] DEBUG o.s.w.s.m.m.a.HttpEntityMethodProcessor - Writing [SaveAnswersResponse(userId=USER-67097B4C, sessionId=87F405567B66258723C53DB1911CF891, functionalArea (truncated)...]
2025-09-17 16:08:10 [http-nio-8080-exec-9] DEBUG o.s.web.servlet.DispatcherServlet - Completed 201 CREATED
2025-09-17 16:08:10 [http-nio-8080-exec-3] DEBUG o.s.web.servlet.DispatcherServlet - GET "/api/digital-wayfinder/questionnaire/report", parameters={}
2025-09-17 16:08:10 [http-nio-8080-exec-3] DEBUG o.s.w.s.m.m.a.RequestMappingHandlerMapping - Mapped to com.example.DigitalWayfinder.controller.PlatformAnalysisController#getAllPlatformAnalysis(UserSession, String, String)
2025-09-17 16:08:10 [http-nio-8080-exec-3] INFO  c.e.D.c.PlatformAnalysisController - Received request to fetch all platform analysis records - user: USER-67097B4C, session: 87F405567B66258723C53DB1911CF891, functionalSubArea: null, industryType: null
2025-09-17 16:08:10 [http-nio-8080-exec-3] WARN  c.e.D.c.PlatformAnalysisController - Could not determine system type from functionalSubArea: null, industryType: null, defaulting to WMS
2025-09-17 16:08:10 [http-nio-8080-exec-3] INFO  c.e.D.c.PlatformAnalysisController - Determined system type: WMS for user: USER-67097B4C, session: 87F405567B66258723C53DB1911CF891
2025-09-17 16:08:10 [http-nio-8080-exec-3] INFO  c.e.D.s.PlatformAnalysisService - Fetching all platform analysis records for user: USER-67097B4C, session: 87F405567B66258723C53DB1911CF891, systemType: WMS
2025-09-17 16:08:10 [http-nio-8080-exec-3] INFO  c.e.D.s.PlatformAnalysisService - Using provided session - User: USER-67097B4C, Session: 87F405567B66258723C53DB1911CF891
2025-09-17 16:08:10 [http-nio-8080-exec-3] INFO  c.e.D.s.PlatformAnalysisService - Using system type: WMS for user: USER-67097B4C, session: 87F405567B66258723C53DB1911CF891
2025-09-17 16:08:10 [http-nio-8080-exec-3] DEBUG org.hibernate.SQL - 
    select
        pa1_0.ID,
        pa1_0.[Asset Name],
        pa1_0.Category,
        pa1_0.Gaps,
        pa1_0.L2,
        pa1_0.SessionID,
        pa1_0.UserID 
    from
        vw_Fnl_FunctionScore_WMS pa1_0 
    where
        (
            pa1_0.UserID=? 
            or pa1_0.UserID is null
        ) 
        and (
            pa1_0.SessionID=? 
            or pa1_0.SessionID is null
        )
2025-09-17 16:08:11 [http-nio-8080-exec-3] INFO  c.e.D.s.PlatformAnalysisService - Successfully fetched 59 WMS records (after deduplication: 16) grouped into 5 categories
2025-09-17 16:08:11 [http-nio-8080-exec-3] INFO  c.e.D.c.PlatformAnalysisController - Successfully returning 16 platform analysis records across 5 categories using WMS system
2025-09-17 16:08:11 [http-nio-8080-exec-3] DEBUG o.s.w.s.m.m.a.HttpEntityMethodProcessor - Using 'application/json', given [*/*] and supported [application/json, application/*+json]
2025-09-17 16:08:11 [http-nio-8080-exec-3] DEBUG o.s.w.s.m.m.a.HttpEntityMethodProcessor - Writing [PlatformAnalysisResponse(userId=USER-67097B4C, sessionId=87F405567B66258723C53DB1911CF891, categorie (truncated)...]
2025-09-17 16:08:11 [http-nio-8080-exec-3] DEBUG o.s.web.servlet.DispatcherServlet - Completed 200 OK
2025-09-17 16:08:11 [http-nio-8080-exec-1] DEBUG o.s.web.servlet.DispatcherServlet - GET "/static/media/Operations.afb8cfbb20d033f75cd9.jpg", parameters={}
2025-09-17 16:08:11 [http-nio-8080-exec-5] DEBUG o.s.web.servlet.DispatcherServlet - GET "/static/media/planning-crop.06f3745b530ca71d1357.png", parameters={}
2025-09-17 16:08:11 [http-nio-8080-exec-2] DEBUG o.s.web.servlet.DispatcherServlet - GET "/static/media/OperationalInnovation.ae39ae8171dcc3a4cb15.webp", parameters={}
2025-09-17 16:08:11 [http-nio-8080-exec-4] DEBUG o.s.web.servlet.DispatcherServlet - GET "/static/media/DataCloud.643f99d67a62228b104d.jpg", parameters={}
2025-09-17 16:08:11 [http-nio-8080-exec-1] DEBUG o.s.w.s.h.SimpleUrlHandlerMapping - Mapped to ResourceHttpRequestHandler [classpath [META-INF/resources/], classpath [resources/], classpath [static/], classpath [public/], ServletContext [/]]
2025-09-17 16:08:11 [http-nio-8080-exec-6] DEBUG o.s.web.servlet.DispatcherServlet - GET "/static/media/AI.86fe6d7145984def1e0c.webp", parameters={}
2025-09-17 16:08:11 [http-nio-8080-exec-2] DEBUG o.s.w.s.h.SimpleUrlHandlerMapping - Mapped to ResourceHttpRequestHandler [classpath [META-INF/resources/], classpath [resources/], classpath [static/], classpath [public/], ServletContext [/]]
2025-09-17 16:08:11 [http-nio-8080-exec-5] DEBUG o.s.w.s.h.SimpleUrlHandlerMapping - Mapped to ResourceHttpRequestHandler [classpath [META-INF/resources/], classpath [resources/], classpath [static/], classpath [public/], ServletContext [/]]
2025-09-17 16:08:11 [http-nio-8080-exec-4] DEBUG o.s.w.s.h.SimpleUrlHandlerMapping - Mapped to ResourceHttpRequestHandler [classpath [META-INF/resources/], classpath [resources/], classpath [static/], classpath [public/], ServletContext [/]]
2025-09-17 16:08:11 [http-nio-8080-exec-6] DEBUG o.s.w.s.h.SimpleUrlHandlerMapping - Mapped to ResourceHttpRequestHandler [classpath [META-INF/resources/], classpath [resources/], classpath [static/], classpath [public/], ServletContext [/]]
2025-09-17 16:08:11 [http-nio-8080-exec-1] DEBUG o.s.web.servlet.DispatcherServlet - Completed 200 OK
2025-09-17 16:08:11 [http-nio-8080-exec-4] DEBUG o.s.web.servlet.DispatcherServlet - Completed 200 OK
2025-09-17 16:08:11 [http-nio-8080-exec-6] DEBUG o.s.web.servlet.DispatcherServlet - Completed 200 OK
2025-09-17 16:08:11 [http-nio-8080-exec-2] DEBUG o.s.web.servlet.DispatcherServlet - Completed 200 OK
2025-09-17 16:08:11 [http-nio-8080-exec-5] DEBUG o.s.web.servlet.DispatcherServlet - Completed 200 OK
2025-09-17 16:08:11 [http-nio-8080-exec-7] DEBUG o.s.web.servlet.DispatcherServlet - GET "/static/media/planning-crop.06f3745b530ca71d1357.png", parameters={}
2025-09-17 16:08:11 [http-nio-8080-exec-7] DEBUG o.s.w.s.h.SimpleUrlHandlerMapping - Mapped to ResourceHttpRequestHandler [classpath [META-INF/resources/], classpath [resources/], classpath [static/], classpath [public/], ServletContext [/]]
2025-09-17 16:08:11 [http-nio-8080-exec-7] DEBUG o.s.web.servlet.DispatcherServlet - Completed 200 OK
2025-09-17 16:12:03 [http-nio-8080-exec-2] DEBUG o.s.web.servlet.DispatcherServlet - GET "/images/Blueyonder.png", parameters={}
2025-09-17 16:12:03 [http-nio-8080-exec-7] DEBUG o.s.web.servlet.DispatcherServlet - GET "/images/Oracle.png", parameters={}
2025-09-17 16:12:03 [http-nio-8080-exec-5] DEBUG o.s.web.servlet.DispatcherServlet - GET "/images/Korber.png", parameters={}
2025-09-17 16:12:03 [http-nio-8080-exec-4] DEBUG o.s.web.servlet.DispatcherServlet - GET "/images/SAP.jpg", parameters={}
2025-09-17 16:12:03 [http-nio-8080-exec-2] DEBUG o.s.w.s.h.SimpleUrlHandlerMapping - Mapped to ResourceHttpRequestHandler [classpath [META-INF/resources/], classpath [resources/], classpath [static/], classpath [public/], ServletContext [/]]
2025-09-17 16:12:03 [http-nio-8080-exec-6] DEBUG o.s.web.servlet.DispatcherServlet - GET "/images/Manhattan.png", parameters={}
2025-09-17 16:12:03 [http-nio-8080-exec-5] DEBUG o.s.w.s.h.SimpleUrlHandlerMapping - Mapped to ResourceHttpRequestHandler [classpath [META-INF/resources/], classpath [resources/], classpath [static/], classpath [public/], ServletContext [/]]
2025-09-17 16:12:03 [http-nio-8080-exec-7] DEBUG o.s.w.s.h.SimpleUrlHandlerMapping - Mapped to ResourceHttpRequestHandler [classpath [META-INF/resources/], classpath [resources/], classpath [static/], classpath [public/], ServletContext [/]]
2025-09-17 16:12:03 [http-nio-8080-exec-4] DEBUG o.s.w.s.h.SimpleUrlHandlerMapping - Mapped to ResourceHttpRequestHandler [classpath [META-INF/resources/], classpath [resources/], classpath [static/], classpath [public/], ServletContext [/]]
2025-09-17 16:12:03 [http-nio-8080-exec-6] DEBUG o.s.w.s.h.SimpleUrlHandlerMapping - Mapped to ResourceHttpRequestHandler [classpath [META-INF/resources/], classpath [resources/], classpath [static/], classpath [public/], ServletContext [/]]
2025-09-17 16:12:03 [http-nio-8080-exec-5] DEBUG o.s.web.servlet.DispatcherServlet - Completed 200 OK
2025-09-17 16:12:03 [http-nio-8080-exec-2] DEBUG o.s.web.servlet.DispatcherServlet - Completed 200 OK
2025-09-17 16:12:03 [http-nio-8080-exec-4] DEBUG o.s.web.servlet.DispatcherServlet - Completed 200 OK
2025-09-17 16:12:03 [http-nio-8080-exec-6] DEBUG o.s.web.servlet.DispatcherServlet - Completed 200 OK
2025-09-17 16:12:03 [http-nio-8080-exec-7] DEBUG o.s.web.servlet.DispatcherServlet - Completed 200 OK
2025-09-17 16:12:13 [http-nio-8080-exec-8] DEBUG o.s.web.servlet.DispatcherServlet - GET "/images/Korber.png", parameters={}
2025-09-17 16:12:13 [http-nio-8080-exec-3] DEBUG o.s.web.servlet.DispatcherServlet - GET "/images/Manhattan.png", parameters={}
2025-09-17 16:12:13 [http-nio-8080-exec-9] DEBUG o.s.web.servlet.DispatcherServlet - GET "/images/Blueyonder.png", parameters={}
2025-09-17 16:12:13 [http-nio-8080-exec-10] DEBUG o.s.web.servlet.DispatcherServlet - GET "/images/Oracle.png", parameters={}
2025-09-17 16:12:13 [http-nio-8080-exec-8] DEBUG o.s.w.s.h.SimpleUrlHandlerMapping - Mapped to ResourceHttpRequestHandler [classpath [META-INF/resources/], classpath [resources/], classpath [static/], classpath [public/], ServletContext [/]]
2025-09-17 16:12:13 [http-nio-8080-exec-1] DEBUG o.s.web.servlet.DispatcherServlet - GET "/images/SAP.jpg", parameters={}
2025-09-17 16:12:13 [http-nio-8080-exec-10] DEBUG o.s.w.s.h.SimpleUrlHandlerMapping - Mapped to ResourceHttpRequestHandler [classpath [META-INF/resources/], classpath [resources/], classpath [static/], classpath [public/], ServletContext [/]]
2025-09-17 16:12:13 [http-nio-8080-exec-9] DEBUG o.s.w.s.h.SimpleUrlHandlerMapping - Mapped to ResourceHttpRequestHandler [classpath [META-INF/resources/], classpath [resources/], classpath [static/], classpath [public/], ServletContext [/]]
2025-09-17 16:12:13 [http-nio-8080-exec-3] DEBUG o.s.w.s.h.SimpleUrlHandlerMapping - Mapped to ResourceHttpRequestHandler [classpath [META-INF/resources/], classpath [resources/], classpath [static/], classpath [public/], ServletContext [/]]
2025-09-17 16:12:13 [http-nio-8080-exec-1] DEBUG o.s.w.s.h.SimpleUrlHandlerMapping - Mapped to ResourceHttpRequestHandler [classpath [META-INF/resources/], classpath [resources/], classpath [static/], classpath [public/], ServletContext [/]]
2025-09-17 16:12:13 [http-nio-8080-exec-10] DEBUG o.s.web.servlet.DispatcherServlet - Completed 200 OK
2025-09-17 16:12:13 [http-nio-8080-exec-9] DEBUG o.s.web.servlet.DispatcherServlet - Completed 200 OK
2025-09-17 16:12:13 [http-nio-8080-exec-8] DEBUG o.s.web.servlet.DispatcherServlet - Completed 200 OK
2025-09-17 16:12:13 [http-nio-8080-exec-3] DEBUG o.s.web.servlet.DispatcherServlet - Completed 200 OK
2025-09-17 16:12:13 [http-nio-8080-exec-1] DEBUG o.s.web.servlet.DispatcherServlet - Completed 200 OK
2025-09-17 16:17:28 [http-nio-8080-exec-10] DEBUG o.s.web.servlet.DispatcherServlet - GET "/images/Blueyonder.png", parameters={}
2025-09-17 16:17:28 [http-nio-8080-exec-8] DEBUG o.s.web.servlet.DispatcherServlet - GET "/images/SAP.jpg", parameters={}
2025-09-17 16:17:28 [http-nio-8080-exec-9] DEBUG o.s.web.servlet.DispatcherServlet - GET "/images/Oracle.png", parameters={}
2025-09-17 16:17:28 [http-nio-8080-exec-3] DEBUG o.s.web.servlet.DispatcherServlet - GET "/images/relex.png", parameters={}
2025-09-17 16:17:28 [http-nio-8080-exec-1] DEBUG o.s.web.servlet.DispatcherServlet - GET "/images/Anaplan.png", parameters={}
2025-09-17 16:17:28 [http-nio-8080-exec-8] DEBUG o.s.w.s.h.SimpleUrlHandlerMapping - Mapped to ResourceHttpRequestHandler [classpath [META-INF/resources/], classpath [resources/], classpath [static/], classpath [public/], ServletContext [/]]
2025-09-17 16:17:28 [http-nio-8080-exec-3] DEBUG o.s.w.s.h.SimpleUrlHandlerMapping - Mapped to ResourceHttpRequestHandler [classpath [META-INF/resources/], classpath [resources/], classpath [static/], classpath [public/], ServletContext [/]]
2025-09-17 16:17:28 [http-nio-8080-exec-1] DEBUG o.s.w.s.h.SimpleUrlHandlerMapping - Mapped to ResourceHttpRequestHandler [classpath [META-INF/resources/], classpath [resources/], classpath [static/], classpath [public/], ServletContext [/]]
2025-09-17 16:17:28 [http-nio-8080-exec-9] DEBUG o.s.w.s.h.SimpleUrlHandlerMapping - Mapped to ResourceHttpRequestHandler [classpath [META-INF/resources/], classpath [resources/], classpath [static/], classpath [public/], ServletContext [/]]
2025-09-17 16:17:28 [http-nio-8080-exec-10] DEBUG o.s.w.s.h.SimpleUrlHandlerMapping - Mapped to ResourceHttpRequestHandler [classpath [META-INF/resources/], classpath [resources/], classpath [static/], classpath [public/], ServletContext [/]]
2025-09-17 16:17:28 [http-nio-8080-exec-8] DEBUG o.s.web.servlet.DispatcherServlet - Completed 200 OK
2025-09-17 16:17:28 [http-nio-8080-exec-10] DEBUG o.s.web.servlet.DispatcherServlet - Completed 200 OK
2025-09-17 16:17:28 [http-nio-8080-exec-9] DEBUG o.s.web.servlet.DispatcherServlet - Completed 200 OK
2025-09-17 16:17:28 [http-nio-8080-exec-3] DEBUG o.s.web.servlet.DispatcherServlet - Completed 200 OK
2025-09-17 16:17:28 [http-nio-8080-exec-1] DEBUG o.s.web.servlet.DispatcherServlet - Completed 200 OK
2025-09-17 16:17:33 [http-nio-8080-exec-6] DEBUG o.s.web.servlet.DispatcherServlet - GET "/images/Blueyonder.png", parameters={}
2025-09-17 16:17:33 [http-nio-8080-exec-6] DEBUG o.s.w.s.h.SimpleUrlHandlerMapping - Mapped to ResourceHttpRequestHandler [classpath [META-INF/resources/], classpath [resources/], classpath [static/], classpath [public/], ServletContext [/]]
2025-09-17 16:17:33 [http-nio-8080-exec-6] DEBUG o.s.web.servlet.DispatcherServlet - Completed 200 OK
2025-09-17 16:17:33 [http-nio-8080-exec-2] DEBUG o.s.web.servlet.DispatcherServlet - GET "/images/SAP.jpg", parameters={}
2025-09-17 16:17:33 [http-nio-8080-exec-5] DEBUG o.s.web.servlet.DispatcherServlet - GET "/images/Oracle.png", parameters={}
2025-09-17 16:17:33 [http-nio-8080-exec-4] DEBUG o.s.web.servlet.DispatcherServlet - GET "/images/relex.png", parameters={}
2025-09-17 16:17:33 [http-nio-8080-exec-7] DEBUG o.s.web.servlet.DispatcherServlet - GET "/images/Anaplan.png", parameters={}
2025-09-17 16:17:33 [http-nio-8080-exec-5] DEBUG o.s.w.s.h.SimpleUrlHandlerMapping - Mapped to ResourceHttpRequestHandler [classpath [META-INF/resources/], classpath [resources/], classpath [static/], classpath [public/], ServletContext [/]]
2025-09-17 16:17:33 [http-nio-8080-exec-4] DEBUG o.s.w.s.h.SimpleUrlHandlerMapping - Mapped to ResourceHttpRequestHandler [classpath [META-INF/resources/], classpath [resources/], classpath [static/], classpath [public/], ServletContext [/]]
2025-09-17 16:17:33 [http-nio-8080-exec-2] DEBUG o.s.w.s.h.SimpleUrlHandlerMapping - Mapped to ResourceHttpRequestHandler [classpath [META-INF/resources/], classpath [resources/], classpath [static/], classpath [public/], ServletContext [/]]
2025-09-17 16:17:33 [http-nio-8080-exec-7] DEBUG o.s.w.s.h.SimpleUrlHandlerMapping - Mapped to ResourceHttpRequestHandler [classpath [META-INF/resources/], classpath [resources/], classpath [static/], classpath [public/], ServletContext [/]]
2025-09-17 16:17:33 [http-nio-8080-exec-7] DEBUG o.s.web.servlet.DispatcherServlet - Completed 200 OK
2025-09-17 16:17:33 [http-nio-8080-exec-5] DEBUG o.s.web.servlet.DispatcherServlet - Completed 200 OK
2025-09-17 16:17:33 [http-nio-8080-exec-4] DEBUG o.s.web.servlet.DispatcherServlet - Completed 200 OK
2025-09-17 16:17:33 [http-nio-8080-exec-2] DEBUG o.s.web.servlet.DispatcherServlet - Completed 200 OK
2025-09-17 16:17:57 [http-nio-8080-exec-10] DEBUG o.s.web.servlet.DispatcherServlet - GET "/static/media/transportation-management.441e7de72d119d4043ce.png", parameters={}
2025-09-17 16:17:57 [http-nio-8080-exec-9] DEBUG o.s.web.servlet.DispatcherServlet - GET "/static/media/order-management.f7bd9a2446beb26e5bc1.png", parameters={}
2025-09-17 16:17:57 [http-nio-8080-exec-8] DEBUG o.s.web.servlet.DispatcherServlet - GET "/static/media/warehouse-management.0fed6bc421ff6a0d0bb2.png", parameters={}
2025-09-17 16:17:57 [http-nio-8080-exec-10] DEBUG o.s.w.s.h.SimpleUrlHandlerMapping - Mapped to ResourceHttpRequestHandler [classpath [META-INF/resources/], classpath [resources/], classpath [static/], classpath [public/], ServletContext [/]]
2025-09-17 16:17:57 [http-nio-8080-exec-9] DEBUG o.s.w.s.h.SimpleUrlHandlerMapping - Mapped to ResourceHttpRequestHandler [classpath [META-INF/resources/], classpath [resources/], classpath [static/], classpath [public/], ServletContext [/]]
2025-09-17 16:17:57 [http-nio-8080-exec-8] DEBUG o.s.w.s.h.SimpleUrlHandlerMapping - Mapped to ResourceHttpRequestHandler [classpath [META-INF/resources/], classpath [resources/], classpath [static/], classpath [public/], ServletContext [/]]
2025-09-17 16:17:57 [http-nio-8080-exec-3] DEBUG o.s.web.servlet.DispatcherServlet - GET "/static/media/supply-chain-planning.e00cda5f9f556d0f2f7b.png", parameters={}
2025-09-17 16:17:57 [http-nio-8080-exec-3] DEBUG o.s.w.s.h.SimpleUrlHandlerMapping - Mapped to ResourceHttpRequestHandler [classpath [META-INF/resources/], classpath [resources/], classpath [static/], classpath [public/], ServletContext [/]]
2025-09-17 16:17:57 [http-nio-8080-exec-1] DEBUG o.s.web.servlet.DispatcherServlet - GET "/static/media/supply-chain-fulfillment.6dc3aaa89826c6c2506e.png", parameters={}
2025-09-17 16:17:57 [http-nio-8080-exec-8] DEBUG o.s.web.servlet.DispatcherServlet - Completed 200 OK
2025-09-17 16:17:57 [http-nio-8080-exec-9] DEBUG o.s.web.servlet.DispatcherServlet - Completed 200 OK
2025-09-17 16:17:57 [http-nio-8080-exec-1] DEBUG o.s.w.s.h.SimpleUrlHandlerMapping - Mapped to ResourceHttpRequestHandler [classpath [META-INF/resources/], classpath [resources/], classpath [static/], classpath [public/], ServletContext [/]]
2025-09-17 16:17:57 [http-nio-8080-exec-1] DEBUG o.s.web.servlet.DispatcherServlet - Completed 200 OK
2025-09-17 16:17:57 [http-nio-8080-exec-3] DEBUG o.s.web.servlet.DispatcherServlet - Completed 200 OK
2025-09-17 16:17:57 [http-nio-8080-exec-10] DEBUG o.s.web.servlet.DispatcherServlet - Completed 200 OK
2025-09-17 16:17:58 [http-nio-8080-exec-6] DEBUG o.s.web.servlet.DispatcherServlet - GET "/static/media/Row8-Stocksy_txpaa54b8f6L2q300_OriginalDelivery_4364319.d22bd690ca4ef70ee85c.jpg", parameters={}
2025-09-17 16:17:58 [http-nio-8080-exec-6] DEBUG o.s.w.s.h.SimpleUrlHandlerMapping - Mapped to ResourceHttpRequestHandler [classpath [META-INF/resources/], classpath [resources/], classpath [static/], classpath [public/], ServletContext [/]]
2025-09-17 16:17:58 [http-nio-8080-exec-6] DEBUG o.s.web.servlet.DispatcherServlet - Completed 200 OK
2025-09-17 16:18:05 [http-nio-8080-exec-5] DEBUG o.s.web.servlet.DispatcherServlet - GET "/api/decision-tree/project-info/get", parameters={}
2025-09-17 16:18:05 [http-nio-8080-exec-5] DEBUG o.s.w.s.h.SimpleUrlHandlerMapping - Mapped to ResourceHttpRequestHandler [classpath [META-INF/resources/], classpath [resources/], classpath [static/], classpath [public/], ServletContext [/]]
2025-09-17 16:18:05 [http-nio-8080-exec-5] DEBUG o.s.w.s.r.ResourceHttpRequestHandler - Resource not found
2025-09-17 16:18:05 [http-nio-8080-exec-5] DEBUG o.s.w.s.m.m.a.ExceptionHandlerExceptionResolver - Using @ExceptionHandler com.example.DigitalWayfinder.exception.GlobalExceptionHandler#handleGenericException(Exception)
2025-09-17 16:18:05 [http-nio-8080-exec-5] ERROR c.e.D.e.GlobalExceptionHandler - Unexpected exception occurred: No static resource api/decision-tree/project-info/get.
org.springframework.web.servlet.resource.NoResourceFoundException: No static resource api/decision-tree/project-info/get.
	at org.springframework.web.servlet.resource.ResourceHttpRequestHandler.handleRequest(ResourceHttpRequestHandler.java:585)
	at org.springframework.web.servlet.mvc.HttpRequestHandlerAdapter.handle(HttpRequestHandlerAdapter.java:52)
	at org.springframework.web.servlet.DispatcherServlet.doDispatch(DispatcherServlet.java:1089)
	at org.springframework.web.servlet.DispatcherServlet.doService(DispatcherServlet.java:979)
	at org.springframework.web.servlet.FrameworkServlet.processRequest(FrameworkServlet.java:1014)
	at org.springframework.web.servlet.FrameworkServlet.doGet(FrameworkServlet.java:903)
	at jakarta.servlet.http.HttpServlet.service(HttpServlet.java:564)
	at org.springframework.web.servlet.FrameworkServlet.service(FrameworkServlet.java:885)
	at jakarta.servlet.http.HttpServlet.service(HttpServlet.java:658)
	at org.apache.catalina.core.ApplicationFilterChain.internalDoFilter(ApplicationFilterChain.java:206)
	at org.apache.catalina.core.ApplicationFilterChain.doFilter(ApplicationFilterChain.java:150)
	at org.apache.tomcat.websocket.server.WsFilter.doFilter(WsFilter.java:51)
	at org.apache.catalina.core.ApplicationFilterChain.internalDoFilter(ApplicationFilterChain.java:175)
	at org.apache.catalina.core.ApplicationFilterChain.doFilter(ApplicationFilterChain.java:150)
	at org.springframework.web.filter.RequestContextFilter.doFilterInternal(RequestContextFilter.java:100)
	at org.springframework.web.filter.OncePerRequestFilter.doFilter(OncePerRequestFilter.java:116)
	at org.apache.catalina.core.ApplicationFilterChain.internalDoFilter(ApplicationFilterChain.java:175)
	at org.apache.catalina.core.ApplicationFilterChain.doFilter(ApplicationFilterChain.java:150)
	at org.springframework.web.filter.FormContentFilter.doFilterInternal(FormContentFilter.java:93)
	at org.springframework.web.filter.OncePerRequestFilter.doFilter(OncePerRequestFilter.java:116)
	at org.apache.catalina.core.ApplicationFilterChain.internalDoFilter(ApplicationFilterChain.java:175)
	at org.apache.catalina.core.ApplicationFilterChain.doFilter(ApplicationFilterChain.java:150)
	at org.springframework.web.filter.ServerHttpObservationFilter.doFilterInternal(ServerHttpObservationFilter.java:109)
	at org.springframework.web.filter.OncePerRequestFilter.doFilter(OncePerRequestFilter.java:116)
	at org.apache.catalina.core.ApplicationFilterChain.internalDoFilter(ApplicationFilterChain.java:175)
	at org.apache.catalina.core.ApplicationFilterChain.doFilter(ApplicationFilterChain.java:150)
	at org.springframework.web.filter.CharacterEncodingFilter.doFilterInternal(CharacterEncodingFilter.java:201)
	at org.springframework.web.filter.OncePerRequestFilter.doFilter(OncePerRequestFilter.java:116)
	at org.apache.catalina.core.ApplicationFilterChain.internalDoFilter(ApplicationFilterChain.java:175)
	at org.apache.catalina.core.ApplicationFilterChain.doFilter(ApplicationFilterChain.java:150)
	at org.apache.catalina.core.StandardWrapperValve.invoke(StandardWrapperValve.java:167)
	at org.apache.catalina.core.StandardContextValve.invoke(StandardContextValve.java:90)
	at org.apache.catalina.authenticator.AuthenticatorBase.invoke(AuthenticatorBase.java:482)
	at org.apache.catalina.core.StandardHostValve.invoke(StandardHostValve.java:115)
	at org.apache.catalina.valves.ErrorReportValve.invoke(ErrorReportValve.java:93)
	at org.apache.catalina.core.StandardEngineValve.invoke(StandardEngineValve.java:74)
	at org.apache.catalina.connector.CoyoteAdapter.service(CoyoteAdapter.java:344)
	at org.apache.coyote.http11.Http11Processor.service(Http11Processor.java:391)
	at org.apache.coyote.AbstractProcessorLight.process(AbstractProcessorLight.java:63)
	at org.apache.coyote.AbstractProtocol$ConnectionHandler.process(AbstractProtocol.java:896)
	at org.apache.tomcat.util.net.NioEndpoint$SocketProcessor.doRun(NioEndpoint.java:1736)
	at org.apache.tomcat.util.net.SocketProcessorBase.run(SocketProcessorBase.java:52)
	at org.apache.tomcat.util.threads.ThreadPoolExecutor.runWorker(ThreadPoolExecutor.java:1191)
	at org.apache.tomcat.util.threads.ThreadPoolExecutor$Worker.run(ThreadPoolExecutor.java:659)
	at org.apache.tomcat.util.threads.TaskThread$WrappingRunnable.run(TaskThread.java:63)
	at java.base/java.lang.Thread.run(Thread.java:1570)
2025-09-17 16:18:05 [http-nio-8080-exec-5] DEBUG o.s.w.s.m.m.a.HttpEntityMethodProcessor - Using 'text/plain', given [*/*] and supported [text/plain, */*, application/json, application/*+json]
2025-09-17 16:18:05 [http-nio-8080-exec-5] DEBUG o.s.w.s.m.m.a.HttpEntityMethodProcessor - Writing ["An unexpected error occurred"]
2025-09-17 16:18:05 [http-nio-8080-exec-5] WARN  o.s.w.s.m.m.a.ExceptionHandlerExceptionResolver - Resolved [org.springframework.web.servlet.resource.NoResourceFoundException: No static resource api/decision-tree/project-info/get.]
2025-09-17 16:18:05 [http-nio-8080-exec-5] DEBUG o.s.web.servlet.DispatcherServlet - Completed 500 INTERNAL_SERVER_ERROR
2025-09-17 16:18:05 [http-nio-8080-exec-7] DEBUG o.s.web.servlet.DispatcherServlet - GET "/static/media/dashboard.fc64719693ae8c17e7c5.png", parameters={}
2025-09-17 16:18:05 [http-nio-8080-exec-7] DEBUG o.s.w.s.h.SimpleUrlHandlerMapping - Mapped to ResourceHttpRequestHandler [classpath [META-INF/resources/], classpath [resources/], classpath [static/], classpath [public/], ServletContext [/]]
2025-09-17 16:18:05 [http-nio-8080-exec-7] DEBUG o.s.web.servlet.DispatcherServlet - Completed 200 OK
2025-09-17 16:19:26 [http-nio-8080-exec-9] DEBUG o.s.web.servlet.DispatcherServlet - POST "/api/decision-tree/project-info/save", parameters={}
2025-09-17 16:19:26 [http-nio-8080-exec-9] DEBUG o.s.w.s.m.m.a.RequestMappingHandlerMapping - Mapped to com.example.DigitalWayfinder.controller.ProjectInfoController#saveProjectInfo(ProjectInfoRequest, UserSession)
2025-09-17 16:19:26 [http-nio-8080-exec-9] DEBUG o.s.w.s.m.m.a.RequestResponseBodyMethodProcessor - Read "application/json;charset=UTF-8" to [ProjectInfoRequest(projectType=internal, requestID=1234, clientName=rqwerwf, clientDescription=, pro (truncated)...]
2025-09-17 16:19:26 [http-nio-8080-exec-9] INFO  c.e.D.c.ProjectInfoController - Received request to save project info: 1234 for user: USER-67097B4C in session: 87F405567B66258723C53DB1911CF891
2025-09-17 16:19:26 [http-nio-8080-exec-9] INFO  c.e.D.service.ProjectInfoService - Processing project info for request ID: 1234 by user: USER-67097B4C in session: 87F405567B66258723C53DB1911CF891
2025-09-17 16:19:26 [http-nio-8080-exec-9] DEBUG org.hibernate.SQL - 
    select
        pt1_0.id,
        pt1_0.ClientDescription,
        pt1_0.ClientName,
        pt1_0.CreatedDate,
        pt1_0.ProjectScope,
        pt1_0.ProjectType,
        pt1_0.RequestID,
        pt1_0.SessionID,
        pt1_0.UserID 
    from
        ProjectType pt1_0 
    where
        pt1_0.UserID=? 
        and pt1_0.SessionID=?
2025-09-17 16:19:27 [http-nio-8080-exec-9] INFO  c.e.D.service.ProjectInfoService - Updating existing project with ID: 222
2025-09-17 16:19:27 [http-nio-8080-exec-9] INFO  c.e.D.service.ProjectInfoService - Project information updated successfully with ID: 222
2025-09-17 16:19:27 [http-nio-8080-exec-9] DEBUG o.s.w.s.m.m.a.HttpEntityMethodProcessor - Using 'application/json', given [*/*] and supported [application/json, application/*+json]
2025-09-17 16:19:27 [http-nio-8080-exec-9] DEBUG o.s.w.s.m.m.a.HttpEntityMethodProcessor - Writing [ProjectInfoResponse(id=222, userID=USER-67097B4C, projectType=internal, requestID=1234, clientName=r (truncated)...]
2025-09-17 16:19:27 [http-nio-8080-exec-9] DEBUG o.s.web.servlet.DispatcherServlet - Completed 200 OK
2025-09-17 16:19:27 [http-nio-8080-exec-2] DEBUG o.s.web.servlet.DispatcherServlet - GET "/static/media/dashboard.fc64719693ae8c17e7c5.png", parameters={}
2025-09-17 16:19:27 [http-nio-8080-exec-2] DEBUG o.s.w.s.h.SimpleUrlHandlerMapping - Mapped to ResourceHttpRequestHandler [classpath [META-INF/resources/], classpath [resources/], classpath [static/], classpath [public/], ServletContext [/]]
2025-09-17 16:19:27 [http-nio-8080-exec-2] DEBUG o.s.web.servlet.DispatcherServlet - Completed 200 OK
2025-09-17 16:19:27 [http-nio-8080-exec-8] DEBUG o.s.web.servlet.DispatcherServlet - GET "/static/media/supply-chain-fulfillment.6dc3aaa89826c6c2506e.png", parameters={}
2025-09-17 16:19:27 [http-nio-8080-exec-4] DEBUG o.s.web.servlet.DispatcherServlet - GET "/static/media/supply-chain-planning.e00cda5f9f556d0f2f7b.png", parameters={}
2025-09-17 16:19:27 [http-nio-8080-exec-4] DEBUG o.s.w.s.h.SimpleUrlHandlerMapping - Mapped to ResourceHttpRequestHandler [classpath [META-INF/resources/], classpath [resources/], classpath [static/], classpath [public/], ServletContext [/]]
2025-09-17 16:19:27 [http-nio-8080-exec-8] DEBUG o.s.w.s.h.SimpleUrlHandlerMapping - Mapped to ResourceHttpRequestHandler [classpath [META-INF/resources/], classpath [resources/], classpath [static/], classpath [public/], ServletContext [/]]
2025-09-17 16:19:27 [http-nio-8080-exec-8] DEBUG o.s.web.servlet.DispatcherServlet - Completed 200 OK
2025-09-17 16:19:27 [http-nio-8080-exec-4] DEBUG o.s.web.servlet.DispatcherServlet - Completed 200 OK
2025-09-17 16:19:29 [http-nio-8080-exec-6] DEBUG o.s.web.servlet.DispatcherServlet - GET "/static/media/transportation-management.441e7de72d119d4043ce.png", parameters={}
2025-09-17 16:19:29 [http-nio-8080-exec-5] DEBUG o.s.web.servlet.DispatcherServlet - GET "/static/media/dashboard.fc64719693ae8c17e7c5.png", parameters={}
2025-09-17 16:19:29 [http-nio-8080-exec-3] DEBUG o.s.web.servlet.DispatcherServlet - GET "/static/media/warehouse-management.0fed6bc421ff6a0d0bb2.png", parameters={}
2025-09-17 16:19:29 [http-nio-8080-exec-10] DEBUG o.s.web.servlet.DispatcherServlet - GET "/static/media/order-management.f7bd9a2446beb26e5bc1.png", parameters={}
2025-09-17 16:19:29 [http-nio-8080-exec-6] DEBUG o.s.w.s.h.SimpleUrlHandlerMapping - Mapped to ResourceHttpRequestHandler [classpath [META-INF/resources/], classpath [resources/], classpath [static/], classpath [public/], ServletContext [/]]
2025-09-17 16:19:29 [http-nio-8080-exec-3] DEBUG o.s.w.s.h.SimpleUrlHandlerMapping - Mapped to ResourceHttpRequestHandler [classpath [META-INF/resources/], classpath [resources/], classpath [static/], classpath [public/], ServletContext [/]]
2025-09-17 16:19:29 [http-nio-8080-exec-5] DEBUG o.s.w.s.h.SimpleUrlHandlerMapping - Mapped to ResourceHttpRequestHandler [classpath [META-INF/resources/], classpath [resources/], classpath [static/], classpath [public/], ServletContext [/]]
2025-09-17 16:19:29 [http-nio-8080-exec-10] DEBUG o.s.w.s.h.SimpleUrlHandlerMapping - Mapped to ResourceHttpRequestHandler [classpath [META-INF/resources/], classpath [resources/], classpath [static/], classpath [public/], ServletContext [/]]
2025-09-17 16:19:29 [http-nio-8080-exec-5] DEBUG o.s.web.servlet.DispatcherServlet - Completed 200 OK
2025-09-17 16:19:29 [http-nio-8080-exec-10] DEBUG o.s.web.servlet.DispatcherServlet - Completed 200 OK
2025-09-17 16:19:29 [http-nio-8080-exec-3] DEBUG o.s.web.servlet.DispatcherServlet - Completed 200 OK
2025-09-17 16:19:30 [http-nio-8080-exec-6] DEBUG o.s.web.servlet.DispatcherServlet - Completed 200 OK
2025-09-17 16:19:33 [http-nio-8080-exec-1] DEBUG o.s.web.servlet.DispatcherServlet - GET "/static/media/SAP.85bae5998550b4e2f11a.jpg", parameters={}
2025-09-17 16:19:33 [http-nio-8080-exec-7] DEBUG o.s.web.servlet.DispatcherServlet - GET "/static/media/Blueyonder.58d4f4950656f6f8b79e.png", parameters={}
2025-09-17 16:19:33 [http-nio-8080-exec-9] DEBUG o.s.web.servlet.DispatcherServlet - GET "/static/media/dashboard.fc64719693ae8c17e7c5.png", parameters={}
2025-09-17 16:19:33 [http-nio-8080-exec-1] DEBUG o.s.w.s.h.SimpleUrlHandlerMapping - Mapped to ResourceHttpRequestHandler [classpath [META-INF/resources/], classpath [resources/], classpath [static/], classpath [public/], ServletContext [/]]
2025-09-17 16:19:33 [http-nio-8080-exec-7] DEBUG o.s.w.s.h.SimpleUrlHandlerMapping - Mapped to ResourceHttpRequestHandler [classpath [META-INF/resources/], classpath [resources/], classpath [static/], classpath [public/], ServletContext [/]]
2025-09-17 16:19:33 [http-nio-8080-exec-9] DEBUG o.s.w.s.h.SimpleUrlHandlerMapping - Mapped to ResourceHttpRequestHandler [classpath [META-INF/resources/], classpath [resources/], classpath [static/], classpath [public/], ServletContext [/]]
2025-09-17 16:19:33 [http-nio-8080-exec-1] DEBUG o.s.web.servlet.DispatcherServlet - Completed 200 OK
2025-09-17 16:19:33 [http-nio-8080-exec-7] DEBUG o.s.web.servlet.DispatcherServlet - Completed 200 OK
2025-09-17 16:19:33 [http-nio-8080-exec-9] DEBUG o.s.web.servlet.DispatcherServlet - Completed 200 OK
2025-09-17 16:19:34 [http-nio-8080-exec-2] DEBUG o.s.web.servlet.DispatcherServlet - GET "/api/digital-wayfinder/questionnaire/data-cloud/get-questions?functionalSubArea=Transportation%20Management%20System", parameters={masked}
2025-09-17 16:19:34 [http-nio-8080-exec-2] DEBUG o.s.w.s.m.m.a.RequestMappingHandlerMapping - Mapped to com.example.DigitalWayfinder.controller.QuestionnaireController#getDataCloudQuestions(String, UserSession)
2025-09-17 16:19:34 [http-nio-8080-exec-2] INFO  c.e.D.c.QuestionnaireController - Received request for Data & Cloud questions - functionalSubArea: Transportation Management System, user: USER-67097B4C, session: 87F405567B66258723C53DB1911CF891
2025-09-17 16:19:34 [http-nio-8080-exec-2] INFO  c.e.D.service.QuestionnaireService - Fetching questions for functionalSubArea: Transportation Management System, category: Data & Cloud, userId: USER-67097B4C, sessionId: 87F405567B66258723C53DB1911CF891
2025-09-17 16:19:34 [http-nio-8080-exec-2] INFO  c.e.D.service.QuestionnaireService - Fetching questions from TMS table for category: Data & Cloud
2025-09-17 16:19:34 [http-nio-8080-exec-2] DEBUG org.hibernate.SQL - 
    select
        tq1_0.category,
        tq1_0.question,
        tq1_0.[Answer Type] 
    from
        TMS_Questionnaire tq1_0 
    where
        tq1_0.category=?
2025-09-17 16:19:35 [http-nio-8080-exec-2] INFO  c.e.D.service.QuestionnaireService - Successfully fetched 4 TMS questions for category: Data & Cloud
2025-09-17 16:19:35 [http-nio-8080-exec-2] INFO  c.e.D.c.QuestionnaireController - Successfully returning questions for functionalSubArea: Transportation Management System
2025-09-17 16:19:35 [http-nio-8080-exec-2] DEBUG o.s.w.s.m.m.a.HttpEntityMethodProcessor - Using 'application/json', given [*/*] and supported [application/json, application/*+json]
2025-09-17 16:19:35 [http-nio-8080-exec-2] DEBUG o.s.w.s.m.m.a.HttpEntityMethodProcessor - Writing [QuestionnaireResponse(userId=USER-67097B4C, sessionId=87F405567B66258723C53DB1911CF891, functionalSu (truncated)...]
2025-09-17 16:19:35 [http-nio-8080-exec-2] DEBUG o.s.web.servlet.DispatcherServlet - Completed 200 OK
2025-09-17 16:19:40 [http-nio-8080-exec-8] DEBUG o.s.web.servlet.DispatcherServlet - POST "/api/digital-wayfinder/questionnaire/data-cloud/save-answers", parameters={}
2025-09-17 16:19:40 [http-nio-8080-exec-8] DEBUG o.s.w.s.m.m.a.RequestMappingHandlerMapping - Mapped to com.example.DigitalWayfinder.controller.QuestionnaireController#saveDataCloudAnswers(SaveAnswersRequest, UserSession)
2025-09-17 16:19:40 [http-nio-8080-exec-8] DEBUG o.s.w.s.m.m.a.RequestResponseBodyMethodProcessor - Read "application/json;charset=UTF-8" to [SaveAnswersRequest(functionalArea=Supply Chain Fulfillment, functionalSubArea=Transportation Managem (truncated)...]
2025-09-17 16:19:40 [http-nio-8080-exec-8] INFO  c.e.D.c.QuestionnaireController - Received request to save Data & Cloud answers - user: USER-67097B4C, session: 87F405567B66258723C53DB1911CF891
2025-09-17 16:19:40 [http-nio-8080-exec-8] INFO  c.e.D.service.QuestionnaireService - Saving answers for category: Data & Cloud, userId: USER-67097B4C, sessionId: 87F405567B66258723C53DB1911CF891
2025-09-17 16:19:40 [http-nio-8080-exec-8] INFO  c.e.D.service.QuestionnaireService - Using provided session - User: USER-67097B4C, Session: 87F405567B66258723C53DB1911CF891
2025-09-17 16:19:40 [http-nio-8080-exec-8] DEBUG org.hibernate.SQL - 
    select
        d1_0.id,
        d1_0.Category,
        d1_0.FunctionalArea,
        d1_0.FunctionalSubArea,
        d1_0.Question,
        d1_0.ResponseType,
        d1_0.SessionID,
        d1_0.UserID 
    from
        DWQuestions d1_0 
    where
        d1_0.UserID=? 
        and d1_0.SessionID=? 
        and d1_0.Category=? 
        and d1_0.Question=?
2025-09-17 16:19:41 [http-nio-8080-exec-8] DEBUG org.hibernate.SQL - 
    select
        d1_0.id,
        d1_0.Category,
        d1_0.FunctionalArea,
        d1_0.FunctionalSubArea,
        d1_0.Question,
        d1_0.ResponseType,
        d1_0.SessionID,
        d1_0.UserID 
    from
        DWQuestions d1_0 
    where
        d1_0.UserID=? 
        and d1_0.SessionID=? 
        and d1_0.Category=? 
        and d1_0.Question=?
2025-09-17 16:19:42 [http-nio-8080-exec-8] DEBUG org.hibernate.SQL - 
    update
        DWQuestions 
    set
        Category=?,
        FunctionalArea=?,
        FunctionalSubArea=?,
        Question=?,
        ResponseType=?,
        SessionID=?,
        UserID=? 
    where
        id=?
2025-09-17 16:19:42 [http-nio-8080-exec-8] DEBUG org.hibernate.SQL - 
    select
        d1_0.id,
        d1_0.Category,
        d1_0.FunctionalArea,
        d1_0.FunctionalSubArea,
        d1_0.Question,
        d1_0.ResponseType,
        d1_0.SessionID,
        d1_0.UserID 
    from
        DWQuestions d1_0 
    where
        d1_0.UserID=? 
        and d1_0.SessionID=? 
        and d1_0.Category=? 
        and d1_0.Question=?
2025-09-17 16:19:43 [http-nio-8080-exec-8] DEBUG org.hibernate.SQL - 
    select
        d1_0.id,
        d1_0.Category,
        d1_0.FunctionalArea,
        d1_0.FunctionalSubArea,
        d1_0.Question,
        d1_0.ResponseType,
        d1_0.SessionID,
        d1_0.UserID 
    from
        DWQuestions d1_0 
    where
        d1_0.UserID=? 
        and d1_0.SessionID=? 
        and d1_0.Category=? 
        and d1_0.Question=?
2025-09-17 16:19:45 [http-nio-8080-exec-8] INFO  c.e.D.service.QuestionnaireService - Successfully saved 4 answers for category: Data & Cloud with session: 87F405567B66258723C53DB1911CF891
2025-09-17 16:19:45 [http-nio-8080-exec-8] INFO  c.e.D.c.QuestionnaireController - Successfully saved 4 Data & Cloud answers
2025-09-17 16:19:45 [http-nio-8080-exec-8] DEBUG o.s.w.s.m.m.a.HttpEntityMethodProcessor - Using 'application/json', given [*/*] and supported [application/json, application/*+json]
2025-09-17 16:19:45 [http-nio-8080-exec-8] DEBUG o.s.w.s.m.m.a.HttpEntityMethodProcessor - Writing [SaveAnswersResponse(userId=USER-67097B4C, sessionId=87F405567B66258723C53DB1911CF891, functionalArea (truncated)...]
2025-09-17 16:19:45 [http-nio-8080-exec-8] DEBUG o.s.web.servlet.DispatcherServlet - Completed 201 CREATED
2025-09-17 16:19:45 [http-nio-8080-exec-4] DEBUG o.s.web.servlet.DispatcherServlet - GET "/api/digital-wayfinder/questionnaire/operational-innovations/get-questions?functionalSubArea=Transportation%20Management%20System", parameters={masked}
2025-09-17 16:19:45 [http-nio-8080-exec-4] DEBUG o.s.w.s.m.m.a.RequestMappingHandlerMapping - Mapped to com.example.DigitalWayfinder.controller.QuestionnaireController#getOperationalInnovationsQuestions(String, UserSession)
2025-09-17 16:19:45 [http-nio-8080-exec-4] INFO  c.e.D.c.QuestionnaireController - Received request for Operational Innovations questions - functionalSubArea: Transportation Management System, user: USER-67097B4C, session: 87F405567B66258723C53DB1911CF891
2025-09-17 16:19:45 [http-nio-8080-exec-4] INFO  c.e.D.service.QuestionnaireService - Fetching questions for functionalSubArea: Transportation Management System, category: Operational Innovations, userId: USER-67097B4C, sessionId: 87F405567B66258723C53DB1911CF891
2025-09-17 16:19:45 [http-nio-8080-exec-4] INFO  c.e.D.service.QuestionnaireService - Fetching questions from TMS table for category: Operational Innovations
2025-09-17 16:19:45 [http-nio-8080-exec-4] DEBUG org.hibernate.SQL - 
    select
        tq1_0.category,
        tq1_0.question,
        tq1_0.[Answer Type] 
    from
        TMS_Questionnaire tq1_0 
    where
        tq1_0.category=?
2025-09-17 16:19:45 [http-nio-8080-exec-4] INFO  c.e.D.service.QuestionnaireService - Successfully fetched 14 TMS questions for category: Operational Innovations
2025-09-17 16:19:45 [http-nio-8080-exec-4] INFO  c.e.D.c.QuestionnaireController - Successfully returning questions for functionalSubArea: Transportation Management System
2025-09-17 16:19:45 [http-nio-8080-exec-4] DEBUG o.s.w.s.m.m.a.HttpEntityMethodProcessor - Using 'application/json', given [*/*] and supported [application/json, application/*+json]
2025-09-17 16:19:45 [http-nio-8080-exec-4] DEBUG o.s.w.s.m.m.a.HttpEntityMethodProcessor - Writing [QuestionnaireResponse(userId=USER-67097B4C, sessionId=87F405567B66258723C53DB1911CF891, functionalSu (truncated)...]
2025-09-17 16:19:45 [http-nio-8080-exec-4] DEBUG o.s.web.servlet.DispatcherServlet - Completed 200 OK
2025-09-17 16:19:45 [http-nio-8080-exec-3] DEBUG o.s.web.servlet.DispatcherServlet - GET "/api/digital-wayfinder/questionnaire/data-cloud/get-answers?functionalSubArea=Warehouse%20Management%20System", parameters={masked}
2025-09-17 16:19:45 [http-nio-8080-exec-3] DEBUG o.s.w.s.m.m.a.RequestMappingHandlerMapping - Mapped to com.example.DigitalWayfinder.controller.QuestionnaireController#getDataCloudAnswers(UserSession)
2025-09-17 16:19:45 [http-nio-8080-exec-3] INFO  c.e.D.c.QuestionnaireController - Received request for Data & Cloud answers - user: USER-67097B4C, session: 87F405567B66258723C53DB1911CF891
2025-09-17 16:19:45 [http-nio-8080-exec-3] INFO  c.e.D.service.QuestionnaireService - Fetching answers for category: Data & Cloud, userId: USER-67097B4C, sessionId: 87F405567B66258723C53DB1911CF891
2025-09-17 16:19:45 [http-nio-8080-exec-3] INFO  c.e.D.service.QuestionnaireService - Using provided session - User: USER-67097B4C, Session: 87F405567B66258723C53DB1911CF891
2025-09-17 16:19:45 [http-nio-8080-exec-3] DEBUG org.hibernate.SQL - 
    select
        d1_0.id,
        d1_0.Category,
        d1_0.FunctionalArea,
        d1_0.FunctionalSubArea,
        d1_0.Question,
        d1_0.ResponseType,
        d1_0.SessionID,
        d1_0.UserID 
    from
        DWQuestions d1_0 
    where
        d1_0.Category=? 
        and (
            d1_0.UserID=? 
            or d1_0.UserID is null
        ) 
        and (
            d1_0.SessionID=? 
            or d1_0.SessionID is null
        )
2025-09-17 16:19:45 [http-nio-8080-exec-3] INFO  c.e.D.service.QuestionnaireService - Successfully fetched 7 saved answers for category: Data & Cloud with session: 87F405567B66258723C53DB1911CF891
2025-09-17 16:19:45 [http-nio-8080-exec-3] INFO  c.e.D.c.QuestionnaireController - Successfully returning 7 Data & Cloud answers
2025-09-17 16:19:45 [http-nio-8080-exec-3] DEBUG o.s.w.s.m.m.a.HttpEntityMethodProcessor - Using 'application/json', given [*/*] and supported [application/json, application/*+json]
2025-09-17 16:19:45 [http-nio-8080-exec-3] DEBUG o.s.w.s.m.m.a.HttpEntityMethodProcessor - Writing [GetAnswersResponse(userId=USER-67097B4C, sessionId=87F405567B66258723C53DB1911CF891, functionalSubAr (truncated)...]
2025-09-17 16:19:45 [http-nio-8080-exec-3] DEBUG o.s.web.servlet.DispatcherServlet - Completed 200 OK
2025-09-17 16:19:45 [http-nio-8080-exec-10] DEBUG o.s.web.servlet.DispatcherServlet - GET "/api/digital-wayfinder/questionnaire/data-cloud/get-answers?functionalSubArea=Transportation%20Management%20System", parameters={masked}
2025-09-17 16:19:45 [http-nio-8080-exec-10] DEBUG o.s.w.s.m.m.a.RequestMappingHandlerMapping - Mapped to com.example.DigitalWayfinder.controller.QuestionnaireController#getDataCloudAnswers(UserSession)
2025-09-17 16:19:45 [http-nio-8080-exec-10] INFO  c.e.D.c.QuestionnaireController - Received request for Data & Cloud answers - user: USER-67097B4C, session: 87F405567B66258723C53DB1911CF891
2025-09-17 16:19:45 [http-nio-8080-exec-10] INFO  c.e.D.service.QuestionnaireService - Fetching answers for category: Data & Cloud, userId: USER-67097B4C, sessionId: 87F405567B66258723C53DB1911CF891
2025-09-17 16:19:45 [http-nio-8080-exec-10] INFO  c.e.D.service.QuestionnaireService - Using provided session - User: USER-67097B4C, Session: 87F405567B66258723C53DB1911CF891
2025-09-17 16:19:45 [http-nio-8080-exec-10] DEBUG org.hibernate.SQL - 
    select
        d1_0.id,
        d1_0.Category,
        d1_0.FunctionalArea,
        d1_0.FunctionalSubArea,
        d1_0.Question,
        d1_0.ResponseType,
        d1_0.SessionID,
        d1_0.UserID 
    from
        DWQuestions d1_0 
    where
        d1_0.Category=? 
        and (
            d1_0.UserID=? 
            or d1_0.UserID is null
        ) 
        and (
            d1_0.SessionID=? 
            or d1_0.SessionID is null
        )
2025-09-17 16:19:46 [http-nio-8080-exec-10] INFO  c.e.D.service.QuestionnaireService - Successfully fetched 7 saved answers for category: Data & Cloud with session: 87F405567B66258723C53DB1911CF891
2025-09-17 16:19:46 [http-nio-8080-exec-10] INFO  c.e.D.c.QuestionnaireController - Successfully returning 7 Data & Cloud answers
2025-09-17 16:19:46 [http-nio-8080-exec-10] DEBUG o.s.w.s.m.m.a.HttpEntityMethodProcessor - Using 'application/json', given [*/*] and supported [application/json, application/*+json]
2025-09-17 16:19:46 [http-nio-8080-exec-10] DEBUG o.s.w.s.m.m.a.HttpEntityMethodProcessor - Writing [GetAnswersResponse(userId=USER-67097B4C, sessionId=87F405567B66258723C53DB1911CF891, functionalSubAr (truncated)...]
2025-09-17 16:19:46 [http-nio-8080-exec-10] DEBUG o.s.web.servlet.DispatcherServlet - Completed 200 OK
2025-09-17 16:20:49 [http-nio-8080-exec-7] DEBUG o.s.web.servlet.DispatcherServlet - POST "/api/digital-wayfinder/questionnaire/operational-innovations/save-answers", parameters={}
2025-09-17 16:20:49 [http-nio-8080-exec-7] DEBUG o.s.w.s.m.m.a.RequestMappingHandlerMapping - Mapped to com.example.DigitalWayfinder.controller.QuestionnaireController#saveOperationalInnovationsAnswers(SaveAnswersRequest, UserSession)
2025-09-17 16:20:49 [http-nio-8080-exec-7] DEBUG o.s.w.s.m.m.a.RequestResponseBodyMethodProcessor - Read "application/json;charset=UTF-8" to [SaveAnswersRequest(functionalArea=Supply Chain Fulfillment, functionalSubArea=Transportation Managem (truncated)...]
2025-09-17 16:20:49 [http-nio-8080-exec-7] INFO  c.e.D.c.QuestionnaireController - Received request to save Operational Innovations answers - user: USER-67097B4C, session: 87F405567B66258723C53DB1911CF891
2025-09-17 16:20:49 [http-nio-8080-exec-7] INFO  c.e.D.service.QuestionnaireService - Saving answers for category: Operational Innovations, userId: USER-67097B4C, sessionId: 87F405567B66258723C53DB1911CF891
2025-09-17 16:20:49 [http-nio-8080-exec-7] INFO  c.e.D.service.QuestionnaireService - Using provided session - User: USER-67097B4C, Session: 87F405567B66258723C53DB1911CF891
2025-09-17 16:20:49 [http-nio-8080-exec-7] DEBUG org.hibernate.SQL - 
    select
        d1_0.id,
        d1_0.Category,
        d1_0.FunctionalArea,
        d1_0.FunctionalSubArea,
        d1_0.Question,
        d1_0.ResponseType,
        d1_0.SessionID,
        d1_0.UserID 
    from
        DWQuestions d1_0 
    where
        d1_0.UserID=? 
        and d1_0.SessionID=? 
        and d1_0.Category=? 
        and d1_0.Question=?
2025-09-17 16:20:51 [http-nio-8080-exec-7] DEBUG org.hibernate.SQL - 
    select
        d1_0.id,
        d1_0.Category,
        d1_0.FunctionalArea,
        d1_0.FunctionalSubArea,
        d1_0.Question,
        d1_0.ResponseType,
        d1_0.SessionID,
        d1_0.UserID 
    from
        DWQuestions d1_0 
    where
        d1_0.UserID=? 
        and d1_0.SessionID=? 
        and d1_0.Category=? 
        and d1_0.Question=?
2025-09-17 16:20:52 [http-nio-8080-exec-7] DEBUG org.hibernate.SQL - 
    select
        d1_0.id,
        d1_0.Category,
        d1_0.FunctionalArea,
        d1_0.FunctionalSubArea,
        d1_0.Question,
        d1_0.ResponseType,
        d1_0.SessionID,
        d1_0.UserID 
    from
        DWQuestions d1_0 
    where
        d1_0.UserID=? 
        and d1_0.SessionID=? 
        and d1_0.Category=? 
        and d1_0.Question=?
2025-09-17 16:20:53 [http-nio-8080-exec-7] DEBUG org.hibernate.SQL - 
    select
        d1_0.id,
        d1_0.Category,
        d1_0.FunctionalArea,
        d1_0.FunctionalSubArea,
        d1_0.Question,
        d1_0.ResponseType,
        d1_0.SessionID,
        d1_0.UserID 
    from
        DWQuestions d1_0 
    where
        d1_0.UserID=? 
        and d1_0.SessionID=? 
        and d1_0.Category=? 
        and d1_0.Question=?
2025-09-17 16:20:53 [http-nio-8080-exec-7] DEBUG org.hibernate.SQL - 
    update
        DWQuestions 
    set
        Category=?,
        FunctionalArea=?,
        FunctionalSubArea=?,
        Question=?,
        ResponseType=?,
        SessionID=?,
        UserID=? 
    where
        id=?
2025-09-17 16:20:54 [http-nio-8080-exec-7] DEBUG org.hibernate.SQL - 
    select
        d1_0.id,
        d1_0.Category,
        d1_0.FunctionalArea,
        d1_0.FunctionalSubArea,
        d1_0.Question,
        d1_0.ResponseType,
        d1_0.SessionID,
        d1_0.UserID 
    from
        DWQuestions d1_0 
    where
        d1_0.UserID=? 
        and d1_0.SessionID=? 
        and d1_0.Category=? 
        and d1_0.Question=?
2025-09-17 16:20:55 [http-nio-8080-exec-7] DEBUG org.hibernate.SQL - 
    select
        d1_0.id,
        d1_0.Category,
        d1_0.FunctionalArea,
        d1_0.FunctionalSubArea,
        d1_0.Question,
        d1_0.ResponseType,
        d1_0.SessionID,
        d1_0.UserID 
    from
        DWQuestions d1_0 
    where
        d1_0.UserID=? 
        and d1_0.SessionID=? 
        and d1_0.Category=? 
        and d1_0.Question=?
2025-09-17 16:20:56 [http-nio-8080-exec-7] DEBUG org.hibernate.SQL - 
    select
        d1_0.id,
        d1_0.Category,
        d1_0.FunctionalArea,
        d1_0.FunctionalSubArea,
        d1_0.Question,
        d1_0.ResponseType,
        d1_0.SessionID,
        d1_0.UserID 
    from
        DWQuestions d1_0 
    where
        d1_0.UserID=? 
        and d1_0.SessionID=? 
        and d1_0.Category=? 
        and d1_0.Question=?
2025-09-17 16:20:57 [http-nio-8080-exec-7] DEBUG org.hibernate.SQL - 
    select
        d1_0.id,
        d1_0.Category,
        d1_0.FunctionalArea,
        d1_0.FunctionalSubArea,
        d1_0.Question,
        d1_0.ResponseType,
        d1_0.SessionID,
        d1_0.UserID 
    from
        DWQuestions d1_0 
    where
        d1_0.UserID=? 
        and d1_0.SessionID=? 
        and d1_0.Category=? 
        and d1_0.Question=?
2025-09-17 16:20:58 [http-nio-8080-exec-7] DEBUG org.hibernate.SQL - 
    select
        d1_0.id,
        d1_0.Category,
        d1_0.FunctionalArea,
        d1_0.FunctionalSubArea,
        d1_0.Question,
        d1_0.ResponseType,
        d1_0.SessionID,
        d1_0.UserID 
    from
        DWQuestions d1_0 
    where
        d1_0.UserID=? 
        and d1_0.SessionID=? 
        and d1_0.Category=? 
        and d1_0.Question=?
2025-09-17 16:21:00 [http-nio-8080-exec-7] DEBUG org.hibernate.SQL - 
    select
        d1_0.id,
        d1_0.Category,
        d1_0.FunctionalArea,
        d1_0.FunctionalSubArea,
        d1_0.Question,
        d1_0.ResponseType,
        d1_0.SessionID,
        d1_0.UserID 
    from
        DWQuestions d1_0 
    where
        d1_0.UserID=? 
        and d1_0.SessionID=? 
        and d1_0.Category=? 
        and d1_0.Question=?
2025-09-17 16:21:01 [http-nio-8080-exec-7] DEBUG org.hibernate.SQL - 
    select
        d1_0.id,
        d1_0.Category,
        d1_0.FunctionalArea,
        d1_0.FunctionalSubArea,
        d1_0.Question,
        d1_0.ResponseType,
        d1_0.SessionID,
        d1_0.UserID 
    from
        DWQuestions d1_0 
    where
        d1_0.UserID=? 
        and d1_0.SessionID=? 
        and d1_0.Category=? 
        and d1_0.Question=?
2025-09-17 16:21:02 [http-nio-8080-exec-7] DEBUG org.hibernate.SQL - 
    select
        d1_0.id,
        d1_0.Category,
        d1_0.FunctionalArea,
        d1_0.FunctionalSubArea,
        d1_0.Question,
        d1_0.ResponseType,
        d1_0.SessionID,
        d1_0.UserID 
    from
        DWQuestions d1_0 
    where
        d1_0.UserID=? 
        and d1_0.SessionID=? 
        and d1_0.Category=? 
        and d1_0.Question=?
2025-09-17 16:21:03 [http-nio-8080-exec-7] DEBUG org.hibernate.SQL - 
    select
        d1_0.id,
        d1_0.Category,
        d1_0.FunctionalArea,
        d1_0.FunctionalSubArea,
        d1_0.Question,
        d1_0.ResponseType,
        d1_0.SessionID,
        d1_0.UserID 
    from
        DWQuestions d1_0 
    where
        d1_0.UserID=? 
        and d1_0.SessionID=? 
        and d1_0.Category=? 
        and d1_0.Question=?
2025-09-17 16:21:03 [http-nio-8080-exec-7] DEBUG org.hibernate.SQL - 
    update
        DWQuestions 
    set
        Category=?,
        FunctionalArea=?,
        FunctionalSubArea=?,
        Question=?,
        ResponseType=?,
        SessionID=?,
        UserID=? 
    where
        id=?
2025-09-17 16:21:04 [http-nio-8080-exec-7] DEBUG org.hibernate.SQL - 
    select
        d1_0.id,
        d1_0.Category,
        d1_0.FunctionalArea,
        d1_0.FunctionalSubArea,
        d1_0.Question,
        d1_0.ResponseType,
        d1_0.SessionID,
        d1_0.UserID 
    from
        DWQuestions d1_0 
    where
        d1_0.UserID=? 
        and d1_0.SessionID=? 
        and d1_0.Category=? 
        and d1_0.Question=?
2025-09-17 16:21:05 [http-nio-8080-exec-7] INFO  c.e.D.service.QuestionnaireService - Successfully saved 14 answers for category: Operational Innovations with session: 87F405567B66258723C53DB1911CF891
2025-09-17 16:21:05 [http-nio-8080-exec-7] INFO  c.e.D.c.QuestionnaireController - Successfully saved 14 Operational Innovations answers
2025-09-17 16:21:05 [http-nio-8080-exec-7] DEBUG o.s.w.s.m.m.a.HttpEntityMethodProcessor - Using 'application/json', given [*/*] and supported [application/json, application/*+json]
2025-09-17 16:21:05 [http-nio-8080-exec-7] DEBUG o.s.w.s.m.m.a.HttpEntityMethodProcessor - Writing [SaveAnswersResponse(userId=USER-67097B4C, sessionId=87F405567B66258723C53DB1911CF891, functionalArea (truncated)...]
2025-09-17 16:21:05 [http-nio-8080-exec-7] DEBUG o.s.web.servlet.DispatcherServlet - Completed 201 CREATED
2025-09-17 16:21:05 [http-nio-8080-exec-2] DEBUG o.s.web.servlet.DispatcherServlet - GET "/api/digital-wayfinder/questionnaire/visibility-proactive/get-questions?functionalSubArea=Transportation%20Management%20System", parameters={masked}
2025-09-17 16:21:05 [http-nio-8080-exec-2] DEBUG o.s.w.s.m.m.a.RequestMappingHandlerMapping - Mapped to com.example.DigitalWayfinder.controller.QuestionnaireController#getVisibilityProactiveQuestions(String, UserSession)
2025-09-17 16:21:05 [http-nio-8080-exec-2] INFO  c.e.D.c.QuestionnaireController - Received request for Visibility & Proactive Planning questions - functionalSubArea: Transportation Management System, user: USER-67097B4C, session: 87F405567B66258723C53DB1911CF891
2025-09-17 16:21:05 [http-nio-8080-exec-2] INFO  c.e.D.service.QuestionnaireService - Fetching questions for functionalSubArea: Transportation Management System, category: Visibility & Proactive Planning, userId: USER-67097B4C, sessionId: 87F405567B66258723C53DB1911CF891
2025-09-17 16:21:05 [http-nio-8080-exec-2] INFO  c.e.D.service.QuestionnaireService - Fetching questions from TMS table for category: Visibility & Proactive Planning
2025-09-17 16:21:05 [http-nio-8080-exec-2] DEBUG org.hibernate.SQL - 
    select
        tq1_0.category,
        tq1_0.question,
        tq1_0.[Answer Type] 
    from
        TMS_Questionnaire tq1_0 
    where
        tq1_0.category=?
2025-09-17 16:21:05 [http-nio-8080-exec-2] INFO  c.e.D.service.QuestionnaireService - Successfully fetched 10 TMS questions for category: Visibility & Proactive Planning
2025-09-17 16:21:05 [http-nio-8080-exec-2] INFO  c.e.D.c.QuestionnaireController - Successfully returning questions for functionalSubArea: Transportation Management System
2025-09-17 16:21:05 [http-nio-8080-exec-2] DEBUG o.s.w.s.m.m.a.HttpEntityMethodProcessor - Using 'application/json', given [*/*] and supported [application/json, application/*+json]
2025-09-17 16:21:05 [http-nio-8080-exec-2] DEBUG o.s.w.s.m.m.a.HttpEntityMethodProcessor - Writing [QuestionnaireResponse(userId=USER-67097B4C, sessionId=87F405567B66258723C53DB1911CF891, functionalSu (truncated)...]
2025-09-17 16:21:05 [http-nio-8080-exec-2] DEBUG o.s.web.servlet.DispatcherServlet - Completed 200 OK
2025-09-17 16:21:05 [http-nio-8080-exec-8] DEBUG o.s.web.servlet.DispatcherServlet - GET "/api/digital-wayfinder/questionnaire/operational-innovations/get-answers?functionalSubArea=Transportation%20Management%20System", parameters={masked}
2025-09-17 16:21:05 [http-nio-8080-exec-8] DEBUG o.s.w.s.m.m.a.RequestMappingHandlerMapping - Mapped to com.example.DigitalWayfinder.controller.QuestionnaireController#getOperationalInnovationsAnswers(UserSession)
2025-09-17 16:21:05 [http-nio-8080-exec-8] INFO  c.e.D.c.QuestionnaireController - Received request for Operational Innovations answers - user: USER-67097B4C, session: 87F405567B66258723C53DB1911CF891
2025-09-17 16:21:05 [http-nio-8080-exec-8] INFO  c.e.D.service.QuestionnaireService - Fetching answers for category: Operational Innovations, userId: USER-67097B4C, sessionId: 87F405567B66258723C53DB1911CF891
2025-09-17 16:21:05 [http-nio-8080-exec-8] INFO  c.e.D.service.QuestionnaireService - Using provided session - User: USER-67097B4C, Session: 87F405567B66258723C53DB1911CF891
2025-09-17 16:21:05 [http-nio-8080-exec-8] DEBUG org.hibernate.SQL - 
    select
        d1_0.id,
        d1_0.Category,
        d1_0.FunctionalArea,
        d1_0.FunctionalSubArea,
        d1_0.Question,
        d1_0.ResponseType,
        d1_0.SessionID,
        d1_0.UserID 
    from
        DWQuestions d1_0 
    where
        d1_0.Category=? 
        and (
            d1_0.UserID=? 
            or d1_0.UserID is null
        ) 
        and (
            d1_0.SessionID=? 
            or d1_0.SessionID is null
        )
2025-09-17 16:21:06 [http-nio-8080-exec-8] INFO  c.e.D.service.QuestionnaireService - Successfully fetched 20 saved answers for category: Operational Innovations with session: 87F405567B66258723C53DB1911CF891
2025-09-17 16:21:06 [http-nio-8080-exec-8] INFO  c.e.D.c.QuestionnaireController - Successfully returning 20 Operational Innovations answers
2025-09-17 16:21:06 [http-nio-8080-exec-8] DEBUG o.s.w.s.m.m.a.HttpEntityMethodProcessor - Using 'application/json', given [*/*] and supported [application/json, application/*+json]
2025-09-17 16:21:06 [http-nio-8080-exec-8] DEBUG o.s.w.s.m.m.a.HttpEntityMethodProcessor - Writing [GetAnswersResponse(userId=USER-67097B4C, sessionId=87F405567B66258723C53DB1911CF891, functionalSubAr (truncated)...]
2025-09-17 16:21:06 [http-nio-8080-exec-8] DEBUG o.s.web.servlet.DispatcherServlet - Completed 200 OK
2025-09-17 16:21:28 [http-nio-8080-exec-4] DEBUG o.s.web.servlet.DispatcherServlet - POST "/api/digital-wayfinder/questionnaire/visibility-proactive/save-answers", parameters={}
2025-09-17 16:21:28 [http-nio-8080-exec-4] DEBUG o.s.w.s.m.m.a.RequestMappingHandlerMapping - Mapped to com.example.DigitalWayfinder.controller.QuestionnaireController#saveVisibilityProactiveAnswers(SaveAnswersRequest, UserSession)
2025-09-17 16:21:28 [http-nio-8080-exec-4] INFO  c.e.D.config.SessionAdvice - Generated anonymous user ID: USER-255FF624 for session: 617C87365F7D8DF062FCF7F261997A3D
2025-09-17 16:21:28 [http-nio-8080-exec-4] DEBUG o.s.w.s.m.m.a.RequestResponseBodyMethodProcessor - Read "application/json;charset=UTF-8" to [SaveAnswersRequest(functionalArea=Supply Chain Fulfillment, functionalSubArea=Transportation Managem (truncated)...]
2025-09-17 16:21:28 [http-nio-8080-exec-4] INFO  c.e.D.c.QuestionnaireController - Received request to save Visibility & Proactive Planning answers - user: USER-255FF624, session: 617C87365F7D8DF062FCF7F261997A3D
2025-09-17 16:21:28 [http-nio-8080-exec-4] INFO  c.e.D.service.QuestionnaireService - Saving answers for category: Visibility & Proactive Planning, userId: USER-255FF624, sessionId: 617C87365F7D8DF062FCF7F261997A3D
2025-09-17 16:21:28 [http-nio-8080-exec-4] INFO  c.e.D.service.QuestionnaireService - Using provided session - User: USER-255FF624, Session: 617C87365F7D8DF062FCF7F261997A3D
2025-09-17 16:21:28 [http-nio-8080-exec-4] DEBUG org.hibernate.SQL - 
    select
        d1_0.id,
        d1_0.Category,
        d1_0.FunctionalArea,
        d1_0.FunctionalSubArea,
        d1_0.Question,
        d1_0.ResponseType,
        d1_0.SessionID,
        d1_0.UserID 
    from
        DWQuestions d1_0 
    where
        d1_0.UserID=? 
        and d1_0.SessionID=? 
        and d1_0.Category=? 
        and d1_0.Question=?
2025-09-17 16:21:29 [http-nio-8080-exec-4] DEBUG org.hibernate.SQL - 
    insert 
    into
        DWQuestions
        (Category, FunctionalArea, FunctionalSubArea, Question, ResponseType, SessionID, UserID) 
    values
        (?, ?, ?, ?, ?, ?, ?)
2025-09-17 16:21:30 [http-nio-8080-exec-4] DEBUG org.hibernate.SQL - 
    select
        d1_0.id,
        d1_0.Category,
        d1_0.FunctionalArea,
        d1_0.FunctionalSubArea,
        d1_0.Question,
        d1_0.ResponseType,
        d1_0.SessionID,
        d1_0.UserID 
    from
        DWQuestions d1_0 
    where
        d1_0.UserID=? 
        and d1_0.SessionID=? 
        and d1_0.Category=? 
        and d1_0.Question=?
2025-09-17 16:21:30 [http-nio-8080-exec-4] DEBUG org.hibernate.SQL - 
    insert 
    into
        DWQuestions
        (Category, FunctionalArea, FunctionalSubArea, Question, ResponseType, SessionID, UserID) 
    values
        (?, ?, ?, ?, ?, ?, ?)
2025-09-17 16:21:31 [http-nio-8080-exec-4] DEBUG org.hibernate.SQL - 
    select
        d1_0.id,
        d1_0.Category,
        d1_0.FunctionalArea,
        d1_0.FunctionalSubArea,
        d1_0.Question,
        d1_0.ResponseType,
        d1_0.SessionID,
        d1_0.UserID 
    from
        DWQuestions d1_0 
    where
        d1_0.UserID=? 
        and d1_0.SessionID=? 
        and d1_0.Category=? 
        and d1_0.Question=?
2025-09-17 16:21:32 [http-nio-8080-exec-4] DEBUG org.hibernate.SQL - 
    insert 
    into
        DWQuestions
        (Category, FunctionalArea, FunctionalSubArea, Question, ResponseType, SessionID, UserID) 
    values
        (?, ?, ?, ?, ?, ?, ?)
2025-09-17 16:21:32 [http-nio-8080-exec-4] DEBUG org.hibernate.SQL - 
    select
        d1_0.id,
        d1_0.Category,
        d1_0.FunctionalArea,
        d1_0.FunctionalSubArea,
        d1_0.Question,
        d1_0.ResponseType,
        d1_0.SessionID,
        d1_0.UserID 
    from
        DWQuestions d1_0 
    where
        d1_0.UserID=? 
        and d1_0.SessionID=? 
        and d1_0.Category=? 
        and d1_0.Question=?
2025-09-17 16:21:33 [http-nio-8080-exec-4] DEBUG org.hibernate.SQL - 
    insert 
    into
        DWQuestions
        (Category, FunctionalArea, FunctionalSubArea, Question, ResponseType, SessionID, UserID) 
    values
        (?, ?, ?, ?, ?, ?, ?)
2025-09-17 16:21:34 [http-nio-8080-exec-4] DEBUG org.hibernate.SQL - 
    select
        d1_0.id,
        d1_0.Category,
        d1_0.FunctionalArea,
        d1_0.FunctionalSubArea,
        d1_0.Question,
        d1_0.ResponseType,
        d1_0.SessionID,
        d1_0.UserID 
    from
        DWQuestions d1_0 
    where
        d1_0.UserID=? 
        and d1_0.SessionID=? 
        and d1_0.Category=? 
        and d1_0.Question=?
2025-09-17 16:21:34 [http-nio-8080-exec-4] DEBUG org.hibernate.SQL - 
    insert 
    into
        DWQuestions
        (Category, FunctionalArea, FunctionalSubArea, Question, ResponseType, SessionID, UserID) 
    values
        (?, ?, ?, ?, ?, ?, ?)
2025-09-17 16:21:35 [http-nio-8080-exec-4] DEBUG org.hibernate.SQL - 
    select
        d1_0.id,
        d1_0.Category,
        d1_0.FunctionalArea,
        d1_0.FunctionalSubArea,
        d1_0.Question,
        d1_0.ResponseType,
        d1_0.SessionID,
        d1_0.UserID 
    from
        DWQuestions d1_0 
    where
        d1_0.UserID=? 
        and d1_0.SessionID=? 
        and d1_0.Category=? 
        and d1_0.Question=?
2025-09-17 16:21:36 [http-nio-8080-exec-4] DEBUG org.hibernate.SQL - 
    insert 
    into
        DWQuestions
        (Category, FunctionalArea, FunctionalSubArea, Question, ResponseType, SessionID, UserID) 
    values
        (?, ?, ?, ?, ?, ?, ?)
2025-09-17 16:21:36 [http-nio-8080-exec-4] DEBUG org.hibernate.SQL - 
    select
        d1_0.id,
        d1_0.Category,
        d1_0.FunctionalArea,
        d1_0.FunctionalSubArea,
        d1_0.Question,
        d1_0.ResponseType,
        d1_0.SessionID,
        d1_0.UserID 
    from
        DWQuestions d1_0 
    where
        d1_0.UserID=? 
        and d1_0.SessionID=? 
        and d1_0.Category=? 
        and d1_0.Question=?
2025-09-17 16:21:37 [http-nio-8080-exec-4] DEBUG org.hibernate.SQL - 
    insert 
    into
        DWQuestions
        (Category, FunctionalArea, FunctionalSubArea, Question, ResponseType, SessionID, UserID) 
    values
        (?, ?, ?, ?, ?, ?, ?)
2025-09-17 16:21:38 [http-nio-8080-exec-4] DEBUG org.hibernate.SQL - 
    select
        d1_0.id,
        d1_0.Category,
        d1_0.FunctionalArea,
        d1_0.FunctionalSubArea,
        d1_0.Question,
        d1_0.ResponseType,
        d1_0.SessionID,
        d1_0.UserID 
    from
        DWQuestions d1_0 
    where
        d1_0.UserID=? 
        and d1_0.SessionID=? 
        and d1_0.Category=? 
        and d1_0.Question=?
2025-09-17 16:21:38 [http-nio-8080-exec-4] DEBUG org.hibernate.SQL - 
    insert 
    into
        DWQuestions
        (Category, FunctionalArea, FunctionalSubArea, Question, ResponseType, SessionID, UserID) 
    values
        (?, ?, ?, ?, ?, ?, ?)
2025-09-17 16:21:39 [http-nio-8080-exec-4] DEBUG org.hibernate.SQL - 
    select
        d1_0.id,
        d1_0.Category,
        d1_0.FunctionalArea,
        d1_0.FunctionalSubArea,
        d1_0.Question,
        d1_0.ResponseType,
        d1_0.SessionID,
        d1_0.UserID 
    from
        DWQuestions d1_0 
    where
        d1_0.UserID=? 
        and d1_0.SessionID=? 
        and d1_0.Category=? 
        and d1_0.Question=?
2025-09-17 16:21:40 [http-nio-8080-exec-4] DEBUG org.hibernate.SQL - 
    insert 
    into
        DWQuestions
        (Category, FunctionalArea, FunctionalSubArea, Question, ResponseType, SessionID, UserID) 
    values
        (?, ?, ?, ?, ?, ?, ?)
2025-09-17 16:21:40 [http-nio-8080-exec-4] DEBUG org.hibernate.SQL - 
    select
        d1_0.id,
        d1_0.Category,
        d1_0.FunctionalArea,
        d1_0.FunctionalSubArea,
        d1_0.Question,
        d1_0.ResponseType,
        d1_0.SessionID,
        d1_0.UserID 
    from
        DWQuestions d1_0 
    where
        d1_0.UserID=? 
        and d1_0.SessionID=? 
        and d1_0.Category=? 
        and d1_0.Question=?
2025-09-17 16:21:41 [http-nio-8080-exec-4] DEBUG org.hibernate.SQL - 
    insert 
    into
        DWQuestions
        (Category, FunctionalArea, FunctionalSubArea, Question, ResponseType, SessionID, UserID) 
    values
        (?, ?, ?, ?, ?, ?, ?)
2025-09-17 16:21:42 [http-nio-8080-exec-4] INFO  c.e.D.service.QuestionnaireService - Successfully saved 10 answers for category: Visibility & Proactive Planning with session: 617C87365F7D8DF062FCF7F261997A3D
2025-09-17 16:21:42 [http-nio-8080-exec-4] INFO  c.e.D.c.QuestionnaireController - Successfully saved 10 Visibility & Proactive Planning answers
2025-09-17 16:21:42 [http-nio-8080-exec-4] DEBUG o.s.w.s.m.m.a.HttpEntityMethodProcessor - Using 'application/json', given [*/*] and supported [application/json, application/*+json]
2025-09-17 16:21:42 [http-nio-8080-exec-4] DEBUG o.s.w.s.m.m.a.HttpEntityMethodProcessor - Writing [SaveAnswersResponse(userId=USER-255FF624, sessionId=617C87365F7D8DF062FCF7F261997A3D, functionalArea (truncated)...]
2025-09-17 16:21:42 [http-nio-8080-exec-4] DEBUG o.s.web.servlet.DispatcherServlet - Completed 201 CREATED
2025-09-17 16:21:42 [http-nio-8080-exec-3] DEBUG o.s.web.servlet.DispatcherServlet - GET "/api/digital-wayfinder/questionnaire/genai/get-questions?functionalSubArea=Transportation%20Management%20System", parameters={masked}
2025-09-17 16:21:42 [http-nio-8080-exec-3] DEBUG o.s.w.s.m.m.a.RequestMappingHandlerMapping - Mapped to com.example.DigitalWayfinder.controller.QuestionnaireController#getGenAIQuestions(String, UserSession)
2025-09-17 16:21:42 [http-nio-8080-exec-3] INFO  c.e.D.c.QuestionnaireController - Received request for Agentic AI questions - functionalSubArea: Transportation Management System, user: USER-255FF624, session: 617C87365F7D8DF062FCF7F261997A3D
2025-09-17 16:21:42 [http-nio-8080-exec-3] INFO  c.e.D.service.QuestionnaireService - Fetching questions for functionalSubArea: Transportation Management System, category: Agentic AI, userId: USER-255FF624, sessionId: 617C87365F7D8DF062FCF7F261997A3D
2025-09-17 16:21:42 [http-nio-8080-exec-3] INFO  c.e.D.service.QuestionnaireService - Fetching questions from TMS table for category: Agentic AI
2025-09-17 16:21:42 [http-nio-8080-exec-3] DEBUG org.hibernate.SQL - 
    select
        tq1_0.category,
        tq1_0.question,
        tq1_0.[Answer Type] 
    from
        TMS_Questionnaire tq1_0 
    where
        tq1_0.category=?
2025-09-17 16:21:42 [http-nio-8080-exec-3] INFO  c.e.D.service.QuestionnaireService - Successfully fetched 5 TMS questions for category: Agentic AI
2025-09-17 16:21:42 [http-nio-8080-exec-3] INFO  c.e.D.c.QuestionnaireController - Successfully returning questions for functionalSubArea: Transportation Management System
2025-09-17 16:21:42 [http-nio-8080-exec-3] DEBUG o.s.w.s.m.m.a.HttpEntityMethodProcessor - Using 'application/json', given [*/*] and supported [application/json, application/*+json]
2025-09-17 16:21:42 [http-nio-8080-exec-3] DEBUG o.s.w.s.m.m.a.HttpEntityMethodProcessor - Writing [QuestionnaireResponse(userId=USER-255FF624, sessionId=617C87365F7D8DF062FCF7F261997A3D, functionalSu (truncated)...]
2025-09-17 16:21:42 [http-nio-8080-exec-3] DEBUG o.s.web.servlet.DispatcherServlet - Completed 200 OK
2025-09-17 16:21:42 [http-nio-8080-exec-10] DEBUG o.s.web.servlet.DispatcherServlet - GET "/api/digital-wayfinder/questionnaire/visibility-proactive/get-answers?functionalSubArea=Transportation%20Management%20System", parameters={masked}
2025-09-17 16:21:42 [http-nio-8080-exec-10] DEBUG o.s.w.s.m.m.a.RequestMappingHandlerMapping - Mapped to com.example.DigitalWayfinder.controller.QuestionnaireController#getVisibilityProactiveAnswers(UserSession)
2025-09-17 16:21:42 [http-nio-8080-exec-10] INFO  c.e.D.c.QuestionnaireController - Received request for Visibility & Proactive Planning answers - user: USER-255FF624, session: 617C87365F7D8DF062FCF7F261997A3D
2025-09-17 16:21:42 [http-nio-8080-exec-10] INFO  c.e.D.service.QuestionnaireService - Fetching answers for category: Visibility & Proactive Planning, userId: USER-255FF624, sessionId: 617C87365F7D8DF062FCF7F261997A3D
2025-09-17 16:21:42 [http-nio-8080-exec-10] INFO  c.e.D.service.QuestionnaireService - Using provided session - User: USER-255FF624, Session: 617C87365F7D8DF062FCF7F261997A3D
2025-09-17 16:21:42 [http-nio-8080-exec-10] DEBUG org.hibernate.SQL - 
    select
        d1_0.id,
        d1_0.Category,
        d1_0.FunctionalArea,
        d1_0.FunctionalSubArea,
        d1_0.Question,
        d1_0.ResponseType,
        d1_0.SessionID,
        d1_0.UserID 
    from
        DWQuestions d1_0 
    where
        d1_0.Category=? 
        and (
            d1_0.UserID=? 
            or d1_0.UserID is null
        ) 
        and (
            d1_0.SessionID=? 
            or d1_0.SessionID is null
        )
2025-09-17 16:21:42 [http-nio-8080-exec-10] INFO  c.e.D.service.QuestionnaireService - Successfully fetched 10 saved answers for category: Visibility & Proactive Planning with session: 617C87365F7D8DF062FCF7F261997A3D
2025-09-17 16:21:42 [http-nio-8080-exec-10] INFO  c.e.D.c.QuestionnaireController - Successfully returning 10 Visibility & Proactive Planning answers
2025-09-17 16:21:42 [http-nio-8080-exec-10] DEBUG o.s.w.s.m.m.a.HttpEntityMethodProcessor - Using 'application/json', given [*/*] and supported [application/json, application/*+json]
2025-09-17 16:21:42 [http-nio-8080-exec-10] DEBUG o.s.w.s.m.m.a.HttpEntityMethodProcessor - Writing [GetAnswersResponse(userId=USER-255FF624, sessionId=617C87365F7D8DF062FCF7F261997A3D, functionalSubAr (truncated)...]
2025-09-17 16:21:42 [http-nio-8080-exec-10] DEBUG o.s.web.servlet.DispatcherServlet - Completed 200 OK
2025-09-17 16:21:50 [http-nio-8080-exec-5] DEBUG o.s.web.servlet.DispatcherServlet - POST "/api/digital-wayfinder/questionnaire/genai/save-answers", parameters={}
2025-09-17 16:21:50 [http-nio-8080-exec-5] DEBUG o.s.w.s.m.m.a.RequestMappingHandlerMapping - Mapped to com.example.DigitalWayfinder.controller.QuestionnaireController#saveGenAIAnswers(SaveAnswersRequest, UserSession)
2025-09-17 16:21:50 [http-nio-8080-exec-5] DEBUG o.s.w.s.m.m.a.RequestResponseBodyMethodProcessor - Read "application/json;charset=UTF-8" to [SaveAnswersRequest(functionalArea=Supply Chain Fulfillment, functionalSubArea=Transportation Managem (truncated)...]
2025-09-17 16:21:50 [http-nio-8080-exec-5] INFO  c.e.D.c.QuestionnaireController - Received request to save Agentic AI answers - user: USER-255FF624, session: 617C87365F7D8DF062FCF7F261997A3D
2025-09-17 16:21:50 [http-nio-8080-exec-5] INFO  c.e.D.service.QuestionnaireService - Saving answers for category: Agentic AI, userId: USER-255FF624, sessionId: 617C87365F7D8DF062FCF7F261997A3D
2025-09-17 16:21:50 [http-nio-8080-exec-5] INFO  c.e.D.service.QuestionnaireService - Using provided session - User: USER-255FF624, Session: 617C87365F7D8DF062FCF7F261997A3D
2025-09-17 16:21:50 [http-nio-8080-exec-5] DEBUG org.hibernate.SQL - 
    select
        d1_0.id,
        d1_0.Category,
        d1_0.FunctionalArea,
        d1_0.FunctionalSubArea,
        d1_0.Question,
        d1_0.ResponseType,
        d1_0.SessionID,
        d1_0.UserID 
    from
        DWQuestions d1_0 
    where
        d1_0.UserID=? 
        and d1_0.SessionID=? 
        and d1_0.Category=? 
        and d1_0.Question=?
2025-09-17 16:21:51 [http-nio-8080-exec-5] DEBUG org.hibernate.SQL - 
    insert 
    into
        DWQuestions
        (Category, FunctionalArea, FunctionalSubArea, Question, ResponseType, SessionID, UserID) 
    values
        (?, ?, ?, ?, ?, ?, ?)
2025-09-17 16:21:52 [http-nio-8080-exec-5] DEBUG org.hibernate.SQL - 
    select
        d1_0.id,
        d1_0.Category,
        d1_0.FunctionalArea,
        d1_0.FunctionalSubArea,
        d1_0.Question,
        d1_0.ResponseType,
        d1_0.SessionID,
        d1_0.UserID 
    from
        DWQuestions d1_0 
    where
        d1_0.UserID=? 
        and d1_0.SessionID=? 
        and d1_0.Category=? 
        and d1_0.Question=?
2025-09-17 16:21:52 [http-nio-8080-exec-5] DEBUG org.hibernate.SQL - 
    insert 
    into
        DWQuestions
        (Category, FunctionalArea, FunctionalSubArea, Question, ResponseType, SessionID, UserID) 
    values
        (?, ?, ?, ?, ?, ?, ?)
2025-09-17 16:21:53 [http-nio-8080-exec-5] DEBUG org.hibernate.SQL - 
    select
        d1_0.id,
        d1_0.Category,
        d1_0.FunctionalArea,
        d1_0.FunctionalSubArea,
        d1_0.Question,
        d1_0.ResponseType,
        d1_0.SessionID,
        d1_0.UserID 
    from
        DWQuestions d1_0 
    where
        d1_0.UserID=? 
        and d1_0.SessionID=? 
        and d1_0.Category=? 
        and d1_0.Question=?
2025-09-17 16:21:54 [http-nio-8080-exec-5] DEBUG org.hibernate.SQL - 
    insert 
    into
        DWQuestions
        (Category, FunctionalArea, FunctionalSubArea, Question, ResponseType, SessionID, UserID) 
    values
        (?, ?, ?, ?, ?, ?, ?)
2025-09-17 16:21:54 [http-nio-8080-exec-5] DEBUG org.hibernate.SQL - 
    select
        d1_0.id,
        d1_0.Category,
        d1_0.FunctionalArea,
        d1_0.FunctionalSubArea,
        d1_0.Question,
        d1_0.ResponseType,
        d1_0.SessionID,
        d1_0.UserID 
    from
        DWQuestions d1_0 
    where
        d1_0.UserID=? 
        and d1_0.SessionID=? 
        and d1_0.Category=? 
        and d1_0.Question=?
2025-09-17 16:21:55 [http-nio-8080-exec-5] DEBUG org.hibernate.SQL - 
    insert 
    into
        DWQuestions
        (Category, FunctionalArea, FunctionalSubArea, Question, ResponseType, SessionID, UserID) 
    values
        (?, ?, ?, ?, ?, ?, ?)
2025-09-17 16:21:56 [http-nio-8080-exec-5] DEBUG org.hibernate.SQL - 
    select
        d1_0.id,
        d1_0.Category,
        d1_0.FunctionalArea,
        d1_0.FunctionalSubArea,
        d1_0.Question,
        d1_0.ResponseType,
        d1_0.SessionID,
        d1_0.UserID 
    from
        DWQuestions d1_0 
    where
        d1_0.UserID=? 
        and d1_0.SessionID=? 
        and d1_0.Category=? 
        and d1_0.Question=?
2025-09-17 16:21:56 [http-nio-8080-exec-5] DEBUG org.hibernate.SQL - 
    insert 
    into
        DWQuestions
        (Category, FunctionalArea, FunctionalSubArea, Question, ResponseType, SessionID, UserID) 
    values
        (?, ?, ?, ?, ?, ?, ?)
2025-09-17 16:21:57 [http-nio-8080-exec-5] INFO  c.e.D.service.QuestionnaireService - Successfully saved 5 answers for category: Agentic AI with session: 617C87365F7D8DF062FCF7F261997A3D
2025-09-17 16:21:57 [http-nio-8080-exec-5] INFO  c.e.D.c.QuestionnaireController - Successfully saved 5 Agentic AI answers
2025-09-17 16:21:57 [http-nio-8080-exec-5] DEBUG o.s.w.s.m.m.a.HttpEntityMethodProcessor - Using 'application/json', given [*/*] and supported [application/json, application/*+json]
2025-09-17 16:21:57 [http-nio-8080-exec-5] DEBUG o.s.w.s.m.m.a.HttpEntityMethodProcessor - Writing [SaveAnswersResponse(userId=USER-255FF624, sessionId=617C87365F7D8DF062FCF7F261997A3D, functionalArea (truncated)...]
2025-09-17 16:21:57 [http-nio-8080-exec-5] DEBUG o.s.web.servlet.DispatcherServlet - Completed 201 CREATED
2025-09-17 16:21:57 [http-nio-8080-exec-1] DEBUG o.s.web.servlet.DispatcherServlet - GET "/api/digital-wayfinder/questionnaire/report", parameters={}
2025-09-17 16:21:57 [http-nio-8080-exec-1] DEBUG o.s.w.s.m.m.a.RequestMappingHandlerMapping - Mapped to com.example.DigitalWayfinder.controller.PlatformAnalysisController#getAllPlatformAnalysis(UserSession, String, String)
2025-09-17 16:21:57 [http-nio-8080-exec-1] INFO  c.e.D.c.PlatformAnalysisController - Received request to fetch all platform analysis records - user: USER-255FF624, session: 617C87365F7D8DF062FCF7F261997A3D, functionalSubArea: null, industryType: null
2025-09-17 16:21:57 [http-nio-8080-exec-1] WARN  c.e.D.c.PlatformAnalysisController - Could not determine system type from functionalSubArea: null, industryType: null, defaulting to WMS
2025-09-17 16:21:57 [http-nio-8080-exec-1] INFO  c.e.D.c.PlatformAnalysisController - Determined system type: WMS for user: USER-255FF624, session: 617C87365F7D8DF062FCF7F261997A3D
2025-09-17 16:21:57 [http-nio-8080-exec-1] INFO  c.e.D.s.PlatformAnalysisService - Fetching all platform analysis records for user: USER-255FF624, session: 617C87365F7D8DF062FCF7F261997A3D, systemType: WMS
2025-09-17 16:21:57 [http-nio-8080-exec-1] INFO  c.e.D.s.PlatformAnalysisService - Using provided session - User: USER-255FF624, Session: 617C87365F7D8DF062FCF7F261997A3D
2025-09-17 16:21:57 [http-nio-8080-exec-1] INFO  c.e.D.s.PlatformAnalysisService - Using system type: WMS for user: USER-255FF624, session: 617C87365F7D8DF062FCF7F261997A3D
2025-09-17 16:21:57 [http-nio-8080-exec-1] DEBUG org.hibernate.SQL - 
    select
        pa1_0.ID,
        pa1_0.[Asset Name],
        pa1_0.Category,
        pa1_0.Gaps,
        pa1_0.L2,
        pa1_0.SessionID,
        pa1_0.UserID 
    from
        vw_Fnl_FunctionScore_WMS pa1_0 
    where
        (
            pa1_0.UserID=? 
            or pa1_0.UserID is null
        ) 
        and (
            pa1_0.SessionID=? 
            or pa1_0.SessionID is null
        )
2025-09-17 16:21:57 [http-nio-8080-exec-1] INFO  c.e.D.s.PlatformAnalysisService - Successfully fetched 45 WMS records (after deduplication: 8) grouped into 2 categories
2025-09-17 16:21:57 [http-nio-8080-exec-1] INFO  c.e.D.c.PlatformAnalysisController - Successfully returning 8 platform analysis records across 2 categories using WMS system
2025-09-17 16:21:57 [http-nio-8080-exec-1] DEBUG o.s.w.s.m.m.a.HttpEntityMethodProcessor - Using 'application/json', given [*/*] and supported [application/json, application/*+json]
2025-09-17 16:21:57 [http-nio-8080-exec-1] DEBUG o.s.w.s.m.m.a.HttpEntityMethodProcessor - Writing [PlatformAnalysisResponse(userId=USER-255FF624, sessionId=617C87365F7D8DF062FCF7F261997A3D, categorie (truncated)...]
2025-09-17 16:21:57 [http-nio-8080-exec-1] DEBUG o.s.web.servlet.DispatcherServlet - Completed 200 OK
2025-09-17 16:21:57 [http-nio-8080-exec-6] DEBUG o.s.web.servlet.DispatcherServlet - GET "/static/media/Operations.afb8cfbb20d033f75cd9.jpg", parameters={}
2025-09-17 16:21:57 [http-nio-8080-exec-9] DEBUG o.s.web.servlet.DispatcherServlet - GET "/static/media/planning-crop.06f3745b530ca71d1357.png", parameters={}
2025-09-17 16:21:57 [http-nio-8080-exec-6] DEBUG o.s.w.s.h.SimpleUrlHandlerMapping - Mapped to ResourceHttpRequestHandler [classpath [META-INF/resources/], classpath [resources/], classpath [static/], classpath [public/], ServletContext [/]]
2025-09-17 16:21:57 [http-nio-8080-exec-9] DEBUG o.s.w.s.h.SimpleUrlHandlerMapping - Mapped to ResourceHttpRequestHandler [classpath [META-INF/resources/], classpath [resources/], classpath [static/], classpath [public/], ServletContext [/]]
2025-09-17 16:21:57 [http-nio-8080-exec-6] DEBUG o.s.web.servlet.DispatcherServlet - Completed 200 OK
2025-09-17 16:21:57 [http-nio-8080-exec-9] DEBUG o.s.web.servlet.DispatcherServlet - Completed 200 OK
2025-09-17 16:22:01 [http-nio-8080-exec-2] DEBUG o.s.web.servlet.DispatcherServlet - GET "/static/media/supply-chain-fulfillment.6dc3aaa89826c6c2506e.png", parameters={}
2025-09-17 16:22:01 [http-nio-8080-exec-7] DEBUG o.s.web.servlet.DispatcherServlet - GET "/static/media/supply-chain-planning.e00cda5f9f556d0f2f7b.png", parameters={}
2025-09-17 16:22:01 [http-nio-8080-exec-7] DEBUG o.s.w.s.h.SimpleUrlHandlerMapping - Mapped to ResourceHttpRequestHandler [classpath [META-INF/resources/], classpath [resources/], classpath [static/], classpath [public/], ServletContext [/]]
2025-09-17 16:22:01 [http-nio-8080-exec-2] DEBUG o.s.w.s.h.SimpleUrlHandlerMapping - Mapped to ResourceHttpRequestHandler [classpath [META-INF/resources/], classpath [resources/], classpath [static/], classpath [public/], ServletContext [/]]
2025-09-17 16:22:01 [http-nio-8080-exec-2] DEBUG o.s.web.servlet.DispatcherServlet - Completed 200 OK
2025-09-17 16:22:01 [http-nio-8080-exec-2] DEBUG o.s.web.servlet.DispatcherServlet - GET "/static/media/warehouse-management.0fed6bc421ff6a0d0bb2.png", parameters={}
2025-09-17 16:22:01 [http-nio-8080-exec-2] DEBUG o.s.w.s.h.SimpleUrlHandlerMapping - Mapped to ResourceHttpRequestHandler [classpath [META-INF/resources/], classpath [resources/], classpath [static/], classpath [public/], ServletContext [/]]
2025-09-17 16:22:01 [http-nio-8080-exec-8] DEBUG o.s.web.servlet.DispatcherServlet - GET "/static/media/transportation-management.441e7de72d119d4043ce.png", parameters={}
2025-09-17 16:22:01 [http-nio-8080-exec-4] DEBUG o.s.web.servlet.DispatcherServlet - GET "/static/media/order-management.f7bd9a2446beb26e5bc1.png", parameters={}
2025-09-17 16:22:01 [http-nio-8080-exec-8] DEBUG o.s.w.s.h.SimpleUrlHandlerMapping - Mapped to ResourceHttpRequestHandler [classpath [META-INF/resources/], classpath [resources/], classpath [static/], classpath [public/], ServletContext [/]]
2025-09-17 16:22:01 [http-nio-8080-exec-4] DEBUG o.s.w.s.h.SimpleUrlHandlerMapping - Mapped to ResourceHttpRequestHandler [classpath [META-INF/resources/], classpath [resources/], classpath [static/], classpath [public/], ServletContext [/]]
2025-09-17 16:22:01 [http-nio-8080-exec-7] DEBUG o.s.web.servlet.DispatcherServlet - Completed 200 OK
2025-09-17 16:22:01 [http-nio-8080-exec-4] DEBUG o.s.web.servlet.DispatcherServlet - Completed 200 OK
2025-09-17 16:22:01 [http-nio-8080-exec-2] DEBUG o.s.web.servlet.DispatcherServlet - Completed 200 OK
2025-09-17 16:22:02 [http-nio-8080-exec-3] DEBUG o.s.web.servlet.DispatcherServlet - GET "/static/media/planning-crop.06f3745b530ca71d1357.png", parameters={}
2025-09-17 16:22:02 [http-nio-8080-exec-3] DEBUG o.s.w.s.h.SimpleUrlHandlerMapping - Mapped to ResourceHttpRequestHandler [classpath [META-INF/resources/], classpath [resources/], classpath [static/], classpath [public/], ServletContext [/]]
2025-09-17 16:22:02 [http-nio-8080-exec-3] DEBUG o.s.web.servlet.DispatcherServlet - Completed 200 OK
2025-09-17 16:22:02 [http-nio-8080-exec-8] DEBUG o.s.web.servlet.DispatcherServlet - Completed 200 OK
2025-09-17 16:50:31 [SpringApplicationShutdownHook] INFO  o.s.o.j.LocalContainerEntityManagerFactoryBean - Closing JPA EntityManagerFactory for persistence unit 'default'
2025-09-17 16:50:31 [SpringApplicationShutdownHook] INFO  com.zaxxer.hikari.HikariDataSource - HikariPool-1 - Shutdown initiated...
2025-09-17 16:50:31 [SpringApplicationShutdownHook] INFO  com.zaxxer.hikari.HikariDataSource - HikariPool-1 - Shutdown completed.
2025-09-17 17:20:44 [restartedMain] INFO  c.e.D.DigitalWayfinderApplication - Starting DigitalWayfinderApplication using Java 22.0.2 with PID 24128 (C:\Users\sai.k.nallapati\digital-wayfinder\target\classes started by sai.k.nallapati in C:\Users\sai.k.nallapati\digital-wayfinder)
2025-09-17 17:20:44 [restartedMain] INFO  c.e.D.DigitalWayfinderApplication - No active profile set, falling back to 1 default profile: "default"
2025-09-17 17:20:44 [restartedMain] INFO  o.s.b.d.e.DevToolsPropertyDefaultsPostProcessor - Devtools property defaults active! Set 'spring.devtools.add-properties' to 'false' to disable
2025-09-17 17:20:44 [restartedMain] INFO  o.s.b.d.e.DevToolsPropertyDefaultsPostProcessor - For additional web related logging consider setting the 'logging.level.web' property to 'DEBUG'
2025-09-17 17:20:46 [restartedMain] INFO  o.s.d.r.c.RepositoryConfigurationDelegate - Bootstrapping Spring Data JPA repositories in DEFAULT mode.
2025-09-17 17:20:46 [restartedMain] INFO  o.s.d.r.c.RepositoryConfigurationDelegate - Finished Spring Data repository scanning in 201 ms. Found 29 JPA repository interfaces.
2025-09-17 17:20:47 [restartedMain] INFO  o.s.b.w.e.tomcat.TomcatWebServer - Tomcat initialized with port 8080 (http)
2025-09-17 17:20:47 [restartedMain] INFO  o.a.catalina.core.StandardService - Starting service [Tomcat]
2025-09-17 17:20:47 [restartedMain] INFO  o.a.catalina.core.StandardEngine - Starting Servlet engine: [Apache Tomcat/10.1.20]
2025-09-17 17:20:47 [restartedMain] INFO  o.a.c.c.C.[Tomcat].[localhost].[/] - Initializing Spring embedded WebApplicationContext
2025-09-17 17:20:47 [restartedMain] INFO  o.s.b.w.s.c.ServletWebServerApplicationContext - Root WebApplicationContext: initialization completed in 3351 ms
2025-09-17 17:20:47 [restartedMain] DEBUG o.s.w.f.ServerHttpObservationFilter - Filter 'webMvcObservationFilter' configured for use
2025-09-17 17:20:48 [restartedMain] INFO  o.h.jpa.internal.util.LogHelper - HHH000204: Processing PersistenceUnitInfo [name: default]
2025-09-17 17:20:48 [restartedMain] INFO  org.hibernate.Version - HHH000412: Hibernate ORM core version 6.4.4.Final
2025-09-17 17:20:48 [restartedMain] INFO  o.h.c.i.RegionFactoryInitiator - HHH000026: Second-level cache disabled
2025-09-17 17:20:48 [restartedMain] INFO  o.s.o.j.p.SpringPersistenceUnitInfo - No LoadTimeWeaver setup: ignoring JPA class transformer
2025-09-17 17:20:48 [restartedMain] INFO  com.zaxxer.hikari.HikariDataSource - HikariPool-1 - Starting...
2025-09-17 17:20:50 [restartedMain] INFO  com.zaxxer.hikari.pool.HikariPool - HikariPool-1 - Added connection ConnectionID:1 ClientConnectionId: 3c270f10-0547-4fa3-a2a5-cee1770380a6
2025-09-17 17:20:51 [restartedMain] INFO  com.zaxxer.hikari.HikariDataSource - HikariPool-1 - Start completed.
2025-09-17 17:20:51 [restartedMain] WARN  org.hibernate.orm.deprecation - HHH90000025: SQLServerDialect does not need to be specified explicitly using 'hibernate.dialect' (remove the property setting and it will be selected by default)
2025-09-17 17:20:54 [restartedMain] INFO  o.h.e.t.j.p.i.JtaPlatformInitiator - HHH000489: No JTA platform available (set 'hibernate.transaction.jta.platform' to enable JTA platform integration)
2025-09-17 17:20:54 [restartedMain] INFO  o.s.o.j.LocalContainerEntityManagerFactoryBean - Initialized JPA EntityManagerFactory for persistence unit 'default'
2025-09-17 17:20:55 [restartedMain] INFO  o.s.d.j.r.query.QueryEnhancerFactory - Hibernate is in classpath; If applicable, HQL parser will be used.
2025-09-17 17:20:57 [restartedMain] WARN  o.s.b.a.o.j.JpaBaseConfiguration$JpaWebConfiguration - spring.jpa.open-in-view is enabled by default. Therefore, database queries may be performed during view rendering. Explicitly configure spring.jpa.open-in-view to disable this warning
2025-09-17 17:20:57 [restartedMain] INFO  o.s.b.a.w.s.WelcomePageHandlerMapping - Adding welcome page: class path resource [static/index.html]
2025-09-17 17:20:57 [restartedMain] DEBUG o.s.w.s.m.m.a.RequestMappingHandlerMapping - 66 mappings in 'requestMappingHandlerMapping'
2025-09-17 17:20:58 [restartedMain] DEBUG o.s.w.s.h.SimpleUrlHandlerMapping - Patterns [/webjars/**, /**, /swagger-ui*/*swagger-initializer.js, /swagger-ui*/**] in 'resourceHandlerMapping'
2025-09-17 17:20:58 [restartedMain] DEBUG o.s.w.s.m.m.a.RequestMappingHandlerAdapter - ControllerAdvice beans: 1 @ModelAttribute, 0 @InitBinder, 1 RequestBodyAdvice, 1 ResponseBodyAdvice
2025-09-17 17:20:58 [restartedMain] DEBUG o.s.w.s.m.m.a.ExceptionHandlerExceptionResolver - ControllerAdvice beans: 2 @ExceptionHandler, 1 ResponseBodyAdvice
2025-09-17 17:20:58 [restartedMain] INFO  o.s.b.d.a.OptionalLiveReloadServer - LiveReload server is running on port 35729
2025-09-17 17:20:59 [restartedMain] INFO  o.s.b.a.e.web.EndpointLinksResolver - Exposing 3 endpoint(s) beneath base path '/actuator'
2025-09-17 17:20:59 [restartedMain] INFO  o.s.b.w.e.tomcat.TomcatWebServer - Tomcat started on port 8080 (http) with context path ''
2025-09-17 17:20:59 [restartedMain] INFO  c.e.D.DigitalWayfinderApplication - Started DigitalWayfinderApplication in 15.741 seconds (process running for 16.675)
2025-09-17 17:21:43 [http-nio-8080-exec-1] INFO  o.a.c.c.C.[Tomcat].[localhost].[/] - Initializing Spring DispatcherServlet 'dispatcherServlet'
2025-09-17 17:21:43 [http-nio-8080-exec-1] INFO  o.s.web.servlet.DispatcherServlet - Initializing Servlet 'dispatcherServlet'
2025-09-17 17:21:43 [http-nio-8080-exec-1] DEBUG o.s.web.servlet.DispatcherServlet - Detected StandardServletMultipartResolver
2025-09-17 17:21:43 [http-nio-8080-exec-1] DEBUG o.s.web.servlet.DispatcherServlet - Detected AcceptHeaderLocaleResolver
2025-09-17 17:21:43 [http-nio-8080-exec-1] DEBUG o.s.web.servlet.DispatcherServlet - Detected FixedThemeResolver
2025-09-17 17:21:43 [http-nio-8080-exec-1] DEBUG o.s.web.servlet.DispatcherServlet - Detected org.springframework.web.servlet.view.DefaultRequestToViewNameTranslator@35ce61a
2025-09-17 17:21:43 [http-nio-8080-exec-1] DEBUG o.s.web.servlet.DispatcherServlet - Detected org.springframework.web.servlet.support.SessionFlashMapManager@3dd83410
2025-09-17 17:21:43 [http-nio-8080-exec-1] DEBUG o.s.web.servlet.DispatcherServlet - enableLoggingRequestDetails='false': request parameters and headers will be masked to prevent unsafe logging of potentially sensitive data
2025-09-17 17:21:43 [http-nio-8080-exec-1] INFO  o.s.web.servlet.DispatcherServlet - Completed initialization in 4 ms
2025-09-17 17:21:43 [http-nio-8080-exec-1] DEBUG o.s.web.servlet.DispatcherServlet - GET "/api/digital-wayfinder/questionnaire/debug/tms-records?userId=USER-255FF624&sessionId=617C87365F7D8DF062FCF7F261997A3D", parameters={masked}
2025-09-17 17:21:43 [http-nio-8080-exec-1] DEBUG o.s.w.s.m.m.a.RequestMappingHandlerMapping - Mapped to com.example.DigitalWayfinder.controller.PlatformAnalysisController#debugTmsRecords(UserSession)
2025-09-17 17:21:43 [http-nio-8080-exec-1] INFO  c.e.D.config.SessionAdvice - Generated anonymous user ID: USER-E0C3EDC6 for session: 468A3E18CCA0A34E16A2F60657A954EB
2025-09-17 17:21:43 [http-nio-8080-exec-1] INFO  c.e.D.c.PlatformAnalysisController - DEBUG: Fetching all TMS records for user: USER-255FF624, session: 617C87365F7D8DF062FCF7F261997A3D
2025-09-17 17:21:44 [http-nio-8080-exec-1] DEBUG org.hibernate.SQL - 
    select
        tr1_0.ID,
        tr1_0.[Asset Name],
        tr1_0.Category,
        tr1_0.Gaps,
        tr1_0.L2,
        tr1_0.SessionID,
        tr1_0.UserID 
    from
        vw_Fnl_FunctionScore_TMS tr1_0 
    where
        (
            tr1_0.UserID=? 
            or tr1_0.UserID is null
        ) 
        and (
            tr1_0.SessionID=? 
            or tr1_0.SessionID is null
        )
2025-09-17 17:21:44 [http-nio-8080-exec-1] DEBUG o.s.w.s.m.m.a.HttpEntityMethodProcessor - Using 'application/json', given [*/*] and supported [application/json, application/*+json]
2025-09-17 17:21:44 [http-nio-8080-exec-1] DEBUG o.s.w.s.m.m.a.HttpEntityMethodProcessor - Writing [{allRecords=[{assetName=Assistant: Chatbot Transportation Assistant, sessionId=617C87365F7D8DF062FCF (truncated)...]
2025-09-17 17:21:44 [http-nio-8080-exec-1] DEBUG o.s.web.servlet.DispatcherServlet - Completed 200 OK
2025-09-17 18:42:23 [http-nio-8080-exec-4] DEBUG o.s.web.servlet.DispatcherServlet - GET "/api/decision-tree/project-info/get", parameters={}
2025-09-17 18:42:23 [http-nio-8080-exec-4] DEBUG o.s.w.s.h.SimpleUrlHandlerMapping - Mapped to ResourceHttpRequestHandler [classpath [META-INF/resources/], classpath [resources/], classpath [static/], classpath [public/], ServletContext [/]]
2025-09-17 18:42:23 [http-nio-8080-exec-4] DEBUG o.s.w.s.r.ResourceHttpRequestHandler - Resource not found
2025-09-17 18:42:23 [http-nio-8080-exec-4] DEBUG o.s.w.s.m.m.a.ExceptionHandlerExceptionResolver - Using @ExceptionHandler com.example.DigitalWayfinder.exception.GlobalExceptionHandler#handleGenericException(Exception)
2025-09-17 18:42:23 [http-nio-8080-exec-4] ERROR c.e.D.e.GlobalExceptionHandler - Unexpected exception occurred: No static resource api/decision-tree/project-info/get.
org.springframework.web.servlet.resource.NoResourceFoundException: No static resource api/decision-tree/project-info/get.
	at org.springframework.web.servlet.resource.ResourceHttpRequestHandler.handleRequest(ResourceHttpRequestHandler.java:585)
	at org.springframework.web.servlet.mvc.HttpRequestHandlerAdapter.handle(HttpRequestHandlerAdapter.java:52)
	at org.springframework.web.servlet.DispatcherServlet.doDispatch(DispatcherServlet.java:1089)
	at org.springframework.web.servlet.DispatcherServlet.doService(DispatcherServlet.java:979)
	at org.springframework.web.servlet.FrameworkServlet.processRequest(FrameworkServlet.java:1014)
	at org.springframework.web.servlet.FrameworkServlet.doGet(FrameworkServlet.java:903)
	at jakarta.servlet.http.HttpServlet.service(HttpServlet.java:564)
	at org.springframework.web.servlet.FrameworkServlet.service(FrameworkServlet.java:885)
	at jakarta.servlet.http.HttpServlet.service(HttpServlet.java:658)
	at org.apache.catalina.core.ApplicationFilterChain.internalDoFilter(ApplicationFilterChain.java:206)
	at org.apache.catalina.core.ApplicationFilterChain.doFilter(ApplicationFilterChain.java:150)
	at org.apache.tomcat.websocket.server.WsFilter.doFilter(WsFilter.java:51)
	at org.apache.catalina.core.ApplicationFilterChain.internalDoFilter(ApplicationFilterChain.java:175)
	at org.apache.catalina.core.ApplicationFilterChain.doFilter(ApplicationFilterChain.java:150)
	at org.springframework.web.filter.RequestContextFilter.doFilterInternal(RequestContextFilter.java:100)
	at org.springframework.web.filter.OncePerRequestFilter.doFilter(OncePerRequestFilter.java:116)
	at org.apache.catalina.core.ApplicationFilterChain.internalDoFilter(ApplicationFilterChain.java:175)
	at org.apache.catalina.core.ApplicationFilterChain.doFilter(ApplicationFilterChain.java:150)
	at org.springframework.web.filter.FormContentFilter.doFilterInternal(FormContentFilter.java:93)
	at org.springframework.web.filter.OncePerRequestFilter.doFilter(OncePerRequestFilter.java:116)
	at org.apache.catalina.core.ApplicationFilterChain.internalDoFilter(ApplicationFilterChain.java:175)
	at org.apache.catalina.core.ApplicationFilterChain.doFilter(ApplicationFilterChain.java:150)
	at org.springframework.web.filter.ServerHttpObservationFilter.doFilterInternal(ServerHttpObservationFilter.java:109)
	at org.springframework.web.filter.OncePerRequestFilter.doFilter(OncePerRequestFilter.java:116)
	at org.apache.catalina.core.ApplicationFilterChain.internalDoFilter(ApplicationFilterChain.java:175)
	at org.apache.catalina.core.ApplicationFilterChain.doFilter(ApplicationFilterChain.java:150)
	at org.springframework.web.filter.CharacterEncodingFilter.doFilterInternal(CharacterEncodingFilter.java:201)
	at org.springframework.web.filter.OncePerRequestFilter.doFilter(OncePerRequestFilter.java:116)
	at org.apache.catalina.core.ApplicationFilterChain.internalDoFilter(ApplicationFilterChain.java:175)
	at org.apache.catalina.core.ApplicationFilterChain.doFilter(ApplicationFilterChain.java:150)
	at org.apache.catalina.core.StandardWrapperValve.invoke(StandardWrapperValve.java:167)
	at org.apache.catalina.core.StandardContextValve.invoke(StandardContextValve.java:90)
	at org.apache.catalina.authenticator.AuthenticatorBase.invoke(AuthenticatorBase.java:482)
	at org.apache.catalina.core.StandardHostValve.invoke(StandardHostValve.java:115)
	at org.apache.catalina.valves.ErrorReportValve.invoke(ErrorReportValve.java:93)
	at org.apache.catalina.core.StandardEngineValve.invoke(StandardEngineValve.java:74)
	at org.apache.catalina.connector.CoyoteAdapter.service(CoyoteAdapter.java:344)
	at org.apache.coyote.http11.Http11Processor.service(Http11Processor.java:391)
	at org.apache.coyote.AbstractProcessorLight.process(AbstractProcessorLight.java:63)
	at org.apache.coyote.AbstractProtocol$ConnectionHandler.process(AbstractProtocol.java:896)
	at org.apache.tomcat.util.net.NioEndpoint$SocketProcessor.doRun(NioEndpoint.java:1736)
	at org.apache.tomcat.util.net.SocketProcessorBase.run(SocketProcessorBase.java:52)
	at org.apache.tomcat.util.threads.ThreadPoolExecutor.runWorker(ThreadPoolExecutor.java:1191)
	at org.apache.tomcat.util.threads.ThreadPoolExecutor$Worker.run(ThreadPoolExecutor.java:659)
	at org.apache.tomcat.util.threads.TaskThread$WrappingRunnable.run(TaskThread.java:63)
	at java.base/java.lang.Thread.run(Thread.java:1570)
2025-09-17 18:42:23 [http-nio-8080-exec-4] DEBUG o.s.w.s.m.m.a.HttpEntityMethodProcessor - Using 'text/plain', given [*/*] and supported [text/plain, */*, application/json, application/*+json]
2025-09-17 18:42:23 [http-nio-8080-exec-4] DEBUG o.s.w.s.m.m.a.HttpEntityMethodProcessor - Writing ["An unexpected error occurred"]
2025-09-17 18:42:23 [http-nio-8080-exec-4] WARN  o.s.w.s.m.m.a.ExceptionHandlerExceptionResolver - Resolved [org.springframework.web.servlet.resource.NoResourceFoundException: No static resource api/decision-tree/project-info/get.]
2025-09-17 18:42:23 [http-nio-8080-exec-4] DEBUG o.s.web.servlet.DispatcherServlet - Completed 500 INTERNAL_SERVER_ERROR
2025-09-17 18:42:23 [http-nio-8080-exec-6] DEBUG o.s.web.servlet.DispatcherServlet - GET "/static/media/dashboard.fc64719693ae8c17e7c5.png", parameters={}
2025-09-17 18:42:23 [http-nio-8080-exec-6] DEBUG o.s.w.s.h.SimpleUrlHandlerMapping - Mapped to ResourceHttpRequestHandler [classpath [META-INF/resources/], classpath [resources/], classpath [static/], classpath [public/], ServletContext [/]]
2025-09-17 18:42:23 [http-nio-8080-exec-6] DEBUG o.s.web.servlet.DispatcherServlet - Completed 200 OK
2025-09-17 18:42:28 [http-nio-8080-exec-5] DEBUG o.s.web.servlet.DispatcherServlet - POST "/api/decision-tree/project-info/save", parameters={}
2025-09-17 18:42:28 [http-nio-8080-exec-5] DEBUG o.s.w.s.m.m.a.RequestMappingHandlerMapping - Mapped to com.example.DigitalWayfinder.controller.ProjectInfoController#saveProjectInfo(ProjectInfoRequest, UserSession)
2025-09-17 18:42:28 [http-nio-8080-exec-5] INFO  c.e.D.config.SessionAdvice - Generated anonymous user ID: USER-7EC8E435 for session: 7767684EE41898214A827ACEA511794B
2025-09-17 18:42:28 [http-nio-8080-exec-5] DEBUG o.s.w.s.m.m.a.RequestResponseBodyMethodProcessor - Read "application/json;charset=UTF-8" to [ProjectInfoRequest(projectType=internal, requestID=13412, clientName=rqwerw, clientDescription=, pro (truncated)...]
2025-09-17 18:42:28 [http-nio-8080-exec-5] INFO  c.e.D.c.ProjectInfoController - Received request to save project info: 13412 for user: USER-7EC8E435 in session: 7767684EE41898214A827ACEA511794B
2025-09-17 18:42:29 [http-nio-8080-exec-5] INFO  c.e.D.service.ProjectInfoService - Processing project info for request ID: 13412 by user: USER-7EC8E435 in session: 7767684EE41898214A827ACEA511794B
2025-09-17 18:42:29 [http-nio-8080-exec-5] DEBUG org.hibernate.SQL - 
    select
        pt1_0.id,
        pt1_0.ClientDescription,
        pt1_0.ClientName,
        pt1_0.CreatedDate,
        pt1_0.ProjectScope,
        pt1_0.ProjectType,
        pt1_0.RequestID,
        pt1_0.SessionID,
        pt1_0.UserID 
    from
        ProjectType pt1_0 
    where
        pt1_0.UserID=? 
        and pt1_0.SessionID=?
2025-09-17 18:42:29 [http-nio-8080-exec-5] INFO  c.e.D.service.ProjectInfoService - Creating new project record
2025-09-17 18:42:29 [http-nio-8080-exec-5] DEBUG org.hibernate.SQL - 
    insert 
    into
        ProjectType
        (ClientDescription, ClientName, CreatedDate, ProjectScope, ProjectType, RequestID, SessionID, UserID) 
    values
        (?, ?, ?, ?, ?, ?, ?, ?)
2025-09-17 18:42:29 [http-nio-8080-exec-5] INFO  c.e.D.service.ProjectInfoService - Project information saved successfully with ID: 225
2025-09-17 18:42:30 [http-nio-8080-exec-5] DEBUG o.s.w.s.m.m.a.HttpEntityMethodProcessor - Using 'application/json', given [*/*] and supported [application/json, application/*+json]
2025-09-17 18:42:30 [http-nio-8080-exec-5] DEBUG o.s.w.s.m.m.a.HttpEntityMethodProcessor - Writing [ProjectInfoResponse(id=225, userID=USER-7EC8E435, projectType=internal, requestID=13412, clientName= (truncated)...]
2025-09-17 18:42:30 [http-nio-8080-exec-5] DEBUG o.s.web.servlet.DispatcherServlet - Completed 201 CREATED
2025-09-17 18:42:30 [http-nio-8080-exec-7] DEBUG o.s.web.servlet.DispatcherServlet - GET "/static/media/dashboard.fc64719693ae8c17e7c5.png", parameters={}
2025-09-17 18:42:30 [http-nio-8080-exec-7] DEBUG o.s.w.s.h.SimpleUrlHandlerMapping - Mapped to ResourceHttpRequestHandler [classpath [META-INF/resources/], classpath [resources/], classpath [static/], classpath [public/], ServletContext [/]]
2025-09-17 18:42:30 [http-nio-8080-exec-8] DEBUG o.s.web.servlet.DispatcherServlet - GET "/static/media/supply-chain-planning.e00cda5f9f556d0f2f7b.png", parameters={}
2025-09-17 18:42:30 [http-nio-8080-exec-9] DEBUG o.s.web.servlet.DispatcherServlet - GET "/static/media/supply-chain-fulfillment.6dc3aaa89826c6c2506e.png", parameters={}
2025-09-17 18:42:30 [http-nio-8080-exec-8] DEBUG o.s.w.s.h.SimpleUrlHandlerMapping - Mapped to ResourceHttpRequestHandler [classpath [META-INF/resources/], classpath [resources/], classpath [static/], classpath [public/], ServletContext [/]]
2025-09-17 18:42:30 [http-nio-8080-exec-7] DEBUG o.s.web.servlet.DispatcherServlet - Completed 200 OK
2025-09-17 18:42:30 [http-nio-8080-exec-9] DEBUG o.s.w.s.h.SimpleUrlHandlerMapping - Mapped to ResourceHttpRequestHandler [classpath [META-INF/resources/], classpath [resources/], classpath [static/], classpath [public/], ServletContext [/]]
2025-09-17 18:42:30 [http-nio-8080-exec-7] DEBUG o.s.web.servlet.DispatcherServlet - GET "/api/decision-tree/functional-area/get", parameters={}
2025-09-17 18:42:30 [http-nio-8080-exec-7] DEBUG o.s.w.s.h.SimpleUrlHandlerMapping - Mapped to ResourceHttpRequestHandler [classpath [META-INF/resources/], classpath [resources/], classpath [static/], classpath [public/], ServletContext [/]]
2025-09-17 18:42:30 [http-nio-8080-exec-9] DEBUG o.s.web.servlet.DispatcherServlet - Completed 200 OK
2025-09-17 18:42:30 [http-nio-8080-exec-7] DEBUG o.s.w.s.r.ResourceHttpRequestHandler - Resource not found
2025-09-17 18:42:30 [http-nio-8080-exec-7] DEBUG o.s.w.s.m.m.a.ExceptionHandlerExceptionResolver - Using @ExceptionHandler com.example.DigitalWayfinder.exception.GlobalExceptionHandler#handleGenericException(Exception)
2025-09-17 18:42:30 [http-nio-8080-exec-7] ERROR c.e.D.e.GlobalExceptionHandler - Unexpected exception occurred: No static resource api/decision-tree/functional-area/get.
org.springframework.web.servlet.resource.NoResourceFoundException: No static resource api/decision-tree/functional-area/get.
	at org.springframework.web.servlet.resource.ResourceHttpRequestHandler.handleRequest(ResourceHttpRequestHandler.java:585)
	at org.springframework.web.servlet.mvc.HttpRequestHandlerAdapter.handle(HttpRequestHandlerAdapter.java:52)
	at org.springframework.web.servlet.DispatcherServlet.doDispatch(DispatcherServlet.java:1089)
	at org.springframework.web.servlet.DispatcherServlet.doService(DispatcherServlet.java:979)
	at org.springframework.web.servlet.FrameworkServlet.processRequest(FrameworkServlet.java:1014)
	at org.springframework.web.servlet.FrameworkServlet.doGet(FrameworkServlet.java:903)
	at jakarta.servlet.http.HttpServlet.service(HttpServlet.java:564)
	at org.springframework.web.servlet.FrameworkServlet.service(FrameworkServlet.java:885)
	at jakarta.servlet.http.HttpServlet.service(HttpServlet.java:658)
	at org.apache.catalina.core.ApplicationFilterChain.internalDoFilter(ApplicationFilterChain.java:206)
	at org.apache.catalina.core.ApplicationFilterChain.doFilter(ApplicationFilterChain.java:150)
	at org.apache.tomcat.websocket.server.WsFilter.doFilter(WsFilter.java:51)
	at org.apache.catalina.core.ApplicationFilterChain.internalDoFilter(ApplicationFilterChain.java:175)
	at org.apache.catalina.core.ApplicationFilterChain.doFilter(ApplicationFilterChain.java:150)
	at org.springframework.web.filter.RequestContextFilter.doFilterInternal(RequestContextFilter.java:100)
	at org.springframework.web.filter.OncePerRequestFilter.doFilter(OncePerRequestFilter.java:116)
	at org.apache.catalina.core.ApplicationFilterChain.internalDoFilter(ApplicationFilterChain.java:175)
	at org.apache.catalina.core.ApplicationFilterChain.doFilter(ApplicationFilterChain.java:150)
	at org.springframework.web.filter.FormContentFilter.doFilterInternal(FormContentFilter.java:93)
	at org.springframework.web.filter.OncePerRequestFilter.doFilter(OncePerRequestFilter.java:116)
	at org.apache.catalina.core.ApplicationFilterChain.internalDoFilter(ApplicationFilterChain.java:175)
	at org.apache.catalina.core.ApplicationFilterChain.doFilter(ApplicationFilterChain.java:150)
	at org.springframework.web.filter.ServerHttpObservationFilter.doFilterInternal(ServerHttpObservationFilter.java:109)
	at org.springframework.web.filter.OncePerRequestFilter.doFilter(OncePerRequestFilter.java:116)
	at org.apache.catalina.core.ApplicationFilterChain.internalDoFilter(ApplicationFilterChain.java:175)
	at org.apache.catalina.core.ApplicationFilterChain.doFilter(ApplicationFilterChain.java:150)
	at org.springframework.web.filter.CharacterEncodingFilter.doFilterInternal(CharacterEncodingFilter.java:201)
	at org.springframework.web.filter.OncePerRequestFilter.doFilter(OncePerRequestFilter.java:116)
	at org.apache.catalina.core.ApplicationFilterChain.internalDoFilter(ApplicationFilterChain.java:175)
	at org.apache.catalina.core.ApplicationFilterChain.doFilter(ApplicationFilterChain.java:150)
	at org.apache.catalina.core.StandardWrapperValve.invoke(StandardWrapperValve.java:167)
	at org.apache.catalina.core.StandardContextValve.invoke(StandardContextValve.java:90)
	at org.apache.catalina.authenticator.AuthenticatorBase.invoke(AuthenticatorBase.java:482)
	at org.apache.catalina.core.StandardHostValve.invoke(StandardHostValve.java:115)
	at org.apache.catalina.valves.ErrorReportValve.invoke(ErrorReportValve.java:93)
	at org.apache.catalina.core.StandardEngineValve.invoke(StandardEngineValve.java:74)
	at org.apache.catalina.connector.CoyoteAdapter.service(CoyoteAdapter.java:344)
	at org.apache.coyote.http11.Http11Processor.service(Http11Processor.java:391)
	at org.apache.coyote.AbstractProcessorLight.process(AbstractProcessorLight.java:63)
	at org.apache.coyote.AbstractProtocol$ConnectionHandler.process(AbstractProtocol.java:896)
	at org.apache.tomcat.util.net.NioEndpoint$SocketProcessor.doRun(NioEndpoint.java:1736)
	at org.apache.tomcat.util.net.SocketProcessorBase.run(SocketProcessorBase.java:52)
	at org.apache.tomcat.util.threads.ThreadPoolExecutor.runWorker(ThreadPoolExecutor.java:1191)
	at org.apache.tomcat.util.threads.ThreadPoolExecutor$Worker.run(ThreadPoolExecutor.java:659)
	at org.apache.tomcat.util.threads.TaskThread$WrappingRunnable.run(TaskThread.java:63)
	at java.base/java.lang.Thread.run(Thread.java:1570)
2025-09-17 18:42:30 [http-nio-8080-exec-7] DEBUG o.s.w.s.m.m.a.HttpEntityMethodProcessor - Using 'text/plain', given [*/*] and supported [text/plain, */*, application/json, application/*+json]
2025-09-17 18:42:30 [http-nio-8080-exec-7] DEBUG o.s.w.s.m.m.a.HttpEntityMethodProcessor - Writing ["An unexpected error occurred"]
2025-09-17 18:42:30 [http-nio-8080-exec-7] WARN  o.s.w.s.m.m.a.ExceptionHandlerExceptionResolver - Resolved [org.springframework.web.servlet.resource.NoResourceFoundException: No static resource api/decision-tree/functional-area/get.]
2025-09-17 18:42:30 [http-nio-8080-exec-7] DEBUG o.s.web.servlet.DispatcherServlet - Completed 500 INTERNAL_SERVER_ERROR
2025-09-17 18:42:30 [http-nio-8080-exec-8] DEBUG o.s.web.servlet.DispatcherServlet - Completed 200 OK
2025-09-17 18:42:34 [http-nio-8080-exec-10] DEBUG o.s.web.servlet.DispatcherServlet - POST "/api/decision-tree/functional-area/save", parameters={}
2025-09-17 18:42:34 [http-nio-8080-exec-10] DEBUG o.s.w.s.m.m.a.RequestMappingHandlerMapping - Mapped to com.example.DigitalWayfinder.controller.FunctionalAreaDTController#saveFunctionalArea(FunctionalAreaRequest, UserSession)
2025-09-17 18:42:34 [http-nio-8080-exec-10] DEBUG o.s.w.s.m.m.a.RequestResponseBodyMethodProcessor - Read "application/json;charset=UTF-8" to [FunctionalAreaRequest(functionalArea=supply-chain-fulfillment)]
2025-09-17 18:42:34 [http-nio-8080-exec-10] INFO  c.e.D.c.FunctionalAreaDTController - Saving functional area 'supply-chain-fulfillment' for userId: USER-7EC8E435, sessionId: 7767684EE41898214A827ACEA511794B
2025-09-17 18:42:34 [http-nio-8080-exec-10] DEBUG org.hibernate.SQL - 
    select
        fad1_0.id,
        fad1_0.FunctionalArea,
        fad1_0.FunctionalSubArea,
        fad1_0.IndustryType,
        fad1_0.SessionID,
        fad1_0.UserID 
    from
        UserFunctionalArea fad1_0 
    where
        fad1_0.UserID=? 
        and fad1_0.SessionID=?
2025-09-17 18:42:35 [http-nio-8080-exec-10] DEBUG org.hibernate.SQL - 
    insert 
    into
        UserFunctionalArea
        (FunctionalArea, FunctionalSubArea, IndustryType, SessionID, UserID) 
    values
        (?, ?, ?, ?, ?)
2025-09-17 18:42:35 [http-nio-8080-exec-10] INFO  c.e.D.s.FunctionalAreaDTService - Saved new functionalArea for userId: USER-7EC8E435, sessionId: 7767684EE41898214A827ACEA511794B
2025-09-17 18:42:35 [http-nio-8080-exec-10] DEBUG o.s.w.s.m.m.a.HttpEntityMethodProcessor - Using 'application/json', given [*/*] and supported [application/json, application/*+json]
2025-09-17 18:42:35 [http-nio-8080-exec-10] DEBUG o.s.w.s.m.m.a.HttpEntityMethodProcessor - Writing [FunctionalAreaResponse(id=153, userId=USER-7EC8E435, sessionId=7767684EE41898214A827ACEA511794B, fun (truncated)...]
2025-09-17 18:42:35 [http-nio-8080-exec-10] DEBUG o.s.web.servlet.DispatcherServlet - Completed 200 OK
2025-09-17 18:42:35 [http-nio-8080-exec-2] DEBUG o.s.web.servlet.DispatcherServlet - GET "/static/media/dashboard.fc64719693ae8c17e7c5.png", parameters={}
2025-09-17 18:42:35 [http-nio-8080-exec-2] DEBUG o.s.w.s.h.SimpleUrlHandlerMapping - Mapped to ResourceHttpRequestHandler [classpath [META-INF/resources/], classpath [resources/], classpath [static/], classpath [public/], ServletContext [/]]
2025-09-17 18:42:35 [http-nio-8080-exec-2] DEBUG o.s.web.servlet.DispatcherServlet - Completed 200 OK
2025-09-17 18:42:35 [http-nio-8080-exec-1] DEBUG o.s.web.servlet.DispatcherServlet - GET "/static/media/warehouse-management.0fed6bc421ff6a0d0bb2.png", parameters={}
2025-09-17 18:42:35 [http-nio-8080-exec-3] DEBUG o.s.web.servlet.DispatcherServlet - GET "/static/media/transportation-management.441e7de72d119d4043ce.png", parameters={}
2025-09-17 18:42:35 [http-nio-8080-exec-4] DEBUG o.s.web.servlet.DispatcherServlet - GET "/static/media/order-management.f7bd9a2446beb26e5bc1.png", parameters={}
2025-09-17 18:42:35 [http-nio-8080-exec-3] DEBUG o.s.w.s.h.SimpleUrlHandlerMapping - Mapped to ResourceHttpRequestHandler [classpath [META-INF/resources/], classpath [resources/], classpath [static/], classpath [public/], ServletContext [/]]
2025-09-17 18:42:35 [http-nio-8080-exec-1] DEBUG o.s.w.s.h.SimpleUrlHandlerMapping - Mapped to ResourceHttpRequestHandler [classpath [META-INF/resources/], classpath [resources/], classpath [static/], classpath [public/], ServletContext [/]]
2025-09-17 18:42:35 [http-nio-8080-exec-4] DEBUG o.s.w.s.h.SimpleUrlHandlerMapping - Mapped to ResourceHttpRequestHandler [classpath [META-INF/resources/], classpath [resources/], classpath [static/], classpath [public/], ServletContext [/]]
2025-09-17 18:42:35 [http-nio-8080-exec-4] DEBUG o.s.web.servlet.DispatcherServlet - Completed 200 OK
2025-09-17 18:42:35 [http-nio-8080-exec-1] DEBUG o.s.web.servlet.DispatcherServlet - Completed 200 OK
2025-09-17 18:42:36 [http-nio-8080-exec-3] DEBUG o.s.web.servlet.DispatcherServlet - Completed 200 OK
2025-09-17 18:42:39 [http-nio-8080-exec-6] DEBUG o.s.web.servlet.DispatcherServlet - POST "/api/decision-tree/industry-type/supply-chain-planning/save", parameters={}
2025-09-17 18:42:39 [http-nio-8080-exec-6] DEBUG o.s.w.s.m.m.a.RequestMappingHandlerMapping - Mapped to com.example.DigitalWayfinder.controller.IndustryTypeDTController#saveIndustryType(IndustryTypeRequestDTO, UserSession)
2025-09-17 18:42:39 [http-nio-8080-exec-6] DEBUG o.s.w.s.m.m.a.RequestResponseBodyMethodProcessor - Read "application/json;charset=UTF-8" to [IndustryTypeRequestDTO(industryType=warehouse-management)]
2025-09-17 18:42:39 [http-nio-8080-exec-6] INFO  c.e.D.c.IndustryTypeDTController - Received request to save industry type: warehouse-management for user: USER-7EC8E435 in session: 7767684EE41898214A827ACEA511794B
2025-09-17 18:42:39 [http-nio-8080-exec-6] INFO  c.e.D.service.IndustryTypeDTService - Processing industry type: warehouse-management for user: USER-7EC8E435 in session: 7767684EE41898214A827ACEA511794B
2025-09-17 18:42:39 [http-nio-8080-exec-6] DEBUG org.hibernate.SQL - 
    select
        fad1_0.id,
        fad1_0.FunctionalArea,
        fad1_0.FunctionalSubArea,
        fad1_0.IndustryType,
        fad1_0.SessionID,
        fad1_0.UserID 
    from
        UserFunctionalArea fad1_0 
    where
        fad1_0.UserID=? 
        and fad1_0.SessionID=?
2025-09-17 18:42:40 [http-nio-8080-exec-6] INFO  c.e.D.service.IndustryTypeDTService - Updating industry type for existing functional area: supply-chain-fulfillment for user: USER-7EC8E435 in session: 7767684EE41898214A827ACEA511794B
2025-09-17 18:42:40 [http-nio-8080-exec-6] INFO  c.e.D.service.IndustryTypeDTService - Updating existing functional area ID: 153 with industry type: warehouse-management
2025-09-17 18:42:40 [http-nio-8080-exec-6] INFO  c.e.D.service.IndustryTypeDTService - Setting industry type for the first time for functional area ID: 153
2025-09-17 18:42:40 [http-nio-8080-exec-6] INFO  c.e.D.service.IndustryTypeDTService - Successfully updated functional area ID: 153 with industry type: warehouse-management
2025-09-17 18:42:40 [http-nio-8080-exec-6] DEBUG org.hibernate.SQL - 
    update
        UserFunctionalArea 
    set
        FunctionalArea=?,
        FunctionalSubArea=?,
        IndustryType=?,
        SessionID=?,
        UserID=? 
    where
        id=?
2025-09-17 18:42:41 [http-nio-8080-exec-6] DEBUG o.s.w.s.m.m.a.HttpEntityMethodProcessor - Using 'application/json', given [*/*] and supported [application/json, application/*+json]
2025-09-17 18:42:41 [http-nio-8080-exec-6] DEBUG o.s.w.s.m.m.a.HttpEntityMethodProcessor - Writing [IndustryTypeResponseDTO(id=153, userId=USER-7EC8E435, sessionId=7767684EE41898214A827ACEA511794B, fu (truncated)...]
2025-09-17 18:42:41 [http-nio-8080-exec-6] DEBUG o.s.web.servlet.DispatcherServlet - Completed 200 OK
2025-09-17 18:42:41 [http-nio-8080-exec-5] DEBUG o.s.web.servlet.DispatcherServlet - GET "/api/decision-tree/functional-scope/wms/all", parameters={}
2025-09-17 18:42:41 [http-nio-8080-exec-5] DEBUG o.s.w.s.m.m.a.RequestMappingHandlerMapping - Mapped to com.example.DigitalWayfinder.controller.FunctionalScopeController#getAllFunctionalScopesWMS()
2025-09-17 18:42:41 [http-nio-8080-exec-5] INFO  c.e.D.c.FunctionalScopeController - Received request to fetch all functional scopes
2025-09-17 18:42:41 [http-nio-8080-exec-5] INFO  c.e.D.service.FunctionalScopeService - Fetching all functional scope levels
2025-09-17 18:42:41 [http-nio-8080-exec-5] DEBUG org.hibernate.SQL - 
    SELECT
        L1,
        L2,
        L3,
        L4 
    FROM
        WMS_Functional
2025-09-17 18:42:43 [http-nio-8080-exec-5] INFO  c.e.D.service.FunctionalScopeService - Successfully fetched 240 functional scope records
2025-09-17 18:42:43 [http-nio-8080-exec-5] INFO  c.e.D.c.FunctionalScopeController - Successfully returning 240 functional scope records
2025-09-17 18:42:43 [http-nio-8080-exec-5] DEBUG o.s.w.s.m.m.a.HttpEntityMethodProcessor - Using 'application/json', given [*/*] and supported [application/json, application/*+json]
2025-09-17 18:42:43 [http-nio-8080-exec-5] DEBUG o.s.w.s.m.m.a.HttpEntityMethodProcessor - Writing [[FunctionalScopeDto(l1=Yard Operations, l2=Yard Management, l3=Manage dock scheduling, l4=Ability to (truncated)...]
2025-09-17 18:42:43 [http-nio-8080-exec-5] DEBUG o.s.web.servlet.DispatcherServlet - Completed 200 OK
2025-09-17 18:42:48 [http-nio-8080-exec-9] DEBUG o.s.web.servlet.DispatcherServlet - POST "/api/decision-tree/functional-scope/save", parameters={}
2025-09-17 18:42:48 [http-nio-8080-exec-9] DEBUG o.s.w.s.m.m.a.RequestMappingHandlerMapping - Mapped to com.example.DigitalWayfinder.controller.FunctionalScopeController#saveFunctionalScope(FunctionalScopeRequest, UserSession)
2025-09-17 18:42:48 [http-nio-8080-exec-9] DEBUG o.s.w.s.m.m.a.RequestResponseBodyMethodProcessor - Read "application/json;charset=UTF-8" to [FunctionalScopeRequest(userId=null, sessionId=null, functionalArea=null, industryType=null, function (truncated)...]
2025-09-17 18:42:48 [http-nio-8080-exec-9] INFO  c.e.D.c.FunctionalScopeController - Received functional scope save request for user: USER-7EC8E435 and session: 7767684EE41898214A827ACEA511794B
2025-09-17 18:42:48 [http-nio-8080-exec-9] INFO  c.e.D.c.FunctionalScopeController - Request body received: {"levelSelections":{"l1":["Yard Operations"],"l2":["Yard Management"],"l3":["Manage dock scheduling"],"l4":["Ability to create appointments at carrier level"],"l5":null}}
2025-09-17 18:42:48 [http-nio-8080-exec-9] INFO  c.e.D.service.FunctionalScopeService - Saving functional scope for user: USER-7EC8E435 and session: 7767684EE41898214A827ACEA511794B
2025-09-17 18:42:48 [http-nio-8080-exec-9] DEBUG org.hibernate.SQL - 
    select
        ufp1_0.id,
        ufp1_0.CreatedDate,
        ufp1_0.FunctionalArea,
        ufp1_0.FunctionalSubArea,
        ufp1_0.IndustryType,
        ufp1_0.L1,
        ufp1_0.L2,
        ufp1_0.L3,
        ufp1_0.L4,
        ufp1_0.L5,
        ufp1_0.SessionID,
        ufp1_0.UserID 
    from
        UserFunctionalProcess ufp1_0 
    where
        ufp1_0.UserID=? 
        and ufp1_0.SessionID=?
2025-09-17 18:42:49 [http-nio-8080-exec-9] DEBUG org.hibernate.SQL - 
    select
        fad1_0.id,
        fad1_0.FunctionalArea,
        fad1_0.FunctionalSubArea,
        fad1_0.IndustryType,
        fad1_0.SessionID,
        fad1_0.UserID 
    from
        UserFunctionalArea fad1_0 
    where
        fad1_0.UserID=? 
        and fad1_0.SessionID=?
2025-09-17 18:42:49 [http-nio-8080-exec-9] INFO  c.e.D.service.FunctionalScopeService - Determining repository for - functionalArea: supply-chain-fulfillment, industryType: warehouse-management, functionalSubArea: null
2025-09-17 18:42:49 [http-nio-8080-exec-9] INFO  c.e.D.service.FunctionalScopeService - Using WMS repository based on industryType: warehouse-management
2025-09-17 18:42:49 [http-nio-8080-exec-9] INFO  c.e.D.service.FunctionalScopeService - Processing selections for functionalArea: WMS - L1: 1, L2: 1, L3: 1, L4: 1
2025-09-17 18:42:49 [http-nio-8080-exec-9] INFO  c.e.D.service.FunctionalScopeService - L1 selections: [Yard Operations]
2025-09-17 18:42:49 [http-nio-8080-exec-9] INFO  c.e.D.service.FunctionalScopeService - L2 selections: [Yard Management]
2025-09-17 18:42:49 [http-nio-8080-exec-9] INFO  c.e.D.service.FunctionalScopeService - L3 selections: [Manage dock scheduling]
2025-09-17 18:42:49 [http-nio-8080-exec-9] INFO  c.e.D.service.FunctionalScopeService - L4 selections: [Ability to create appointments at carrier level]
2025-09-17 18:42:49 [http-nio-8080-exec-9] INFO  c.e.D.service.FunctionalScopeService - Processing L4: Ability to create appointments at carrier level
2025-09-17 18:42:49 [http-nio-8080-exec-9] DEBUG org.hibernate.SQL - 
    select
        wf1_0.L1,
        wf1_0.L2,
        wf1_0.L3,
        wf1_0.L4 
    from
        WMS_Functional wf1_0 
    where
        wf1_0.L4=?
2025-09-17 18:42:49 [http-nio-8080-exec-9] INFO  c.e.D.service.FunctionalScopeService - Found path for L4 'Ability to create appointments at carrier level': [[Ljava.lang.Object;@4c7c7f73]
2025-09-17 18:42:49 [http-nio-8080-exec-9] INFO  c.e.D.service.FunctionalScopeService - Creating record from path: [[Ljava.lang.Object;@4c7c7f73]
2025-09-17 18:42:49 [http-nio-8080-exec-9] INFO  c.e.D.service.FunctionalScopeService - Extracted nested array: [Yard Operations, Yard Management, Manage dock scheduling, Ability to create appointments at carrier level]
2025-09-17 18:42:49 [http-nio-8080-exec-9] INFO  c.e.D.service.FunctionalScopeService - Created record: L1=Yard Operations, L2=Yard Management, L3=Manage dock scheduling, L4=Ability to create appointments at carrier level, L5=null
2025-09-17 18:42:49 [http-nio-8080-exec-9] INFO  c.e.D.service.FunctionalScopeService - Added record for L4: Ability to create appointments at carrier level
2025-09-17 18:42:49 [http-nio-8080-exec-9] INFO  c.e.D.service.FunctionalScopeService - Processing L3: Manage dock scheduling
2025-09-17 18:42:49 [http-nio-8080-exec-9] DEBUG org.hibernate.SQL - 
    select
        wf1_0.L1,
        wf1_0.L2,
        wf1_0.L3 
    from
        WMS_Functional wf1_0 
    where
        wf1_0.L3=?
2025-09-17 18:42:49 [http-nio-8080-exec-9] DEBUG org.hibernate.SQL - 
    select
        distinct wf1_0.L4 
    from
        WMS_Functional wf1_0 
    where
        wf1_0.L1=? 
        and wf1_0.L2=? 
        and wf1_0.L3=? 
        and wf1_0.L4 is not null 
        and wf1_0.L4<>''
2025-09-17 18:42:50 [http-nio-8080-exec-9] INFO  c.e.D.service.FunctionalScopeService - Processing L2: Yard Management
2025-09-17 18:42:50 [http-nio-8080-exec-9] DEBUG org.hibernate.SQL - 
    select
        wf1_0.L1,
        wf1_0.L2 
    from
        WMS_Functional wf1_0 
    where
        wf1_0.L2=?
2025-09-17 18:42:50 [http-nio-8080-exec-9] DEBUG org.hibernate.SQL - 
    select
        distinct wf1_0.L3 
    from
        WMS_Functional wf1_0 
    where
        wf1_0.L1=? 
        and wf1_0.L2=? 
        and wf1_0.L3 is not null 
        and wf1_0.L3<>''
2025-09-17 18:42:50 [http-nio-8080-exec-9] INFO  c.e.D.service.FunctionalScopeService - Processing L1: Yard Operations
2025-09-17 18:42:50 [http-nio-8080-exec-9] DEBUG org.hibernate.SQL - 
    select
        distinct wf1_0.L2 
    from
        WMS_Functional wf1_0 
    where
        wf1_0.L1=? 
        and wf1_0.L2 is not null 
        and wf1_0.L2<>''
2025-09-17 18:42:50 [http-nio-8080-exec-9] INFO  c.e.D.service.FunctionalScopeService - Total records created: 1
2025-09-17 18:42:50 [http-nio-8080-exec-9] DEBUG org.hibernate.SQL - 
    insert 
    into
        UserFunctionalProcess
        (CreatedDate, FunctionalArea, FunctionalSubArea, IndustryType, L1, L2, L3, L4, L5, SessionID, UserID) 
    values
        (?, ?, ?, ?, ?, ?, ?, ?, ?, ?, ?)
2025-09-17 18:42:51 [http-nio-8080-exec-9] INFO  c.e.D.service.FunctionalScopeService - Successfully saved 1 functional scope records
2025-09-17 18:42:51 [http-nio-8080-exec-9] INFO  c.e.D.service.FunctionalScopeService - Mapping 1 saved records to response
2025-09-17 18:42:51 [http-nio-8080-exec-9] INFO  c.e.D.service.FunctionalScopeService - Record: L1=Yard Operations, L2=Yard Management, L3=Manage dock scheduling, L4=Ability to create appointments at carrier level
2025-09-17 18:42:51 [http-nio-8080-exec-9] INFO  c.e.D.c.FunctionalScopeController - Successfully saved functional scope for user: USER-7EC8E435 and session: 7767684EE41898214A827ACEA511794B
2025-09-17 18:42:51 [http-nio-8080-exec-9] DEBUG o.s.w.s.m.m.a.HttpEntityMethodProcessor - Using 'application/json', given [*/*] and supported [application/json, application/*+json]
2025-09-17 18:42:51 [http-nio-8080-exec-9] DEBUG o.s.w.s.m.m.a.HttpEntityMethodProcessor - Writing [FunctionalScopeResponse(userId=USER-7EC8E435, sessionId=7767684EE41898214A827ACEA511794B, functional (truncated)...]
2025-09-17 18:42:51 [http-nio-8080-exec-9] DEBUG o.s.web.servlet.DispatcherServlet - Completed 201 CREATED
2025-09-17 18:42:51 [http-nio-8080-exec-7] DEBUG o.s.web.servlet.DispatcherServlet - GET "/api/decision-tree/non-functional-scope/wms/all", parameters={}
2025-09-17 18:42:51 [http-nio-8080-exec-7] DEBUG o.s.w.s.m.m.a.RequestMappingHandlerMapping - Mapped to com.example.DigitalWayfinder.controller.NonFunctionalScopeController#getAllFunctionalScopesWMS()
2025-09-17 18:42:51 [http-nio-8080-exec-7] INFO  c.e.D.c.NonFunctionalScopeController - Received request to fetch all functional scopes
2025-09-17 18:42:51 [http-nio-8080-exec-7] INFO  c.e.D.s.NonFunctionalScopeService - Fetching all non-functional scope levels
2025-09-17 18:42:51 [http-nio-8080-exec-7] DEBUG org.hibernate.SQL - 
    SELECT
        L1,
        L2,
        L3 
    FROM
        [WMS_Non-Functional]
2025-09-17 18:42:52 [http-nio-8080-exec-7] INFO  c.e.D.s.NonFunctionalScopeService - Successfully fetched 147 non-functional scope records
2025-09-17 18:42:52 [http-nio-8080-exec-7] INFO  c.e.D.c.NonFunctionalScopeController - Successfully returning 147 non-functional scope records
2025-09-17 18:42:52 [http-nio-8080-exec-7] DEBUG o.s.w.s.m.m.a.HttpEntityMethodProcessor - Using 'application/json', given [*/*] and supported [application/json, application/*+json]
2025-09-17 18:42:52 [http-nio-8080-exec-7] DEBUG o.s.w.s.m.m.a.HttpEntityMethodProcessor - Writing [[NonFunctionalScopeDto(l1=Technical Requirements, l2=Application Hosting, l3=Partnerships with diffe (truncated)...]
2025-09-17 18:42:52 [http-nio-8080-exec-7] DEBUG o.s.web.servlet.DispatcherServlet - Completed 200 OK
2025-09-17 18:42:55 [http-nio-8080-exec-8] DEBUG o.s.web.servlet.DispatcherServlet - POST "/api/decision-tree/non-functional-scope/save", parameters={}
2025-09-17 18:42:55 [http-nio-8080-exec-8] DEBUG o.s.w.s.m.m.a.RequestMappingHandlerMapping - Mapped to com.example.DigitalWayfinder.controller.NonFunctionalScopeController#saveNonFunctionalScope(NonFunctionalRequest, UserSession)
2025-09-17 18:42:55 [http-nio-8080-exec-8] DEBUG o.s.w.s.m.m.a.RequestResponseBodyMethodProcessor - Read "application/json;charset=UTF-8" to [NonFunctionalRequest(userId=null, sessionId=null, functionalArea=null, industryType=null, functional (truncated)...]
2025-09-17 18:42:55 [http-nio-8080-exec-8] INFO  c.e.D.c.NonFunctionalScopeController - Received non-functional scope save request for user: USER-7EC8E435 and session: 7767684EE41898214A827ACEA511794B
2025-09-17 18:42:55 [http-nio-8080-exec-8] INFO  c.e.D.c.NonFunctionalScopeController - Request body received: {"levelSelections":{"l1":["Technical Requirements"],"l2":["Application Hosting"],"l3":["Partnerships with different Hyper-scalers for hosting cloud solutions"],"l4":null,"l5":null}}
2025-09-17 18:42:56 [http-nio-8080-exec-8] INFO  c.e.D.s.NonFunctionalScopeService - Saving non-functional scope for user: USER-7EC8E435 and session: 7767684EE41898214A827ACEA511794B
2025-09-17 18:42:56 [http-nio-8080-exec-8] DEBUG org.hibernate.SQL - 
    select
        unfp1_0.id,
        unfp1_0.CreatedDate,
        unfp1_0.FunctionalArea,
        unfp1_0.FunctionalSubArea,
        unfp1_0.IndustryType,
        unfp1_0.L1,
        unfp1_0.L2,
        unfp1_0.L3,
        unfp1_0.L4,
        unfp1_0.L5,
        unfp1_0.SessionID,
        unfp1_0.UserID 
    from
        UserNonFuncProcess unfp1_0 
    where
        unfp1_0.UserID=? 
        and unfp1_0.SessionID=?
2025-09-17 18:42:56 [http-nio-8080-exec-8] DEBUG org.hibernate.SQL - 
    select
        fad1_0.id,
        fad1_0.FunctionalArea,
        fad1_0.FunctionalSubArea,
        fad1_0.IndustryType,
        fad1_0.SessionID,
        fad1_0.UserID 
    from
        UserFunctionalArea fad1_0 
    where
        fad1_0.UserID=? 
        and fad1_0.SessionID=?
2025-09-17 18:42:56 [http-nio-8080-exec-8] INFO  c.e.D.s.NonFunctionalScopeService - Determining repository for - functionalArea: supply-chain-fulfillment, industryType: warehouse-management, functionalSubArea: null
2025-09-17 18:42:56 [http-nio-8080-exec-8] INFO  c.e.D.s.NonFunctionalScopeService - Using WMS repository based on industryType: warehouse-management
2025-09-17 18:42:56 [http-nio-8080-exec-8] INFO  c.e.D.s.NonFunctionalScopeService - === DEBUG: Testing non-functional repository methods for area: WMS ===
2025-09-17 18:42:56 [http-nio-8080-exec-8] DEBUG org.hibernate.SQL - 
    SELECT
        L1,
        L2,
        L3 
    FROM
        [WMS_Non-Functional]
2025-09-17 18:42:57 [http-nio-8080-exec-8] INFO  c.e.D.s.NonFunctionalScopeService - WMS Non-functional: 147 records found
2025-09-17 18:42:57 [http-nio-8080-exec-8] INFO  c.e.D.s.NonFunctionalScopeService - First record: [Technical Requirements, Application Hosting, Partnerships with different Hyper-scalers for hosting cloud solutions]
2025-09-17 18:42:57 [http-nio-8080-exec-8] DEBUG org.hibernate.SQL - 
    select
        wnf1_0.L1,
        wnf1_0.L2,
        wnf1_0.L3 
    from
        [WMS_Non-Functional] wnf1_0 
    where
        wnf1_0.L3=?
2025-09-17 18:42:57 [http-nio-8080-exec-8] INFO  c.e.D.s.NonFunctionalScopeService - Paths found for L3 'Partnerships...': 1
2025-09-17 18:42:57 [http-nio-8080-exec-8] INFO  c.e.D.s.NonFunctionalScopeService - First path: [Technical Requirements, Application Hosting, Partnerships with different Hyper-scalers for hosting cloud solutions]
2025-09-17 18:42:57 [http-nio-8080-exec-8] INFO  c.e.D.s.NonFunctionalScopeService - Processing non-functional selections for functionalArea: WMS - L1: 1, L2: 1, L3: 1
2025-09-17 18:42:57 [http-nio-8080-exec-8] INFO  c.e.D.s.NonFunctionalScopeService - L1 selections: [Technical Requirements]
2025-09-17 18:42:57 [http-nio-8080-exec-8] INFO  c.e.D.s.NonFunctionalScopeService - L2 selections: [Application Hosting]
2025-09-17 18:42:57 [http-nio-8080-exec-8] INFO  c.e.D.s.NonFunctionalScopeService - L3 selections: [Partnerships with different Hyper-scalers for hosting cloud solutions]
2025-09-17 18:42:57 [http-nio-8080-exec-8] INFO  c.e.D.s.NonFunctionalScopeService - Processing L3: Partnerships with different Hyper-scalers for hosting cloud solutions
2025-09-17 18:42:57 [http-nio-8080-exec-8] INFO  c.e.D.s.NonFunctionalScopeService - Looking for L3 'Partnerships with different Hyper-scalers for hosting cloud solutions' in functionalArea 'WMS'
2025-09-17 18:42:57 [http-nio-8080-exec-8] DEBUG org.hibernate.SQL - 
    select
        wnf1_0.L1,
        wnf1_0.L2,
        wnf1_0.L3 
    from
        [WMS_Non-Functional] wnf1_0 
    where
        wnf1_0.L3=?
2025-09-17 18:42:57 [http-nio-8080-exec-8] INFO  c.e.D.s.NonFunctionalScopeService - WMS Non-functional findPathsByL3('Partnerships with different Hyper-scalers for hosting cloud solutions') returned 1 paths
2025-09-17 18:42:57 [http-nio-8080-exec-8] INFO  c.e.D.s.NonFunctionalScopeService - Returning first path: [Technical Requirements, Application Hosting, Partnerships with different Hyper-scalers for hosting cloud solutions]
2025-09-17 18:42:57 [http-nio-8080-exec-8] INFO  c.e.D.s.NonFunctionalScopeService - Found path for L3 'Partnerships with different Hyper-scalers for hosting cloud solutions': [Technical Requirements, Application Hosting, Partnerships with different Hyper-scalers for hosting cloud solutions]
2025-09-17 18:42:57 [http-nio-8080-exec-8] INFO  c.e.D.s.NonFunctionalScopeService - Creating non-functional record from path: [Technical Requirements, Application Hosting, Partnerships with different Hyper-scalers for hosting cloud solutions]
2025-09-17 18:42:57 [http-nio-8080-exec-8] INFO  c.e.D.s.NonFunctionalScopeService - Created non-functional record: L1=Technical Requirements, L2=Application Hosting, L3=Partnerships with different Hyper-scalers for hosting cloud solutions
2025-09-17 18:42:57 [http-nio-8080-exec-8] INFO  c.e.D.s.NonFunctionalScopeService - Added record for L3: Partnerships with different Hyper-scalers for hosting cloud solutions
2025-09-17 18:42:57 [http-nio-8080-exec-8] INFO  c.e.D.s.NonFunctionalScopeService - Processing L2: Application Hosting
2025-09-17 18:42:57 [http-nio-8080-exec-8] DEBUG org.hibernate.SQL - 
    select
        wnf1_0.L1,
        wnf1_0.L2 
    from
        [WMS_Non-Functional] wnf1_0 
    where
        wnf1_0.L2=?
2025-09-17 18:42:57 [http-nio-8080-exec-8] DEBUG org.hibernate.SQL - 
    select
        distinct wnf1_0.L3 
    from
        [WMS_Non-Functional] wnf1_0 
    where
        wnf1_0.L1=? 
        and wnf1_0.L2=? 
        and wnf1_0.L3 is not null 
        and wnf1_0.L3<>''
2025-09-17 18:42:58 [http-nio-8080-exec-8] INFO  c.e.D.s.NonFunctionalScopeService - Processing L1: Technical Requirements
2025-09-17 18:42:58 [http-nio-8080-exec-8] DEBUG org.hibernate.SQL - 
    select
        distinct wnf1_0.L2 
    from
        [WMS_Non-Functional] wnf1_0 
    where
        wnf1_0.L1=? 
        and wnf1_0.L2 is not null 
        and wnf1_0.L2<>''
2025-09-17 18:42:58 [http-nio-8080-exec-8] INFO  c.e.D.s.NonFunctionalScopeService - Total non-functional records created: 1
2025-09-17 18:42:58 [http-nio-8080-exec-8] DEBUG org.hibernate.SQL - 
    insert 
    into
        UserNonFuncProcess
        (CreatedDate, FunctionalArea, FunctionalSubArea, IndustryType, L1, L2, L3, L4, L5, SessionID, UserID) 
    values
        (?, ?, ?, ?, ?, ?, ?, ?, ?, ?, ?)
2025-09-17 18:42:58 [http-nio-8080-exec-8] INFO  c.e.D.s.NonFunctionalScopeService - Successfully saved 1 non-functional scope records
2025-09-17 18:42:58 [http-nio-8080-exec-8] INFO  c.e.D.s.NonFunctionalScopeService - Mapping 1 saved non-functional records to response
2025-09-17 18:42:58 [http-nio-8080-exec-8] INFO  c.e.D.s.NonFunctionalScopeService - Non-functional Record: L1=Technical Requirements, L2=Application Hosting, L3=Partnerships with different Hyper-scalers for hosting cloud solutions, L4=null, L5=null
2025-09-17 18:42:59 [http-nio-8080-exec-8] INFO  c.e.D.c.NonFunctionalScopeController - Successfully saved non-functional scope for user: USER-7EC8E435 and session: 7767684EE41898214A827ACEA511794B
2025-09-17 18:42:59 [http-nio-8080-exec-8] DEBUG o.s.w.s.m.m.a.HttpEntityMethodProcessor - Using 'application/json', given [*/*] and supported [application/json, application/*+json]
2025-09-17 18:42:59 [http-nio-8080-exec-8] DEBUG o.s.w.s.m.m.a.HttpEntityMethodProcessor - Writing [NonFunctionalResponse(userId=USER-7EC8E435, sessionId=7767684EE41898214A827ACEA511794B, functionalAr (truncated)...]
2025-09-17 18:42:59 [http-nio-8080-exec-8] DEBUG o.s.web.servlet.DispatcherServlet - Completed 201 CREATED
2025-09-17 18:42:59 [http-nio-8080-exec-10] DEBUG o.s.web.servlet.DispatcherServlet - GET "/api/decision-tree/functional-scope/decision-criteria/get-details", parameters={}
2025-09-17 18:42:59 [http-nio-8080-exec-10] DEBUG o.s.w.s.m.m.a.RequestMappingHandlerMapping - Mapped to com.example.DigitalWayfinder.controller.DecisionCriteriaController#getDecisionCriteria(UserSession)
2025-09-17 18:42:59 [http-nio-8080-exec-10] INFO  c.e.D.c.DecisionCriteriaController - Received decision criteria request for user: USER-7EC8E435 and session: 7767684EE41898214A827ACEA511794B
2025-09-17 18:42:59 [http-nio-8080-exec-10] INFO  c.e.D.s.DecisionCriteriaService - Fetching decision criteria for user: USER-7EC8E435 and session: 7767684EE41898214A827ACEA511794B
2025-09-17 18:42:59 [http-nio-8080-exec-10] DEBUG org.hibernate.SQL - 
    select
        ufp1_0.id,
        ufp1_0.CreatedDate,
        ufp1_0.FunctionalArea,
        ufp1_0.FunctionalSubArea,
        ufp1_0.IndustryType,
        ufp1_0.L1,
        ufp1_0.L2,
        ufp1_0.L3,
        ufp1_0.L4,
        ufp1_0.L5,
        ufp1_0.SessionID,
        ufp1_0.UserID 
    from
        UserFunctionalProcess ufp1_0 
    where
        ufp1_0.UserID=? 
        and ufp1_0.SessionID=?
2025-09-17 18:42:59 [http-nio-8080-exec-10] DEBUG org.hibernate.SQL - 
    select
        unfp1_0.id,
        unfp1_0.CreatedDate,
        unfp1_0.FunctionalArea,
        unfp1_0.FunctionalSubArea,
        unfp1_0.IndustryType,
        unfp1_0.L1,
        unfp1_0.L2,
        unfp1_0.L3,
        unfp1_0.L4,
        unfp1_0.L5,
        unfp1_0.SessionID,
        unfp1_0.UserID 
    from
        UserNonFuncProcess unfp1_0 
    where
        unfp1_0.UserID=? 
        and unfp1_0.SessionID=?
2025-09-17 18:43:00 [http-nio-8080-exec-10] DEBUG org.hibernate.SQL - 
    select
        fad1_0.id,
        fad1_0.FunctionalArea,
        fad1_0.FunctionalSubArea,
        fad1_0.IndustryType,
        fad1_0.SessionID,
        fad1_0.UserID 
    from
        UserFunctionalArea fad1_0 
    where
        fad1_0.UserID=? 
        and fad1_0.SessionID=?
2025-09-17 18:43:00 [http-nio-8080-exec-10] INFO  c.e.D.s.DecisionCriteriaService - Found 1 functional processes and 1 non-functional processes
2025-09-17 18:43:00 [http-nio-8080-exec-10] INFO  c.e.D.s.DecisionCriteriaService - Successfully converted 1 functional rows and 1 non-functional rows
2025-09-17 18:43:00 [http-nio-8080-exec-10] INFO  c.e.D.c.DecisionCriteriaController - Successfully retrieved decision criteria for user: USER-7EC8E435 and session: 7767684EE41898214A827ACEA511794B
2025-09-17 18:43:01 [http-nio-8080-exec-10] DEBUG o.s.w.s.m.m.a.HttpEntityMethodProcessor - Using 'application/json', given [*/*] and supported [application/json, application/*+json]
2025-09-17 18:43:01 [http-nio-8080-exec-10] DEBUG o.s.w.s.m.m.a.HttpEntityMethodProcessor - Writing [DecisionCriteriaResponse(userId=USER-7EC8E435, sessionId=7767684EE41898214A827ACEA511794B, functiona (truncated)...]
2025-09-17 18:43:01 [http-nio-8080-exec-10] DEBUG o.s.web.servlet.DispatcherServlet - Completed 200 OK
2025-09-17 18:43:01 [http-nio-8080-exec-10] DEBUG o.s.web.servlet.DispatcherServlet - GET "/api/decision-tree/functional-scope/decision-criteria/get-details", parameters={}
2025-09-17 18:43:01 [http-nio-8080-exec-10] DEBUG o.s.w.s.m.m.a.RequestMappingHandlerMapping - Mapped to com.example.DigitalWayfinder.controller.DecisionCriteriaController#getDecisionCriteria(UserSession)
2025-09-17 18:43:01 [http-nio-8080-exec-10] INFO  c.e.D.c.DecisionCriteriaController - Received decision criteria request for user: USER-7EC8E435 and session: 7767684EE41898214A827ACEA511794B
2025-09-17 18:43:01 [http-nio-8080-exec-10] INFO  c.e.D.s.DecisionCriteriaService - Fetching decision criteria for user: USER-7EC8E435 and session: 7767684EE41898214A827ACEA511794B
2025-09-17 18:43:01 [http-nio-8080-exec-10] DEBUG org.hibernate.SQL - 
    select
        ufp1_0.id,
        ufp1_0.CreatedDate,
        ufp1_0.FunctionalArea,
        ufp1_0.FunctionalSubArea,
        ufp1_0.IndustryType,
        ufp1_0.L1,
        ufp1_0.L2,
        ufp1_0.L3,
        ufp1_0.L4,
        ufp1_0.L5,
        ufp1_0.SessionID,
        ufp1_0.UserID 
    from
        UserFunctionalProcess ufp1_0 
    where
        ufp1_0.UserID=? 
        and ufp1_0.SessionID=?
2025-09-17 18:43:01 [http-nio-8080-exec-10] DEBUG org.hibernate.SQL - 
    select
        unfp1_0.id,
        unfp1_0.CreatedDate,
        unfp1_0.FunctionalArea,
        unfp1_0.FunctionalSubArea,
        unfp1_0.IndustryType,
        unfp1_0.L1,
        unfp1_0.L2,
        unfp1_0.L3,
        unfp1_0.L4,
        unfp1_0.L5,
        unfp1_0.SessionID,
        unfp1_0.UserID 
    from
        UserNonFuncProcess unfp1_0 
    where
        unfp1_0.UserID=? 
        and unfp1_0.SessionID=?
2025-09-17 18:43:01 [http-nio-8080-exec-10] DEBUG org.hibernate.SQL - 
    select
        fad1_0.id,
        fad1_0.FunctionalArea,
        fad1_0.FunctionalSubArea,
        fad1_0.IndustryType,
        fad1_0.SessionID,
        fad1_0.UserID 
    from
        UserFunctionalArea fad1_0 
    where
        fad1_0.UserID=? 
        and fad1_0.SessionID=?
2025-09-17 18:43:02 [http-nio-8080-exec-10] INFO  c.e.D.s.DecisionCriteriaService - Found 1 functional processes and 1 non-functional processes
2025-09-17 18:43:02 [http-nio-8080-exec-10] INFO  c.e.D.s.DecisionCriteriaService - Successfully converted 1 functional rows and 1 non-functional rows
2025-09-17 18:43:02 [http-nio-8080-exec-10] INFO  c.e.D.c.DecisionCriteriaController - Successfully retrieved decision criteria for user: USER-7EC8E435 and session: 7767684EE41898214A827ACEA511794B
2025-09-17 18:43:02 [http-nio-8080-exec-10] DEBUG o.s.w.s.m.m.a.HttpEntityMethodProcessor - Using 'application/json', given [*/*] and supported [application/json, application/*+json]
2025-09-17 18:43:02 [http-nio-8080-exec-10] DEBUG o.s.w.s.m.m.a.HttpEntityMethodProcessor - Writing [DecisionCriteriaResponse(userId=USER-7EC8E435, sessionId=7767684EE41898214A827ACEA511794B, functiona (truncated)...]
2025-09-17 18:43:02 [http-nio-8080-exec-10] DEBUG o.s.web.servlet.DispatcherServlet - Completed 200 OK
2025-09-17 18:43:09 [http-nio-8080-exec-4] DEBUG o.s.web.servlet.DispatcherServlet - GET "/api/decision-tree/functional-scope/solution/all?functionalSubArea=Warehouse%20Management%20System", parameters={masked}
2025-09-17 18:43:09 [http-nio-8080-exec-4] DEBUG o.s.w.s.m.m.a.RequestMappingHandlerMapping - Mapped to com.example.DigitalWayfinder.controller.PlatformSolutionController#getAllPlatformSolutions(String, String, String)
2025-09-17 18:43:09 [http-nio-8080-exec-4] INFO  c.e.D.c.PlatformSolutionController - GET request received for platform solutions with filters
2025-09-17 18:43:09 [http-nio-8080-exec-4] INFO  c.e.D.s.PlatformSolutionService - Fetching platforms with filters - functionalArea: null, industryType: null, functionalSubArea: Warehouse Management System
2025-09-17 18:43:09 [http-nio-8080-exec-4] DEBUG org.hibernate.SQL - 
    select
        isp1_0.[Key],
        isp1_0.FunctionalArea,
        isp1_0.FunctionalSubArea,
        isp1_0.IndustryType,
        isp1_0.PlatformImage,
        isp1_0.PlatformName 
    from
        InScopePlatforms isp1_0 
    where
        (
            ? is null 
            or isp1_0.FunctionalArea=?
        ) 
        and (
            ? is null 
            or isp1_0.IndustryType=?
        ) 
        and (
            ? is null 
            or isp1_0.FunctionalSubArea=?
        )
2025-09-17 18:43:09 [http-nio-8080-exec-4] INFO  c.e.D.s.PlatformSolutionService - Retrieved 5 platforms with applied filters
2025-09-17 18:43:09 [http-nio-8080-exec-4] INFO  c.e.D.c.PlatformSolutionController - Returning 5 platform solutions
2025-09-17 18:43:09 [http-nio-8080-exec-4] DEBUG o.s.w.s.m.m.a.HttpEntityMethodProcessor - Using 'application/json', given [*/*] and supported [application/json, application/*+json]
2025-09-17 18:43:09 [http-nio-8080-exec-4] DEBUG o.s.w.s.m.m.a.HttpEntityMethodProcessor - Writing [[PlatformSolutionDTO(functionalArea=Supply Chain Fulfillment, industryType=null, functionalSubArea=W (truncated)...]
2025-09-17 18:43:09 [http-nio-8080-exec-4] DEBUG o.s.web.servlet.DispatcherServlet - Completed 200 OK
2025-09-17 18:43:10 [http-nio-8080-exec-1] DEBUG o.s.web.servlet.DispatcherServlet - GET "/images/Manhattan.png", parameters={}
2025-09-17 18:43:10 [http-nio-8080-exec-3] DEBUG o.s.web.servlet.DispatcherServlet - GET "/images/Blueyonder.png", parameters={}
2025-09-17 18:43:10 [http-nio-8080-exec-6] DEBUG o.s.web.servlet.DispatcherServlet - GET "/images/Korber.png", parameters={}
2025-09-17 18:43:10 [http-nio-8080-exec-9] DEBUG o.s.web.servlet.DispatcherServlet - GET "/images/SAP.jpg", parameters={}
2025-09-17 18:43:10 [http-nio-8080-exec-6] DEBUG o.s.w.s.h.SimpleUrlHandlerMapping - Mapped to ResourceHttpRequestHandler [classpath [META-INF/resources/], classpath [resources/], classpath [static/], classpath [public/], ServletContext [/]]
2025-09-17 18:43:10 [http-nio-8080-exec-5] DEBUG o.s.web.servlet.DispatcherServlet - GET "/images/Oracle.png", parameters={}
2025-09-17 18:43:10 [http-nio-8080-exec-1] DEBUG o.s.w.s.h.SimpleUrlHandlerMapping - Mapped to ResourceHttpRequestHandler [classpath [META-INF/resources/], classpath [resources/], classpath [static/], classpath [public/], ServletContext [/]]
2025-09-17 18:43:10 [http-nio-8080-exec-3] DEBUG o.s.w.s.h.SimpleUrlHandlerMapping - Mapped to ResourceHttpRequestHandler [classpath [META-INF/resources/], classpath [resources/], classpath [static/], classpath [public/], ServletContext [/]]
2025-09-17 18:43:10 [http-nio-8080-exec-9] DEBUG o.s.w.s.h.SimpleUrlHandlerMapping - Mapped to ResourceHttpRequestHandler [classpath [META-INF/resources/], classpath [resources/], classpath [static/], classpath [public/], ServletContext [/]]
2025-09-17 18:43:10 [http-nio-8080-exec-5] DEBUG o.s.w.s.h.SimpleUrlHandlerMapping - Mapped to ResourceHttpRequestHandler [classpath [META-INF/resources/], classpath [resources/], classpath [static/], classpath [public/], ServletContext [/]]
2025-09-17 18:43:10 [http-nio-8080-exec-5] DEBUG o.s.web.servlet.DispatcherServlet - Completed 200 OK
2025-09-17 18:43:10 [http-nio-8080-exec-9] DEBUG o.s.web.servlet.DispatcherServlet - Completed 200 OK
2025-09-17 18:43:10 [http-nio-8080-exec-6] DEBUG o.s.web.servlet.DispatcherServlet - Completed 200 OK
2025-09-17 18:43:10 [http-nio-8080-exec-3] DEBUG o.s.web.servlet.DispatcherServlet - Completed 200 OK
2025-09-17 18:43:10 [http-nio-8080-exec-1] DEBUG o.s.web.servlet.DispatcherServlet - Completed 200 OK
2025-09-17 18:43:14 [http-nio-8080-exec-7] DEBUG o.s.web.servlet.DispatcherServlet - POST "/api/decision-tree/functional-scope/solution/save", parameters={}
2025-09-17 18:43:14 [http-nio-8080-exec-7] DEBUG o.s.w.s.m.m.a.RequestMappingHandlerMapping - Mapped to com.example.DigitalWayfinder.controller.SolutionController#saveSolutionSelection(SolutionSelectionRequest, UserSession)
2025-09-17 18:43:14 [http-nio-8080-exec-7] DEBUG o.s.w.s.m.m.a.RequestResponseBodyMethodProcessor - Read "application/json;charset=UTF-8" to [SolutionSelectionRequest(selectedPlatforms=[Korber, BY, Oracle])]
2025-09-17 18:43:14 [http-nio-8080-exec-7] INFO  c.e.D.controller.SolutionController - POST /api/decision-tree/functional-scope/solution/save - Saving solution selection for user: USER-7EC8E435
2025-09-17 18:43:14 [http-nio-8080-exec-7] INFO  c.e.D.service.UserPlatformService - Saving solution selection for user: USER-7EC8E435 session: 7767684EE41898214A827ACEA511794B platforms: [Korber, BY, Oracle]
2025-09-17 18:43:14 [http-nio-8080-exec-7] DEBUG org.hibernate.SQL - 
    select
        up1_0.Platform,
        up1_0.SessionID,
        up1_0.UserID,
        up1_0.CreatedDate,
        up1_0.FunctionalArea,
        up1_0.FunctionalSubArea,
        up1_0.IndustryType 
    from
        UserPlatform up1_0 
    where
        up1_0.UserID=? 
        and up1_0.SessionID=?
2025-09-17 18:43:15 [http-nio-8080-exec-7] DEBUG org.hibernate.SQL - 
    select
        fad1_0.id,
        fad1_0.FunctionalArea,
        fad1_0.FunctionalSubArea,
        fad1_0.IndustryType,
        fad1_0.SessionID,
        fad1_0.UserID 
    from
        UserFunctionalArea fad1_0 
    where
        fad1_0.UserID=? 
        and fad1_0.SessionID=?
2025-09-17 18:43:15 [http-nio-8080-exec-7] INFO  c.e.D.service.UserPlatformService - Created 3 platform records
2025-09-17 18:43:15 [http-nio-8080-exec-7] INFO  c.e.D.service.UserPlatformService - Platform: Korber
2025-09-17 18:43:15 [http-nio-8080-exec-7] INFO  c.e.D.service.UserPlatformService - Platform: BY
2025-09-17 18:43:15 [http-nio-8080-exec-7] INFO  c.e.D.service.UserPlatformService - Platform: Oracle
2025-09-17 18:43:15 [http-nio-8080-exec-7] DEBUG org.hibernate.SQL - 
    select
        up1_0.Platform,
        up1_0.SessionID,
        up1_0.UserID,
        up1_0.CreatedDate,
        up1_0.FunctionalArea,
        up1_0.FunctionalSubArea,
        up1_0.IndustryType 
    from
        UserPlatform up1_0 
    where
        (
            (
                up1_0.Platform=? 
                and up1_0.SessionID=? 
                and up1_0.UserID=?
            )
        )
2025-09-17 18:43:15 [http-nio-8080-exec-7] DEBUG org.hibernate.SQL - 
    select
        up1_0.Platform,
        up1_0.SessionID,
        up1_0.UserID,
        up1_0.CreatedDate,
        up1_0.FunctionalArea,
        up1_0.FunctionalSubArea,
        up1_0.IndustryType 
    from
        UserPlatform up1_0 
    where
        (
            (
                up1_0.Platform=? 
                and up1_0.SessionID=? 
                and up1_0.UserID=?
            )
        )
2025-09-17 18:43:16 [http-nio-8080-exec-7] DEBUG org.hibernate.SQL - 
    select
        up1_0.Platform,
        up1_0.SessionID,
        up1_0.UserID,
        up1_0.CreatedDate,
        up1_0.FunctionalArea,
        up1_0.FunctionalSubArea,
        up1_0.IndustryType 
    from
        UserPlatform up1_0 
    where
        (
            (
                up1_0.Platform=? 
                and up1_0.SessionID=? 
                and up1_0.UserID=?
            )
        )
2025-09-17 18:43:16 [http-nio-8080-exec-7] INFO  c.e.D.service.UserPlatformService - Successfully saved 3 platform selections for user: USER-7EC8E435 session: 7767684EE41898214A827ACEA511794B
2025-09-17 18:43:16 [http-nio-8080-exec-7] DEBUG org.hibernate.SQL - 
    insert 
    into
        UserPlatform
        (CreatedDate, FunctionalArea, FunctionalSubArea, IndustryType, Platform, SessionID, UserID) 
    values
        (?, ?, ?, ?, ?, ?, ?)
2025-09-17 18:43:16 [http-nio-8080-exec-7] DEBUG org.hibernate.SQL - 
    insert 
    into
        UserPlatform
        (CreatedDate, FunctionalArea, FunctionalSubArea, IndustryType, Platform, SessionID, UserID) 
    values
        (?, ?, ?, ?, ?, ?, ?)
2025-09-17 18:43:16 [http-nio-8080-exec-7] DEBUG org.hibernate.SQL - 
    insert 
    into
        UserPlatform
        (CreatedDate, FunctionalArea, FunctionalSubArea, IndustryType, Platform, SessionID, UserID) 
    values
        (?, ?, ?, ?, ?, ?, ?)
2025-09-17 18:43:17 [http-nio-8080-exec-7] INFO  c.e.D.controller.SolutionController - Successfully saved solution selection for user: USER-7EC8E435 - 7767684EE41898214A827ACEA511794B platforms saved
2025-09-17 18:43:17 [http-nio-8080-exec-7] DEBUG o.s.w.s.m.m.a.HttpEntityMethodProcessor - Using 'application/json', given [*/*] and supported [application/json, application/*+json]
2025-09-17 18:43:17 [http-nio-8080-exec-7] DEBUG o.s.w.s.m.m.a.HttpEntityMethodProcessor - Writing [SolutionSelectionResponse(message=Solutions saved successfully, platformsSaved=3)]
2025-09-17 18:43:17 [http-nio-8080-exec-7] DEBUG o.s.web.servlet.DispatcherServlet - Completed 201 CREATED
2025-09-17 18:43:17 [http-nio-8080-exec-2] DEBUG o.s.web.servlet.DispatcherServlet - GET "/images/Blueyonder.png", parameters={}
2025-09-17 18:43:17 [http-nio-8080-exec-8] DEBUG o.s.web.servlet.DispatcherServlet - GET "/images/Manhattan.png", parameters={}
2025-09-17 18:43:17 [http-nio-8080-exec-10] DEBUG o.s.web.servlet.DispatcherServlet - GET "/images/Korber.png", parameters={}
2025-09-17 18:43:17 [http-nio-8080-exec-4] DEBUG o.s.web.servlet.DispatcherServlet - GET "/images/Oracle.png", parameters={}
2025-09-17 18:43:17 [http-nio-8080-exec-5] DEBUG o.s.web.servlet.DispatcherServlet - GET "/images/SAP.jpg", parameters={}
2025-09-17 18:43:17 [http-nio-8080-exec-2] DEBUG o.s.w.s.h.SimpleUrlHandlerMapping - Mapped to ResourceHttpRequestHandler [classpath [META-INF/resources/], classpath [resources/], classpath [static/], classpath [public/], ServletContext [/]]
2025-09-17 18:43:17 [http-nio-8080-exec-4] DEBUG o.s.w.s.h.SimpleUrlHandlerMapping - Mapped to ResourceHttpRequestHandler [classpath [META-INF/resources/], classpath [resources/], classpath [static/], classpath [public/], ServletContext [/]]
2025-09-17 18:43:17 [http-nio-8080-exec-10] DEBUG o.s.w.s.h.SimpleUrlHandlerMapping - Mapped to ResourceHttpRequestHandler [classpath [META-INF/resources/], classpath [resources/], classpath [static/], classpath [public/], ServletContext [/]]
2025-09-17 18:43:17 [http-nio-8080-exec-8] DEBUG o.s.w.s.h.SimpleUrlHandlerMapping - Mapped to ResourceHttpRequestHandler [classpath [META-INF/resources/], classpath [resources/], classpath [static/], classpath [public/], ServletContext [/]]
2025-09-17 18:43:17 [http-nio-8080-exec-5] DEBUG o.s.w.s.h.SimpleUrlHandlerMapping - Mapped to ResourceHttpRequestHandler [classpath [META-INF/resources/], classpath [resources/], classpath [static/], classpath [public/], ServletContext [/]]
2025-09-17 18:43:17 [http-nio-8080-exec-2] DEBUG o.s.web.servlet.DispatcherServlet - Completed 200 OK
2025-09-17 18:43:17 [http-nio-8080-exec-10] DEBUG o.s.web.servlet.DispatcherServlet - Completed 200 OK
2025-09-17 18:43:17 [http-nio-8080-exec-4] DEBUG o.s.web.servlet.DispatcherServlet - Completed 200 OK
2025-09-17 18:43:17 [http-nio-8080-exec-5] DEBUG o.s.web.servlet.DispatcherServlet - Completed 200 OK
2025-09-17 18:43:17 [http-nio-8080-exec-8] DEBUG o.s.web.servlet.DispatcherServlet - Completed 200 OK
2025-09-17 18:43:19 [http-nio-8080-exec-9] DEBUG o.s.web.servlet.DispatcherServlet - GET "/api/decision-tree/project-info", parameters={}
2025-09-17 18:43:19 [http-nio-8080-exec-9] DEBUG o.s.w.s.h.SimpleUrlHandlerMapping - Mapped to ResourceHttpRequestHandler [classpath [META-INF/resources/], classpath [resources/], classpath [static/], classpath [public/], ServletContext [/]]
2025-09-17 18:43:19 [http-nio-8080-exec-9] DEBUG o.s.w.s.r.ResourceHttpRequestHandler - Resource not found
2025-09-17 18:43:19 [http-nio-8080-exec-9] DEBUG o.s.w.s.m.m.a.ExceptionHandlerExceptionResolver - Using @ExceptionHandler com.example.DigitalWayfinder.exception.GlobalExceptionHandler#handleGenericException(Exception)
2025-09-17 18:43:19 [http-nio-8080-exec-3] DEBUG o.s.web.servlet.DispatcherServlet - GET "/api/decision-tree/functional-scope/solution/get-all", parameters={}
2025-09-17 18:43:19 [http-nio-8080-exec-9] ERROR c.e.D.e.GlobalExceptionHandler - Unexpected exception occurred: No static resource api/decision-tree/project-info.
org.springframework.web.servlet.resource.NoResourceFoundException: No static resource api/decision-tree/project-info.
	at org.springframework.web.servlet.resource.ResourceHttpRequestHandler.handleRequest(ResourceHttpRequestHandler.java:585)
	at org.springframework.web.servlet.mvc.HttpRequestHandlerAdapter.handle(HttpRequestHandlerAdapter.java:52)
	at org.springframework.web.servlet.DispatcherServlet.doDispatch(DispatcherServlet.java:1089)
	at org.springframework.web.servlet.DispatcherServlet.doService(DispatcherServlet.java:979)
	at org.springframework.web.servlet.FrameworkServlet.processRequest(FrameworkServlet.java:1014)
	at org.springframework.web.servlet.FrameworkServlet.doGet(FrameworkServlet.java:903)
	at jakarta.servlet.http.HttpServlet.service(HttpServlet.java:564)
	at org.springframework.web.servlet.FrameworkServlet.service(FrameworkServlet.java:885)
	at jakarta.servlet.http.HttpServlet.service(HttpServlet.java:658)
	at org.apache.catalina.core.ApplicationFilterChain.internalDoFilter(ApplicationFilterChain.java:206)
	at org.apache.catalina.core.ApplicationFilterChain.doFilter(ApplicationFilterChain.java:150)
	at org.apache.tomcat.websocket.server.WsFilter.doFilter(WsFilter.java:51)
	at org.apache.catalina.core.ApplicationFilterChain.internalDoFilter(ApplicationFilterChain.java:175)
	at org.apache.catalina.core.ApplicationFilterChain.doFilter(ApplicationFilterChain.java:150)
	at org.springframework.web.filter.RequestContextFilter.doFilterInternal(RequestContextFilter.java:100)
	at org.springframework.web.filter.OncePerRequestFilter.doFilter(OncePerRequestFilter.java:116)
	at org.apache.catalina.core.ApplicationFilterChain.internalDoFilter(ApplicationFilterChain.java:175)
	at org.apache.catalina.core.ApplicationFilterChain.doFilter(ApplicationFilterChain.java:150)
	at org.springframework.web.filter.FormContentFilter.doFilterInternal(FormContentFilter.java:93)
	at org.springframework.web.filter.OncePerRequestFilter.doFilter(OncePerRequestFilter.java:116)
	at org.apache.catalina.core.ApplicationFilterChain.internalDoFilter(ApplicationFilterChain.java:175)
	at org.apache.catalina.core.ApplicationFilterChain.doFilter(ApplicationFilterChain.java:150)
	at org.springframework.web.filter.ServerHttpObservationFilter.doFilterInternal(ServerHttpObservationFilter.java:109)
	at org.springframework.web.filter.OncePerRequestFilter.doFilter(OncePerRequestFilter.java:116)
	at org.apache.catalina.core.ApplicationFilterChain.internalDoFilter(ApplicationFilterChain.java:175)
	at org.apache.catalina.core.ApplicationFilterChain.doFilter(ApplicationFilterChain.java:150)
	at org.springframework.web.filter.CharacterEncodingFilter.doFilterInternal(CharacterEncodingFilter.java:201)
	at org.springframework.web.filter.OncePerRequestFilter.doFilter(OncePerRequestFilter.java:116)
	at org.apache.catalina.core.ApplicationFilterChain.internalDoFilter(ApplicationFilterChain.java:175)
	at org.apache.catalina.core.ApplicationFilterChain.doFilter(ApplicationFilterChain.java:150)
	at org.apache.catalina.core.StandardWrapperValve.invoke(StandardWrapperValve.java:167)
	at org.apache.catalina.core.StandardContextValve.invoke(StandardContextValve.java:90)
	at org.apache.catalina.authenticator.AuthenticatorBase.invoke(AuthenticatorBase.java:482)
	at org.apache.catalina.core.StandardHostValve.invoke(StandardHostValve.java:115)
	at org.apache.catalina.valves.ErrorReportValve.invoke(ErrorReportValve.java:93)
	at org.apache.catalina.core.StandardEngineValve.invoke(StandardEngineValve.java:74)
	at org.apache.catalina.connector.CoyoteAdapter.service(CoyoteAdapter.java:344)
	at org.apache.coyote.http11.Http11Processor.service(Http11Processor.java:391)
	at org.apache.coyote.AbstractProcessorLight.process(AbstractProcessorLight.java:63)
	at org.apache.coyote.AbstractProtocol$ConnectionHandler.process(AbstractProtocol.java:896)
	at org.apache.tomcat.util.net.NioEndpoint$SocketProcessor.doRun(NioEndpoint.java:1736)
	at org.apache.tomcat.util.net.SocketProcessorBase.run(SocketProcessorBase.java:52)
	at org.apache.tomcat.util.threads.ThreadPoolExecutor.runWorker(ThreadPoolExecutor.java:1191)
	at org.apache.tomcat.util.threads.ThreadPoolExecutor$Worker.run(ThreadPoolExecutor.java:659)
	at org.apache.tomcat.util.threads.TaskThread$WrappingRunnable.run(TaskThread.java:63)
	at java.base/java.lang.Thread.run(Thread.java:1570)
2025-09-17 18:43:19 [http-nio-8080-exec-6] DEBUG o.s.web.servlet.DispatcherServlet - GET "/api/decision-tree/functional-scope/decision-criteria/get-details", parameters={}
2025-09-17 18:43:19 [http-nio-8080-exec-3] DEBUG o.s.w.s.m.m.a.RequestMappingHandlerMapping - Mapped to com.example.DigitalWayfinder.controller.SolutionController#getAllSolutions()
2025-09-17 18:43:19 [http-nio-8080-exec-6] DEBUG o.s.w.s.m.m.a.RequestMappingHandlerMapping - Mapped to com.example.DigitalWayfinder.controller.DecisionCriteriaController#getDecisionCriteria(UserSession)
2025-09-17 18:43:19 [http-nio-8080-exec-9] DEBUG o.s.w.s.m.m.a.HttpEntityMethodProcessor - Using 'text/plain', given [*/*] and supported [text/plain, */*, application/json, application/*+json]
2025-09-17 18:43:19 [http-nio-8080-exec-9] DEBUG o.s.w.s.m.m.a.HttpEntityMethodProcessor - Writing ["An unexpected error occurred"]
2025-09-17 18:43:19 [http-nio-8080-exec-3] INFO  c.e.D.controller.SolutionController - GET /api/v1/solutions/all - Retrieving all solutions
2025-09-17 18:43:19 [http-nio-8080-exec-6] INFO  c.e.D.c.DecisionCriteriaController - Received decision criteria request for user: USER-7EC8E435 and session: 7767684EE41898214A827ACEA511794B
2025-09-17 18:43:19 [http-nio-8080-exec-9] WARN  o.s.w.s.m.m.a.ExceptionHandlerExceptionResolver - Resolved [org.springframework.web.servlet.resource.NoResourceFoundException: No static resource api/decision-tree/project-info.]
2025-09-17 18:43:19 [http-nio-8080-exec-9] DEBUG o.s.web.servlet.DispatcherServlet - Completed 500 INTERNAL_SERVER_ERROR
2025-09-17 18:43:20 [http-nio-8080-exec-3] INFO  c.e.D.service.UserPlatformService - Retrieving all solutions from database
2025-09-17 18:43:20 [http-nio-8080-exec-6] INFO  c.e.D.s.DecisionCriteriaService - Fetching decision criteria for user: USER-7EC8E435 and session: 7767684EE41898214A827ACEA511794B
2025-09-17 18:43:20 [http-nio-8080-exec-6] DEBUG org.hibernate.SQL - 
    select
        ufp1_0.id,
        ufp1_0.CreatedDate,
        ufp1_0.FunctionalArea,
        ufp1_0.FunctionalSubArea,
        ufp1_0.IndustryType,
        ufp1_0.L1,
        ufp1_0.L2,
        ufp1_0.L3,
        ufp1_0.L4,
        ufp1_0.L5,
        ufp1_0.SessionID,
        ufp1_0.UserID 
    from
        UserFunctionalProcess ufp1_0 
    where
        ufp1_0.UserID=? 
        and ufp1_0.SessionID=?
2025-09-17 18:43:20 [http-nio-8080-exec-3] DEBUG org.hibernate.SQL - 
    select
        up1_0.Platform,
        up1_0.SessionID,
        up1_0.UserID,
        up1_0.CreatedDate,
        up1_0.FunctionalArea,
        up1_0.FunctionalSubArea,
        up1_0.IndustryType 
    from
        UserPlatform up1_0
2025-09-17 18:43:20 [http-nio-8080-exec-3] INFO  c.e.D.service.UserPlatformService - Retrieved 98 total solutions from database
2025-09-17 18:43:20 [http-nio-8080-exec-6] DEBUG org.hibernate.SQL - 
    select
        unfp1_0.id,
        unfp1_0.CreatedDate,
        unfp1_0.FunctionalArea,
        unfp1_0.FunctionalSubArea,
        unfp1_0.IndustryType,
        unfp1_0.L1,
        unfp1_0.L2,
        unfp1_0.L3,
        unfp1_0.L4,
        unfp1_0.L5,
        unfp1_0.SessionID,
        unfp1_0.UserID 
    from
        UserNonFuncProcess unfp1_0 
    where
        unfp1_0.UserID=? 
        and unfp1_0.SessionID=?
2025-09-17 18:43:21 [http-nio-8080-exec-6] DEBUG org.hibernate.SQL - 
    select
        fad1_0.id,
        fad1_0.FunctionalArea,
        fad1_0.FunctionalSubArea,
        fad1_0.IndustryType,
        fad1_0.SessionID,
        fad1_0.UserID 
    from
        UserFunctionalArea fad1_0 
    where
        fad1_0.UserID=? 
        and fad1_0.SessionID=?
2025-09-17 18:43:21 [http-nio-8080-exec-3] INFO  c.e.D.controller.SolutionController - Successfully retrieved 98 solutions
2025-09-17 18:43:21 [http-nio-8080-exec-3] DEBUG o.s.w.s.m.m.a.HttpEntityMethodProcessor - Using 'application/json', given [*/*] and supported [application/json, application/*+json]
2025-09-17 18:43:21 [http-nio-8080-exec-3] DEBUG o.s.w.s.m.m.a.HttpEntityMethodProcessor - Writing [[UserPlatform(userId=USER-45DA1B91, sessionId=09491423688BCFA63A83EA8F630C9859, functionalArea=suppl (truncated)...]
2025-09-17 18:43:21 [http-nio-8080-exec-3] DEBUG o.s.web.servlet.DispatcherServlet - Completed 200 OK
2025-09-17 18:43:21 [http-nio-8080-exec-6] INFO  c.e.D.s.DecisionCriteriaService - Found 1 functional processes and 1 non-functional processes
2025-09-17 18:43:21 [http-nio-8080-exec-6] INFO  c.e.D.s.DecisionCriteriaService - Successfully converted 1 functional rows and 1 non-functional rows
2025-09-17 18:43:21 [http-nio-8080-exec-6] INFO  c.e.D.c.DecisionCriteriaController - Successfully retrieved decision criteria for user: USER-7EC8E435 and session: 7767684EE41898214A827ACEA511794B
2025-09-17 18:43:21 [http-nio-8080-exec-6] DEBUG o.s.w.s.m.m.a.HttpEntityMethodProcessor - Using 'application/json', given [*/*] and supported [application/json, application/*+json]
2025-09-17 18:43:21 [http-nio-8080-exec-6] DEBUG o.s.w.s.m.m.a.HttpEntityMethodProcessor - Writing [DecisionCriteriaResponse(userId=USER-7EC8E435, sessionId=7767684EE41898214A827ACEA511794B, functiona (truncated)...]
2025-09-17 18:43:21 [http-nio-8080-exec-6] DEBUG o.s.web.servlet.DispatcherServlet - Completed 200 OK
2025-09-17 18:43:46 [http-nio-8080-exec-1] DEBUG o.s.web.servlet.DispatcherServlet - GET "/api/decision-tree/project-info/get", parameters={}
2025-09-17 18:43:46 [http-nio-8080-exec-1] DEBUG o.s.w.s.h.SimpleUrlHandlerMapping - Mapped to ResourceHttpRequestHandler [classpath [META-INF/resources/], classpath [resources/], classpath [static/], classpath [public/], ServletContext [/]]
2025-09-17 18:43:46 [http-nio-8080-exec-1] DEBUG o.s.w.s.r.ResourceHttpRequestHandler - Resource not found
2025-09-17 18:43:46 [http-nio-8080-exec-1] DEBUG o.s.w.s.m.m.a.ExceptionHandlerExceptionResolver - Using @ExceptionHandler com.example.DigitalWayfinder.exception.GlobalExceptionHandler#handleGenericException(Exception)
2025-09-17 18:43:46 [http-nio-8080-exec-1] ERROR c.e.D.e.GlobalExceptionHandler - Unexpected exception occurred: No static resource api/decision-tree/project-info/get.
org.springframework.web.servlet.resource.NoResourceFoundException: No static resource api/decision-tree/project-info/get.
	at org.springframework.web.servlet.resource.ResourceHttpRequestHandler.handleRequest(ResourceHttpRequestHandler.java:585)
	at org.springframework.web.servlet.mvc.HttpRequestHandlerAdapter.handle(HttpRequestHandlerAdapter.java:52)
	at org.springframework.web.servlet.DispatcherServlet.doDispatch(DispatcherServlet.java:1089)
	at org.springframework.web.servlet.DispatcherServlet.doService(DispatcherServlet.java:979)
	at org.springframework.web.servlet.FrameworkServlet.processRequest(FrameworkServlet.java:1014)
	at org.springframework.web.servlet.FrameworkServlet.doGet(FrameworkServlet.java:903)
	at jakarta.servlet.http.HttpServlet.service(HttpServlet.java:564)
	at org.springframework.web.servlet.FrameworkServlet.service(FrameworkServlet.java:885)
	at jakarta.servlet.http.HttpServlet.service(HttpServlet.java:658)
	at org.apache.catalina.core.ApplicationFilterChain.internalDoFilter(ApplicationFilterChain.java:206)
	at org.apache.catalina.core.ApplicationFilterChain.doFilter(ApplicationFilterChain.java:150)
	at org.apache.tomcat.websocket.server.WsFilter.doFilter(WsFilter.java:51)
	at org.apache.catalina.core.ApplicationFilterChain.internalDoFilter(ApplicationFilterChain.java:175)
	at org.apache.catalina.core.ApplicationFilterChain.doFilter(ApplicationFilterChain.java:150)
	at org.springframework.web.filter.RequestContextFilter.doFilterInternal(RequestContextFilter.java:100)
	at org.springframework.web.filter.OncePerRequestFilter.doFilter(OncePerRequestFilter.java:116)
	at org.apache.catalina.core.ApplicationFilterChain.internalDoFilter(ApplicationFilterChain.java:175)
	at org.apache.catalina.core.ApplicationFilterChain.doFilter(ApplicationFilterChain.java:150)
	at org.springframework.web.filter.FormContentFilter.doFilterInternal(FormContentFilter.java:93)
	at org.springframework.web.filter.OncePerRequestFilter.doFilter(OncePerRequestFilter.java:116)
	at org.apache.catalina.core.ApplicationFilterChain.internalDoFilter(ApplicationFilterChain.java:175)
	at org.apache.catalina.core.ApplicationFilterChain.doFilter(ApplicationFilterChain.java:150)
	at org.springframework.web.filter.ServerHttpObservationFilter.doFilterInternal(ServerHttpObservationFilter.java:109)
	at org.springframework.web.filter.OncePerRequestFilter.doFilter(OncePerRequestFilter.java:116)
	at org.apache.catalina.core.ApplicationFilterChain.internalDoFilter(ApplicationFilterChain.java:175)
	at org.apache.catalina.core.ApplicationFilterChain.doFilter(ApplicationFilterChain.java:150)
	at org.springframework.web.filter.CharacterEncodingFilter.doFilterInternal(CharacterEncodingFilter.java:201)
	at org.springframework.web.filter.OncePerRequestFilter.doFilter(OncePerRequestFilter.java:116)
	at org.apache.catalina.core.ApplicationFilterChain.internalDoFilter(ApplicationFilterChain.java:175)
	at org.apache.catalina.core.ApplicationFilterChain.doFilter(ApplicationFilterChain.java:150)
	at org.apache.catalina.core.StandardWrapperValve.invoke(StandardWrapperValve.java:167)
	at org.apache.catalina.core.StandardContextValve.invoke(StandardContextValve.java:90)
	at org.apache.catalina.authenticator.AuthenticatorBase.invoke(AuthenticatorBase.java:482)
	at org.apache.catalina.core.StandardHostValve.invoke(StandardHostValve.java:115)
	at org.apache.catalina.valves.ErrorReportValve.invoke(ErrorReportValve.java:93)
	at org.apache.catalina.core.StandardEngineValve.invoke(StandardEngineValve.java:74)
	at org.apache.catalina.connector.CoyoteAdapter.service(CoyoteAdapter.java:344)
	at org.apache.coyote.http11.Http11Processor.service(Http11Processor.java:391)
	at org.apache.coyote.AbstractProcessorLight.process(AbstractProcessorLight.java:63)
	at org.apache.coyote.AbstractProtocol$ConnectionHandler.process(AbstractProtocol.java:896)
	at org.apache.tomcat.util.net.NioEndpoint$SocketProcessor.doRun(NioEndpoint.java:1736)
	at org.apache.tomcat.util.net.SocketProcessorBase.run(SocketProcessorBase.java:52)
	at org.apache.tomcat.util.threads.ThreadPoolExecutor.runWorker(ThreadPoolExecutor.java:1191)
	at org.apache.tomcat.util.threads.ThreadPoolExecutor$Worker.run(ThreadPoolExecutor.java:659)
	at org.apache.tomcat.util.threads.TaskThread$WrappingRunnable.run(TaskThread.java:63)
	at java.base/java.lang.Thread.run(Thread.java:1570)
2025-09-17 18:43:46 [http-nio-8080-exec-1] DEBUG o.s.w.s.m.m.a.HttpEntityMethodProcessor - Using 'text/plain', given [*/*] and supported [text/plain, */*, application/json, application/*+json]
2025-09-17 18:43:46 [http-nio-8080-exec-1] DEBUG o.s.w.s.m.m.a.HttpEntityMethodProcessor - Writing ["An unexpected error occurred"]
2025-09-17 18:43:46 [http-nio-8080-exec-1] WARN  o.s.w.s.m.m.a.ExceptionHandlerExceptionResolver - Resolved [org.springframework.web.servlet.resource.NoResourceFoundException: No static resource api/decision-tree/project-info/get.]
2025-09-17 18:43:46 [http-nio-8080-exec-1] DEBUG o.s.web.servlet.DispatcherServlet - Completed 500 INTERNAL_SERVER_ERROR
2025-09-17 18:43:46 [http-nio-8080-exec-7] DEBUG o.s.web.servlet.DispatcherServlet - GET "/static/media/dashboard.fc64719693ae8c17e7c5.png", parameters={}
2025-09-17 18:43:46 [http-nio-8080-exec-7] DEBUG o.s.w.s.h.SimpleUrlHandlerMapping - Mapped to ResourceHttpRequestHandler [classpath [META-INF/resources/], classpath [resources/], classpath [static/], classpath [public/], ServletContext [/]]
2025-09-17 18:43:46 [http-nio-8080-exec-7] DEBUG o.s.web.servlet.DispatcherServlet - Completed 200 OK
2025-09-17 18:43:49 [http-nio-8080-exec-10] DEBUG o.s.web.servlet.DispatcherServlet - GET "/api/decision-tree/functional-scope/solution/get-all", parameters={}
2025-09-17 18:43:49 [http-nio-8080-exec-2] DEBUG o.s.web.servlet.DispatcherServlet - GET "/api/decision-tree/project-info", parameters={}
2025-09-17 18:43:49 [http-nio-8080-exec-5] DEBUG o.s.web.servlet.DispatcherServlet - GET "/api/decision-tree/functional-scope/decision-criteria/get-details", parameters={}
2025-09-17 18:43:49 [http-nio-8080-exec-10] DEBUG o.s.w.s.m.m.a.RequestMappingHandlerMapping - Mapped to com.example.DigitalWayfinder.controller.SolutionController#getAllSolutions()
2025-09-17 18:43:49 [http-nio-8080-exec-5] DEBUG o.s.w.s.m.m.a.RequestMappingHandlerMapping - Mapped to com.example.DigitalWayfinder.controller.DecisionCriteriaController#getDecisionCriteria(UserSession)
2025-09-17 18:43:49 [http-nio-8080-exec-2] DEBUG o.s.w.s.h.SimpleUrlHandlerMapping - Mapped to ResourceHttpRequestHandler [classpath [META-INF/resources/], classpath [resources/], classpath [static/], classpath [public/], ServletContext [/]]
2025-09-17 18:43:49 [http-nio-8080-exec-10] INFO  c.e.D.controller.SolutionController - GET /api/v1/solutions/all - Retrieving all solutions
2025-09-17 18:43:49 [http-nio-8080-exec-5] INFO  c.e.D.c.DecisionCriteriaController - Received decision criteria request for user: USER-7EC8E435 and session: 7767684EE41898214A827ACEA511794B
2025-09-17 18:43:49 [http-nio-8080-exec-2] DEBUG o.s.w.s.r.ResourceHttpRequestHandler - Resource not found
2025-09-17 18:43:49 [http-nio-8080-exec-2] DEBUG o.s.w.s.m.m.a.ExceptionHandlerExceptionResolver - Using @ExceptionHandler com.example.DigitalWayfinder.exception.GlobalExceptionHandler#handleGenericException(Exception)
2025-09-17 18:43:49 [http-nio-8080-exec-2] ERROR c.e.D.e.GlobalExceptionHandler - Unexpected exception occurred: No static resource api/decision-tree/project-info.
org.springframework.web.servlet.resource.NoResourceFoundException: No static resource api/decision-tree/project-info.
	at org.springframework.web.servlet.resource.ResourceHttpRequestHandler.handleRequest(ResourceHttpRequestHandler.java:585)
	at org.springframework.web.servlet.mvc.HttpRequestHandlerAdapter.handle(HttpRequestHandlerAdapter.java:52)
	at org.springframework.web.servlet.DispatcherServlet.doDispatch(DispatcherServlet.java:1089)
	at org.springframework.web.servlet.DispatcherServlet.doService(DispatcherServlet.java:979)
	at org.springframework.web.servlet.FrameworkServlet.processRequest(FrameworkServlet.java:1014)
	at org.springframework.web.servlet.FrameworkServlet.doGet(FrameworkServlet.java:903)
	at jakarta.servlet.http.HttpServlet.service(HttpServlet.java:564)
	at org.springframework.web.servlet.FrameworkServlet.service(FrameworkServlet.java:885)
	at jakarta.servlet.http.HttpServlet.service(HttpServlet.java:658)
	at org.apache.catalina.core.ApplicationFilterChain.internalDoFilter(ApplicationFilterChain.java:206)
	at org.apache.catalina.core.ApplicationFilterChain.doFilter(ApplicationFilterChain.java:150)
	at org.apache.tomcat.websocket.server.WsFilter.doFilter(WsFilter.java:51)
	at org.apache.catalina.core.ApplicationFilterChain.internalDoFilter(ApplicationFilterChain.java:175)
	at org.apache.catalina.core.ApplicationFilterChain.doFilter(ApplicationFilterChain.java:150)
	at org.springframework.web.filter.RequestContextFilter.doFilterInternal(RequestContextFilter.java:100)
	at org.springframework.web.filter.OncePerRequestFilter.doFilter(OncePerRequestFilter.java:116)
	at org.apache.catalina.core.ApplicationFilterChain.internalDoFilter(ApplicationFilterChain.java:175)
	at org.apache.catalina.core.ApplicationFilterChain.doFilter(ApplicationFilterChain.java:150)
	at org.springframework.web.filter.FormContentFilter.doFilterInternal(FormContentFilter.java:93)
	at org.springframework.web.filter.OncePerRequestFilter.doFilter(OncePerRequestFilter.java:116)
	at org.apache.catalina.core.ApplicationFilterChain.internalDoFilter(ApplicationFilterChain.java:175)
	at org.apache.catalina.core.ApplicationFilterChain.doFilter(ApplicationFilterChain.java:150)
	at org.springframework.web.filter.ServerHttpObservationFilter.doFilterInternal(ServerHttpObservationFilter.java:109)
	at org.springframework.web.filter.OncePerRequestFilter.doFilter(OncePerRequestFilter.java:116)
	at org.apache.catalina.core.ApplicationFilterChain.internalDoFilter(ApplicationFilterChain.java:175)
	at org.apache.catalina.core.ApplicationFilterChain.doFilter(ApplicationFilterChain.java:150)
	at org.springframework.web.filter.CharacterEncodingFilter.doFilterInternal(CharacterEncodingFilter.java:201)
	at org.springframework.web.filter.OncePerRequestFilter.doFilter(OncePerRequestFilter.java:116)
	at org.apache.catalina.core.ApplicationFilterChain.internalDoFilter(ApplicationFilterChain.java:175)
	at org.apache.catalina.core.ApplicationFilterChain.doFilter(ApplicationFilterChain.java:150)
	at org.apache.catalina.core.StandardWrapperValve.invoke(StandardWrapperValve.java:167)
	at org.apache.catalina.core.StandardContextValve.invoke(StandardContextValve.java:90)
	at org.apache.catalina.authenticator.AuthenticatorBase.invoke(AuthenticatorBase.java:482)
	at org.apache.catalina.core.StandardHostValve.invoke(StandardHostValve.java:115)
	at org.apache.catalina.valves.ErrorReportValve.invoke(ErrorReportValve.java:93)
	at org.apache.catalina.core.StandardEngineValve.invoke(StandardEngineValve.java:74)
	at org.apache.catalina.connector.CoyoteAdapter.service(CoyoteAdapter.java:344)
	at org.apache.coyote.http11.Http11Processor.service(Http11Processor.java:391)
	at org.apache.coyote.AbstractProcessorLight.process(AbstractProcessorLight.java:63)
	at org.apache.coyote.AbstractProtocol$ConnectionHandler.process(AbstractProtocol.java:896)
	at org.apache.tomcat.util.net.NioEndpoint$SocketProcessor.doRun(NioEndpoint.java:1736)
	at org.apache.tomcat.util.net.SocketProcessorBase.run(SocketProcessorBase.java:52)
	at org.apache.tomcat.util.threads.ThreadPoolExecutor.runWorker(ThreadPoolExecutor.java:1191)
	at org.apache.tomcat.util.threads.ThreadPoolExecutor$Worker.run(ThreadPoolExecutor.java:659)
	at org.apache.tomcat.util.threads.TaskThread$WrappingRunnable.run(TaskThread.java:63)
	at java.base/java.lang.Thread.run(Thread.java:1570)
2025-09-17 18:43:49 [http-nio-8080-exec-2] DEBUG o.s.w.s.m.m.a.HttpEntityMethodProcessor - Using 'text/plain', given [*/*] and supported [text/plain, */*, application/json, application/*+json]
2025-09-17 18:43:49 [http-nio-8080-exec-2] DEBUG o.s.w.s.m.m.a.HttpEntityMethodProcessor - Writing ["An unexpected error occurred"]
2025-09-17 18:43:49 [http-nio-8080-exec-2] WARN  o.s.w.s.m.m.a.ExceptionHandlerExceptionResolver - Resolved [org.springframework.web.servlet.resource.NoResourceFoundException: No static resource api/decision-tree/project-info.]
2025-09-17 18:43:49 [http-nio-8080-exec-2] DEBUG o.s.web.servlet.DispatcherServlet - Completed 500 INTERNAL_SERVER_ERROR
2025-09-17 18:43:49 [http-nio-8080-exec-4] DEBUG o.s.web.servlet.DispatcherServlet - GET "/api/decision-tree/project-info/get", parameters={}
2025-09-17 18:43:49 [http-nio-8080-exec-4] DEBUG o.s.w.s.h.SimpleUrlHandlerMapping - Mapped to ResourceHttpRequestHandler [classpath [META-INF/resources/], classpath [resources/], classpath [static/], classpath [public/], ServletContext [/]]
2025-09-17 18:43:50 [http-nio-8080-exec-4] DEBUG o.s.w.s.r.ResourceHttpRequestHandler - Resource not found
2025-09-17 18:43:50 [http-nio-8080-exec-4] DEBUG o.s.w.s.m.m.a.ExceptionHandlerExceptionResolver - Using @ExceptionHandler com.example.DigitalWayfinder.exception.GlobalExceptionHandler#handleGenericException(Exception)
2025-09-17 18:43:50 [http-nio-8080-exec-4] ERROR c.e.D.e.GlobalExceptionHandler - Unexpected exception occurred: No static resource api/decision-tree/project-info/get.
org.springframework.web.servlet.resource.NoResourceFoundException: No static resource api/decision-tree/project-info/get.
	at org.springframework.web.servlet.resource.ResourceHttpRequestHandler.handleRequest(ResourceHttpRequestHandler.java:585)
	at org.springframework.web.servlet.mvc.HttpRequestHandlerAdapter.handle(HttpRequestHandlerAdapter.java:52)
	at org.springframework.web.servlet.DispatcherServlet.doDispatch(DispatcherServlet.java:1089)
	at org.springframework.web.servlet.DispatcherServlet.doService(DispatcherServlet.java:979)
	at org.springframework.web.servlet.FrameworkServlet.processRequest(FrameworkServlet.java:1014)
	at org.springframework.web.servlet.FrameworkServlet.doGet(FrameworkServlet.java:903)
	at jakarta.servlet.http.HttpServlet.service(HttpServlet.java:564)
	at org.springframework.web.servlet.FrameworkServlet.service(FrameworkServlet.java:885)
	at jakarta.servlet.http.HttpServlet.service(HttpServlet.java:658)
	at org.apache.catalina.core.ApplicationFilterChain.internalDoFilter(ApplicationFilterChain.java:206)
	at org.apache.catalina.core.ApplicationFilterChain.doFilter(ApplicationFilterChain.java:150)
	at org.apache.tomcat.websocket.server.WsFilter.doFilter(WsFilter.java:51)
	at org.apache.catalina.core.ApplicationFilterChain.internalDoFilter(ApplicationFilterChain.java:175)
	at org.apache.catalina.core.ApplicationFilterChain.doFilter(ApplicationFilterChain.java:150)
	at org.springframework.web.filter.RequestContextFilter.doFilterInternal(RequestContextFilter.java:100)
	at org.springframework.web.filter.OncePerRequestFilter.doFilter(OncePerRequestFilter.java:116)
	at org.apache.catalina.core.ApplicationFilterChain.internalDoFilter(ApplicationFilterChain.java:175)
	at org.apache.catalina.core.ApplicationFilterChain.doFilter(ApplicationFilterChain.java:150)
	at org.springframework.web.filter.FormContentFilter.doFilterInternal(FormContentFilter.java:93)
	at org.springframework.web.filter.OncePerRequestFilter.doFilter(OncePerRequestFilter.java:116)
	at org.apache.catalina.core.ApplicationFilterChain.internalDoFilter(ApplicationFilterChain.java:175)
	at org.apache.catalina.core.ApplicationFilterChain.doFilter(ApplicationFilterChain.java:150)
	at org.springframework.web.filter.ServerHttpObservationFilter.doFilterInternal(ServerHttpObservationFilter.java:109)
	at org.springframework.web.filter.OncePerRequestFilter.doFilter(OncePerRequestFilter.java:116)
	at org.apache.catalina.core.ApplicationFilterChain.internalDoFilter(ApplicationFilterChain.java:175)
	at org.apache.catalina.core.ApplicationFilterChain.doFilter(ApplicationFilterChain.java:150)
	at org.springframework.web.filter.CharacterEncodingFilter.doFilterInternal(CharacterEncodingFilter.java:201)
	at org.springframework.web.filter.OncePerRequestFilter.doFilter(OncePerRequestFilter.java:116)
	at org.apache.catalina.core.ApplicationFilterChain.internalDoFilter(ApplicationFilterChain.java:175)
	at org.apache.catalina.core.ApplicationFilterChain.doFilter(ApplicationFilterChain.java:150)
	at org.apache.catalina.core.StandardWrapperValve.invoke(StandardWrapperValve.java:167)
	at org.apache.catalina.core.StandardContextValve.invoke(StandardContextValve.java:90)
	at org.apache.catalina.authenticator.AuthenticatorBase.invoke(AuthenticatorBase.java:482)
	at org.apache.catalina.core.StandardHostValve.invoke(StandardHostValve.java:115)
	at org.apache.catalina.valves.ErrorReportValve.invoke(ErrorReportValve.java:93)
	at org.apache.catalina.core.StandardEngineValve.invoke(StandardEngineValve.java:74)
	at org.apache.catalina.connector.CoyoteAdapter.service(CoyoteAdapter.java:344)
	at org.apache.coyote.http11.Http11Processor.service(Http11Processor.java:391)
	at org.apache.coyote.AbstractProcessorLight.process(AbstractProcessorLight.java:63)
	at org.apache.coyote.AbstractProtocol$ConnectionHandler.process(AbstractProtocol.java:896)
	at org.apache.tomcat.util.net.NioEndpoint$SocketProcessor.doRun(NioEndpoint.java:1736)
	at org.apache.tomcat.util.net.SocketProcessorBase.run(SocketProcessorBase.java:52)
	at org.apache.tomcat.util.threads.ThreadPoolExecutor.runWorker(ThreadPoolExecutor.java:1191)
	at org.apache.tomcat.util.threads.ThreadPoolExecutor$Worker.run(ThreadPoolExecutor.java:659)
	at org.apache.tomcat.util.threads.TaskThread$WrappingRunnable.run(TaskThread.java:63)
	at java.base/java.lang.Thread.run(Thread.java:1570)
2025-09-17 18:43:50 [http-nio-8080-exec-4] DEBUG o.s.w.s.m.m.a.HttpEntityMethodProcessor - Using 'text/plain', given [*/*] and supported [text/plain, */*, application/json, application/*+json]
2025-09-17 18:43:50 [http-nio-8080-exec-4] DEBUG o.s.w.s.m.m.a.HttpEntityMethodProcessor - Writing ["An unexpected error occurred"]
2025-09-17 18:43:50 [http-nio-8080-exec-4] WARN  o.s.w.s.m.m.a.ExceptionHandlerExceptionResolver - Resolved [org.springframework.web.servlet.resource.NoResourceFoundException: No static resource api/decision-tree/project-info/get.]
2025-09-17 18:43:50 [http-nio-8080-exec-4] DEBUG o.s.web.servlet.DispatcherServlet - Completed 500 INTERNAL_SERVER_ERROR
2025-09-17 18:43:50 [http-nio-8080-exec-8] DEBUG o.s.web.servlet.DispatcherServlet - GET "/static/media/dashboard.fc64719693ae8c17e7c5.png", parameters={}
2025-09-17 18:43:50 [http-nio-8080-exec-8] DEBUG o.s.w.s.h.SimpleUrlHandlerMapping - Mapped to ResourceHttpRequestHandler [classpath [META-INF/resources/], classpath [resources/], classpath [static/], classpath [public/], ServletContext [/]]
2025-09-17 18:43:50 [http-nio-8080-exec-10] INFO  c.e.D.service.UserPlatformService - Retrieving all solutions from database
2025-09-17 18:43:50 [http-nio-8080-exec-10] DEBUG org.hibernate.SQL - 
    select
        up1_0.Platform,
        up1_0.SessionID,
        up1_0.UserID,
        up1_0.CreatedDate,
        up1_0.FunctionalArea,
        up1_0.FunctionalSubArea,
        up1_0.IndustryType 
    from
        UserPlatform up1_0
2025-09-17 18:43:50 [http-nio-8080-exec-5] INFO  c.e.D.s.DecisionCriteriaService - Fetching decision criteria for user: USER-7EC8E435 and session: 7767684EE41898214A827ACEA511794B
2025-09-17 18:43:50 [http-nio-8080-exec-8] DEBUG o.s.web.servlet.DispatcherServlet - Completed 200 OK
2025-09-17 18:43:50 [http-nio-8080-exec-5] DEBUG org.hibernate.SQL - 
    select
        ufp1_0.id,
        ufp1_0.CreatedDate,
        ufp1_0.FunctionalArea,
        ufp1_0.FunctionalSubArea,
        ufp1_0.IndustryType,
        ufp1_0.L1,
        ufp1_0.L2,
        ufp1_0.L3,
        ufp1_0.L4,
        ufp1_0.L5,
        ufp1_0.SessionID,
        ufp1_0.UserID 
    from
        UserFunctionalProcess ufp1_0 
    where
        ufp1_0.UserID=? 
        and ufp1_0.SessionID=?
2025-09-17 18:43:50 [http-nio-8080-exec-5] DEBUG org.hibernate.SQL - 
    select
        unfp1_0.id,
        unfp1_0.CreatedDate,
        unfp1_0.FunctionalArea,
        unfp1_0.FunctionalSubArea,
        unfp1_0.IndustryType,
        unfp1_0.L1,
        unfp1_0.L2,
        unfp1_0.L3,
        unfp1_0.L4,
        unfp1_0.L5,
        unfp1_0.SessionID,
        unfp1_0.UserID 
    from
        UserNonFuncProcess unfp1_0 
    where
        unfp1_0.UserID=? 
        and unfp1_0.SessionID=?
2025-09-17 18:43:50 [http-nio-8080-exec-10] INFO  c.e.D.service.UserPlatformService - Retrieved 98 total solutions from database
2025-09-17 18:43:50 [http-nio-8080-exec-5] DEBUG org.hibernate.SQL - 
    select
        fad1_0.id,
        fad1_0.FunctionalArea,
        fad1_0.FunctionalSubArea,
        fad1_0.IndustryType,
        fad1_0.SessionID,
        fad1_0.UserID 
    from
        UserFunctionalArea fad1_0 
    where
        fad1_0.UserID=? 
        and fad1_0.SessionID=?
2025-09-17 18:43:50 [http-nio-8080-exec-10] INFO  c.e.D.controller.SolutionController - Successfully retrieved 98 solutions
2025-09-17 18:43:50 [http-nio-8080-exec-10] DEBUG o.s.w.s.m.m.a.HttpEntityMethodProcessor - Using 'application/json', given [*/*] and supported [application/json, application/*+json]
2025-09-17 18:43:50 [http-nio-8080-exec-10] DEBUG o.s.w.s.m.m.a.HttpEntityMethodProcessor - Writing [[UserPlatform(userId=USER-45DA1B91, sessionId=09491423688BCFA63A83EA8F630C9859, functionalArea=suppl (truncated)...]
2025-09-17 18:43:50 [http-nio-8080-exec-10] DEBUG o.s.web.servlet.DispatcherServlet - Completed 200 OK
2025-09-17 18:43:50 [http-nio-8080-exec-5] INFO  c.e.D.s.DecisionCriteriaService - Found 1 functional processes and 1 non-functional processes
2025-09-17 18:43:50 [http-nio-8080-exec-5] INFO  c.e.D.s.DecisionCriteriaService - Successfully converted 1 functional rows and 1 non-functional rows
2025-09-17 18:43:51 [http-nio-8080-exec-5] INFO  c.e.D.c.DecisionCriteriaController - Successfully retrieved decision criteria for user: USER-7EC8E435 and session: 7767684EE41898214A827ACEA511794B
2025-09-17 18:43:51 [http-nio-8080-exec-5] DEBUG o.s.w.s.m.m.a.HttpEntityMethodProcessor - Using 'application/json', given [*/*] and supported [application/json, application/*+json]
2025-09-17 18:43:51 [http-nio-8080-exec-5] DEBUG o.s.w.s.m.m.a.HttpEntityMethodProcessor - Writing [DecisionCriteriaResponse(userId=USER-7EC8E435, sessionId=7767684EE41898214A827ACEA511794B, functiona (truncated)...]
2025-09-17 18:43:51 [http-nio-8080-exec-5] DEBUG o.s.web.servlet.DispatcherServlet - Completed 200 OK
2025-09-17 18:43:53 [http-nio-8080-exec-9] DEBUG o.s.web.servlet.DispatcherServlet - GET "/decision-tree", parameters={}
2025-09-17 18:43:53 [http-nio-8080-exec-9] DEBUG o.s.w.s.m.m.a.RequestMappingHandlerMapping - Mapped to com.example.DigitalWayfinder.controller.WebController#redirect(String)
2025-09-17 18:43:53 [http-nio-8080-exec-9] DEBUG o.s.w.s.v.ContentNegotiatingViewResolver - Selected 'text/html' given [text/html, application/xhtml+xml, image/avif, image/webp, image/apng, application/xml;q=0.9, */*;q=0.8, application/signed-exchange;v=b3;q=0.7]
2025-09-17 18:43:53 [http-nio-8080-exec-9] DEBUG o.s.w.s.view.InternalResourceView - View name 'forward:', model {userSession=UserSession{userId='USER-7EC8E435', sessionId='7767684EE41898214A827ACEA511794B'}, org.springframework.validation.BindingResult.userSession=org.springframework.validation.BeanPropertyBindingResult: 0 errors}
2025-09-17 18:43:53 [http-nio-8080-exec-9] DEBUG o.s.w.s.view.InternalResourceView - Forwarding to [/]
2025-09-17 18:43:53 [http-nio-8080-exec-9] DEBUG o.s.web.servlet.DispatcherServlet - "FORWARD" dispatch for GET "/", parameters={}
2025-09-17 18:43:53 [http-nio-8080-exec-9] DEBUG o.s.w.s.v.ContentNegotiatingViewResolver - Selected 'text/html' given [text/html, application/xhtml+xml, image/avif, image/webp, image/apng, application/xml;q=0.9, */*;q=0.8, application/signed-exchange;v=b3;q=0.7]
2025-09-17 18:43:53 [http-nio-8080-exec-9] DEBUG o.s.w.s.view.InternalResourceView - View name 'forward:', model {}
2025-09-17 18:43:53 [http-nio-8080-exec-9] DEBUG o.s.w.s.view.InternalResourceView - Forwarding to [index.html]
2025-09-17 18:43:53 [http-nio-8080-exec-9] DEBUG o.s.web.servlet.DispatcherServlet - "FORWARD" dispatch for GET "/index.html", parameters={}
2025-09-17 18:43:53 [http-nio-8080-exec-9] DEBUG o.s.w.s.h.SimpleUrlHandlerMapping - Mapped to ResourceHttpRequestHandler [classpath [META-INF/resources/], classpath [resources/], classpath [static/], classpath [public/], ServletContext [/]]
2025-09-17 18:43:53 [http-nio-8080-exec-9] DEBUG o.s.web.servlet.DispatcherServlet - Exiting from "FORWARD" dispatch, status 200
2025-09-17 18:43:53 [http-nio-8080-exec-9] DEBUG o.s.web.servlet.DispatcherServlet - Exiting from "FORWARD" dispatch, status 200
2025-09-17 18:43:53 [http-nio-8080-exec-9] DEBUG o.s.web.servlet.DispatcherServlet - Completed 200 OK
2025-09-17 18:43:53 [http-nio-8080-exec-6] DEBUG o.s.web.servlet.DispatcherServlet - GET "/static/css/main.9d9a0e93.css", parameters={}
2025-09-17 18:43:53 [http-nio-8080-exec-3] DEBUG o.s.web.servlet.DispatcherServlet - GET "/static/js/main.6cf2baff.js", parameters={}
2025-09-17 18:43:53 [http-nio-8080-exec-6] DEBUG o.s.w.s.h.SimpleUrlHandlerMapping - Mapped to ResourceHttpRequestHandler [classpath [META-INF/resources/], classpath [resources/], classpath [static/], classpath [public/], ServletContext [/]]
2025-09-17 18:43:53 [http-nio-8080-exec-3] DEBUG o.s.w.s.h.SimpleUrlHandlerMapping - Mapped to ResourceHttpRequestHandler [classpath [META-INF/resources/], classpath [resources/], classpath [static/], classpath [public/], ServletContext [/]]
2025-09-17 18:43:53 [http-nio-8080-exec-6] DEBUG o.s.web.servlet.DispatcherServlet - Completed 200 OK
2025-09-17 18:43:53 [http-nio-8080-exec-3] DEBUG o.s.web.servlet.DispatcherServlet - Completed 200 OK
2025-09-17 18:43:53 [http-nio-8080-exec-1] DEBUG o.s.web.servlet.DispatcherServlet - GET "/static/media/logo.2dfd99a2aed3f920a263.png", parameters={}
2025-09-17 18:43:53 [http-nio-8080-exec-1] DEBUG o.s.w.s.h.SimpleUrlHandlerMapping - Mapped to ResourceHttpRequestHandler [classpath [META-INF/resources/], classpath [resources/], classpath [static/], classpath [public/], ServletContext [/]]
2025-09-17 18:43:53 [http-nio-8080-exec-7] DEBUG o.s.web.servlet.DispatcherServlet - GET "/favicon.ico", parameters={}
2025-09-17 18:43:53 [http-nio-8080-exec-4] DEBUG o.s.web.servlet.DispatcherServlet - GET "/api/decision-tree/project-info/get", parameters={}
2025-09-17 18:43:53 [http-nio-8080-exec-2] DEBUG o.s.web.servlet.DispatcherServlet - GET "/manifest.json", parameters={}
2025-09-17 18:43:53 [http-nio-8080-exec-7] DEBUG o.s.w.s.h.SimpleUrlHandlerMapping - Mapped to ResourceHttpRequestHandler [classpath [META-INF/resources/], classpath [resources/], classpath [static/], classpath [public/], ServletContext [/]]
2025-09-17 18:43:53 [http-nio-8080-exec-4] DEBUG o.s.w.s.h.SimpleUrlHandlerMapping - Mapped to ResourceHttpRequestHandler [classpath [META-INF/resources/], classpath [resources/], classpath [static/], classpath [public/], ServletContext [/]]
2025-09-17 18:43:53 [http-nio-8080-exec-2] DEBUG o.s.w.s.h.SimpleUrlHandlerMapping - Mapped to ResourceHttpRequestHandler [classpath [META-INF/resources/], classpath [resources/], classpath [static/], classpath [public/], ServletContext [/]]
2025-09-17 18:43:53 [http-nio-8080-exec-1] DEBUG o.s.web.servlet.DispatcherServlet - Completed 200 OK
2025-09-17 18:43:53 [http-nio-8080-exec-4] DEBUG o.s.w.s.r.ResourceHttpRequestHandler - Resource not found
2025-09-17 18:43:53 [http-nio-8080-exec-4] DEBUG o.s.w.s.m.m.a.ExceptionHandlerExceptionResolver - Using @ExceptionHandler com.example.DigitalWayfinder.exception.GlobalExceptionHandler#handleGenericException(Exception)
2025-09-17 18:43:53 [http-nio-8080-exec-2] DEBUG o.s.web.servlet.DispatcherServlet - Completed 200 OK
2025-09-17 18:43:53 [http-nio-8080-exec-4] ERROR c.e.D.e.GlobalExceptionHandler - Unexpected exception occurred: No static resource api/decision-tree/project-info/get.
org.springframework.web.servlet.resource.NoResourceFoundException: No static resource api/decision-tree/project-info/get.
	at org.springframework.web.servlet.resource.ResourceHttpRequestHandler.handleRequest(ResourceHttpRequestHandler.java:585)
	at org.springframework.web.servlet.mvc.HttpRequestHandlerAdapter.handle(HttpRequestHandlerAdapter.java:52)
	at org.springframework.web.servlet.DispatcherServlet.doDispatch(DispatcherServlet.java:1089)
	at org.springframework.web.servlet.DispatcherServlet.doService(DispatcherServlet.java:979)
	at org.springframework.web.servlet.FrameworkServlet.processRequest(FrameworkServlet.java:1014)
	at org.springframework.web.servlet.FrameworkServlet.doGet(FrameworkServlet.java:903)
	at jakarta.servlet.http.HttpServlet.service(HttpServlet.java:564)
	at org.springframework.web.servlet.FrameworkServlet.service(FrameworkServlet.java:885)
	at jakarta.servlet.http.HttpServlet.service(HttpServlet.java:658)
	at org.apache.catalina.core.ApplicationFilterChain.internalDoFilter(ApplicationFilterChain.java:206)
	at org.apache.catalina.core.ApplicationFilterChain.doFilter(ApplicationFilterChain.java:150)
	at org.apache.tomcat.websocket.server.WsFilter.doFilter(WsFilter.java:51)
	at org.apache.catalina.core.ApplicationFilterChain.internalDoFilter(ApplicationFilterChain.java:175)
	at org.apache.catalina.core.ApplicationFilterChain.doFilter(ApplicationFilterChain.java:150)
	at org.springframework.web.filter.RequestContextFilter.doFilterInternal(RequestContextFilter.java:100)
	at org.springframework.web.filter.OncePerRequestFilter.doFilter(OncePerRequestFilter.java:116)
	at org.apache.catalina.core.ApplicationFilterChain.internalDoFilter(ApplicationFilterChain.java:175)
	at org.apache.catalina.core.ApplicationFilterChain.doFilter(ApplicationFilterChain.java:150)
	at org.springframework.web.filter.FormContentFilter.doFilterInternal(FormContentFilter.java:93)
	at org.springframework.web.filter.OncePerRequestFilter.doFilter(OncePerRequestFilter.java:116)
	at org.apache.catalina.core.ApplicationFilterChain.internalDoFilter(ApplicationFilterChain.java:175)
	at org.apache.catalina.core.ApplicationFilterChain.doFilter(ApplicationFilterChain.java:150)
	at org.springframework.web.filter.ServerHttpObservationFilter.doFilterInternal(ServerHttpObservationFilter.java:109)
	at org.springframework.web.filter.OncePerRequestFilter.doFilter(OncePerRequestFilter.java:116)
	at org.apache.catalina.core.ApplicationFilterChain.internalDoFilter(ApplicationFilterChain.java:175)
	at org.apache.catalina.core.ApplicationFilterChain.doFilter(ApplicationFilterChain.java:150)
	at org.springframework.web.filter.CharacterEncodingFilter.doFilterInternal(CharacterEncodingFilter.java:201)
	at org.springframework.web.filter.OncePerRequestFilter.doFilter(OncePerRequestFilter.java:116)
	at org.apache.catalina.core.ApplicationFilterChain.internalDoFilter(ApplicationFilterChain.java:175)
	at org.apache.catalina.core.ApplicationFilterChain.doFilter(ApplicationFilterChain.java:150)
	at org.apache.catalina.core.StandardWrapperValve.invoke(StandardWrapperValve.java:167)
	at org.apache.catalina.core.StandardContextValve.invoke(StandardContextValve.java:90)
	at org.apache.catalina.authenticator.AuthenticatorBase.invoke(AuthenticatorBase.java:482)
	at org.apache.catalina.core.StandardHostValve.invoke(StandardHostValve.java:115)
	at org.apache.catalina.valves.ErrorReportValve.invoke(ErrorReportValve.java:93)
	at org.apache.catalina.core.StandardEngineValve.invoke(StandardEngineValve.java:74)
	at org.apache.catalina.connector.CoyoteAdapter.service(CoyoteAdapter.java:344)
	at org.apache.coyote.http11.Http11Processor.service(Http11Processor.java:391)
	at org.apache.coyote.AbstractProcessorLight.process(AbstractProcessorLight.java:63)
	at org.apache.coyote.AbstractProtocol$ConnectionHandler.process(AbstractProtocol.java:896)
	at org.apache.tomcat.util.net.NioEndpoint$SocketProcessor.doRun(NioEndpoint.java:1736)
	at org.apache.tomcat.util.net.SocketProcessorBase.run(SocketProcessorBase.java:52)
	at org.apache.tomcat.util.threads.ThreadPoolExecutor.runWorker(ThreadPoolExecutor.java:1191)
	at org.apache.tomcat.util.threads.ThreadPoolExecutor$Worker.run(ThreadPoolExecutor.java:659)
	at org.apache.tomcat.util.threads.TaskThread$WrappingRunnable.run(TaskThread.java:63)
	at java.base/java.lang.Thread.run(Thread.java:1570)
2025-09-17 18:43:53 [http-nio-8080-exec-4] DEBUG o.s.w.s.m.m.a.HttpEntityMethodProcessor - Using 'text/plain', given [*/*] and supported [text/plain, */*, application/json, application/*+json]
2025-09-17 18:43:53 [http-nio-8080-exec-4] DEBUG o.s.w.s.m.m.a.HttpEntityMethodProcessor - Writing ["An unexpected error occurred"]
2025-09-17 18:43:53 [http-nio-8080-exec-8] DEBUG o.s.web.servlet.DispatcherServlet - GET "/logo192.png", parameters={}
2025-09-17 18:43:53 [http-nio-8080-exec-7] DEBUG o.s.web.servlet.DispatcherServlet - Completed 200 OK
2025-09-17 18:43:53 [http-nio-8080-exec-4] WARN  o.s.w.s.m.m.a.ExceptionHandlerExceptionResolver - Resolved [org.springframework.web.servlet.resource.NoResourceFoundException: No static resource api/decision-tree/project-info/get.]
2025-09-17 18:43:53 [http-nio-8080-exec-4] DEBUG o.s.web.servlet.DispatcherServlet - Completed 500 INTERNAL_SERVER_ERROR
2025-09-17 18:43:53 [http-nio-8080-exec-8] DEBUG o.s.w.s.h.SimpleUrlHandlerMapping - Mapped to ResourceHttpRequestHandler [classpath [META-INF/resources/], classpath [resources/], classpath [static/], classpath [public/], ServletContext [/]]
2025-09-17 18:43:53 [http-nio-8080-exec-8] DEBUG o.s.web.servlet.DispatcherServlet - Completed 200 OK
2025-09-17 18:43:53 [http-nio-8080-exec-10] DEBUG o.s.web.servlet.DispatcherServlet - GET "/static/media/dashboard.fc64719693ae8c17e7c5.png", parameters={}
2025-09-17 18:43:53 [http-nio-8080-exec-10] DEBUG o.s.w.s.h.SimpleUrlHandlerMapping - Mapped to ResourceHttpRequestHandler [classpath [META-INF/resources/], classpath [resources/], classpath [static/], classpath [public/], ServletContext [/]]
2025-09-17 18:43:53 [http-nio-8080-exec-10] DEBUG o.s.web.servlet.DispatcherServlet - Completed 200 OK
2025-09-17 18:43:56 [http-nio-8080-exec-5] DEBUG o.s.web.servlet.DispatcherServlet - POST "/api/decision-tree/project-info/save", parameters={}
2025-09-17 18:43:56 [http-nio-8080-exec-5] DEBUG o.s.w.s.m.m.a.RequestMappingHandlerMapping - Mapped to com.example.DigitalWayfinder.controller.ProjectInfoController#saveProjectInfo(ProjectInfoRequest, UserSession)
2025-09-17 18:43:56 [http-nio-8080-exec-5] DEBUG o.s.w.s.m.m.a.RequestResponseBodyMethodProcessor - Read "application/json;charset=UTF-8" to [ProjectInfoRequest(projectType=internal, requestID=13412, clientName=rqwerw, clientDescription=, pro (truncated)...]
2025-09-17 18:43:56 [http-nio-8080-exec-5] INFO  c.e.D.c.ProjectInfoController - Received request to save project info: 13412 for user: USER-7EC8E435 in session: 7767684EE41898214A827ACEA511794B
2025-09-17 18:43:57 [http-nio-8080-exec-5] INFO  c.e.D.service.ProjectInfoService - Processing project info for request ID: 13412 by user: USER-7EC8E435 in session: 7767684EE41898214A827ACEA511794B
2025-09-17 18:43:57 [http-nio-8080-exec-5] DEBUG org.hibernate.SQL - 
    select
        pt1_0.id,
        pt1_0.ClientDescription,
        pt1_0.ClientName,
        pt1_0.CreatedDate,
        pt1_0.ProjectScope,
        pt1_0.ProjectType,
        pt1_0.RequestID,
        pt1_0.SessionID,
        pt1_0.UserID 
    from
        ProjectType pt1_0 
    where
        pt1_0.UserID=? 
        and pt1_0.SessionID=?
2025-09-17 18:43:57 [http-nio-8080-exec-5] INFO  c.e.D.service.ProjectInfoService - Updating existing project with ID: 225
2025-09-17 18:43:57 [http-nio-8080-exec-5] INFO  c.e.D.service.ProjectInfoService - Project information updated successfully with ID: 225
2025-09-17 18:43:57 [http-nio-8080-exec-5] DEBUG o.s.w.s.m.m.a.HttpEntityMethodProcessor - Using 'application/json', given [*/*] and supported [application/json, application/*+json]
2025-09-17 18:43:57 [http-nio-8080-exec-5] DEBUG o.s.w.s.m.m.a.HttpEntityMethodProcessor - Writing [ProjectInfoResponse(id=225, userID=USER-7EC8E435, projectType=internal, requestID=13412, clientName= (truncated)...]
2025-09-17 18:43:57 [http-nio-8080-exec-5] DEBUG o.s.web.servlet.DispatcherServlet - Completed 200 OK
2025-09-17 18:43:57 [http-nio-8080-exec-9] DEBUG o.s.web.servlet.DispatcherServlet - GET "/static/media/dashboard.fc64719693ae8c17e7c5.png", parameters={}
2025-09-17 18:43:57 [http-nio-8080-exec-9] DEBUG o.s.w.s.h.SimpleUrlHandlerMapping - Mapped to ResourceHttpRequestHandler [classpath [META-INF/resources/], classpath [resources/], classpath [static/], classpath [public/], ServletContext [/]]
2025-09-17 18:43:57 [http-nio-8080-exec-6] DEBUG o.s.web.servlet.DispatcherServlet - GET "/static/media/supply-chain-planning.e00cda5f9f556d0f2f7b.png", parameters={}
2025-09-17 18:43:57 [http-nio-8080-exec-3] DEBUG o.s.web.servlet.DispatcherServlet - GET "/static/media/supply-chain-fulfillment.6dc3aaa89826c6c2506e.png", parameters={}
2025-09-17 18:43:57 [http-nio-8080-exec-6] DEBUG o.s.w.s.h.SimpleUrlHandlerMapping - Mapped to ResourceHttpRequestHandler [classpath [META-INF/resources/], classpath [resources/], classpath [static/], classpath [public/], ServletContext [/]]
2025-09-17 18:43:57 [http-nio-8080-exec-3] DEBUG o.s.w.s.h.SimpleUrlHandlerMapping - Mapped to ResourceHttpRequestHandler [classpath [META-INF/resources/], classpath [resources/], classpath [static/], classpath [public/], ServletContext [/]]
2025-09-17 18:43:57 [http-nio-8080-exec-9] DEBUG o.s.web.servlet.DispatcherServlet - Completed 200 OK
2025-09-17 18:43:57 [http-nio-8080-exec-1] DEBUG o.s.web.servlet.DispatcherServlet - GET "/api/decision-tree/functional-area/get", parameters={}
2025-09-17 18:43:57 [http-nio-8080-exec-3] DEBUG o.s.web.servlet.DispatcherServlet - Completed 200 OK
2025-09-17 18:43:57 [http-nio-8080-exec-1] DEBUG o.s.w.s.h.SimpleUrlHandlerMapping - Mapped to ResourceHttpRequestHandler [classpath [META-INF/resources/], classpath [resources/], classpath [static/], classpath [public/], ServletContext [/]]
2025-09-17 18:43:57 [http-nio-8080-exec-1] DEBUG o.s.w.s.r.ResourceHttpRequestHandler - Resource not found
2025-09-17 18:43:57 [http-nio-8080-exec-1] DEBUG o.s.w.s.m.m.a.ExceptionHandlerExceptionResolver - Using @ExceptionHandler com.example.DigitalWayfinder.exception.GlobalExceptionHandler#handleGenericException(Exception)
2025-09-17 18:43:57 [http-nio-8080-exec-1] ERROR c.e.D.e.GlobalExceptionHandler - Unexpected exception occurred: No static resource api/decision-tree/functional-area/get.
org.springframework.web.servlet.resource.NoResourceFoundException: No static resource api/decision-tree/functional-area/get.
	at org.springframework.web.servlet.resource.ResourceHttpRequestHandler.handleRequest(ResourceHttpRequestHandler.java:585)
	at org.springframework.web.servlet.mvc.HttpRequestHandlerAdapter.handle(HttpRequestHandlerAdapter.java:52)
	at org.springframework.web.servlet.DispatcherServlet.doDispatch(DispatcherServlet.java:1089)
	at org.springframework.web.servlet.DispatcherServlet.doService(DispatcherServlet.java:979)
	at org.springframework.web.servlet.FrameworkServlet.processRequest(FrameworkServlet.java:1014)
	at org.springframework.web.servlet.FrameworkServlet.doGet(FrameworkServlet.java:903)
	at jakarta.servlet.http.HttpServlet.service(HttpServlet.java:564)
	at org.springframework.web.servlet.FrameworkServlet.service(FrameworkServlet.java:885)
	at jakarta.servlet.http.HttpServlet.service(HttpServlet.java:658)
	at org.apache.catalina.core.ApplicationFilterChain.internalDoFilter(ApplicationFilterChain.java:206)
	at org.apache.catalina.core.ApplicationFilterChain.doFilter(ApplicationFilterChain.java:150)
	at org.apache.tomcat.websocket.server.WsFilter.doFilter(WsFilter.java:51)
	at org.apache.catalina.core.ApplicationFilterChain.internalDoFilter(ApplicationFilterChain.java:175)
	at org.apache.catalina.core.ApplicationFilterChain.doFilter(ApplicationFilterChain.java:150)
	at org.springframework.web.filter.RequestContextFilter.doFilterInternal(RequestContextFilter.java:100)
	at org.springframework.web.filter.OncePerRequestFilter.doFilter(OncePerRequestFilter.java:116)
	at org.apache.catalina.core.ApplicationFilterChain.internalDoFilter(ApplicationFilterChain.java:175)
	at org.apache.catalina.core.ApplicationFilterChain.doFilter(ApplicationFilterChain.java:150)
	at org.springframework.web.filter.FormContentFilter.doFilterInternal(FormContentFilter.java:93)
	at org.springframework.web.filter.OncePerRequestFilter.doFilter(OncePerRequestFilter.java:116)
	at org.apache.catalina.core.ApplicationFilterChain.internalDoFilter(ApplicationFilterChain.java:175)
	at org.apache.catalina.core.ApplicationFilterChain.doFilter(ApplicationFilterChain.java:150)
	at org.springframework.web.filter.ServerHttpObservationFilter.doFilterInternal(ServerHttpObservationFilter.java:109)
	at org.springframework.web.filter.OncePerRequestFilter.doFilter(OncePerRequestFilter.java:116)
	at org.apache.catalina.core.ApplicationFilterChain.internalDoFilter(ApplicationFilterChain.java:175)
	at org.apache.catalina.core.ApplicationFilterChain.doFilter(ApplicationFilterChain.java:150)
	at org.springframework.web.filter.CharacterEncodingFilter.doFilterInternal(CharacterEncodingFilter.java:201)
	at org.springframework.web.filter.OncePerRequestFilter.doFilter(OncePerRequestFilter.java:116)
	at org.apache.catalina.core.ApplicationFilterChain.internalDoFilter(ApplicationFilterChain.java:175)
	at org.apache.catalina.core.ApplicationFilterChain.doFilter(ApplicationFilterChain.java:150)
	at org.apache.catalina.core.StandardWrapperValve.invoke(StandardWrapperValve.java:167)
	at org.apache.catalina.core.StandardContextValve.invoke(StandardContextValve.java:90)
	at org.apache.catalina.authenticator.AuthenticatorBase.invoke(AuthenticatorBase.java:482)
	at org.apache.catalina.core.StandardHostValve.invoke(StandardHostValve.java:115)
	at org.apache.catalina.valves.ErrorReportValve.invoke(ErrorReportValve.java:93)
	at org.apache.catalina.core.StandardEngineValve.invoke(StandardEngineValve.java:74)
	at org.apache.catalina.connector.CoyoteAdapter.service(CoyoteAdapter.java:344)
	at org.apache.coyote.http11.Http11Processor.service(Http11Processor.java:391)
	at org.apache.coyote.AbstractProcessorLight.process(AbstractProcessorLight.java:63)
	at org.apache.coyote.AbstractProtocol$ConnectionHandler.process(AbstractProtocol.java:896)
	at org.apache.tomcat.util.net.NioEndpoint$SocketProcessor.doRun(NioEndpoint.java:1736)
	at org.apache.tomcat.util.net.SocketProcessorBase.run(SocketProcessorBase.java:52)
	at org.apache.tomcat.util.threads.ThreadPoolExecutor.runWorker(ThreadPoolExecutor.java:1191)
	at org.apache.tomcat.util.threads.ThreadPoolExecutor$Worker.run(ThreadPoolExecutor.java:659)
	at org.apache.tomcat.util.threads.TaskThread$WrappingRunnable.run(TaskThread.java:63)
	at java.base/java.lang.Thread.run(Thread.java:1570)
2025-09-17 18:43:57 [http-nio-8080-exec-1] DEBUG o.s.w.s.m.m.a.HttpEntityMethodProcessor - Using 'text/plain', given [*/*] and supported [text/plain, */*, application/json, application/*+json]
2025-09-17 18:43:57 [http-nio-8080-exec-1] DEBUG o.s.w.s.m.m.a.HttpEntityMethodProcessor - Writing ["An unexpected error occurred"]
2025-09-17 18:43:57 [http-nio-8080-exec-1] WARN  o.s.w.s.m.m.a.ExceptionHandlerExceptionResolver - Resolved [org.springframework.web.servlet.resource.NoResourceFoundException: No static resource api/decision-tree/functional-area/get.]
2025-09-17 18:43:57 [http-nio-8080-exec-1] DEBUG o.s.web.servlet.DispatcherServlet - Completed 500 INTERNAL_SERVER_ERROR
2025-09-17 18:43:57 [http-nio-8080-exec-6] DEBUG o.s.web.servlet.DispatcherServlet - Completed 200 OK
2025-09-17 18:43:59 [http-nio-8080-exec-2] DEBUG o.s.web.servlet.DispatcherServlet - POST "/api/decision-tree/functional-area/save", parameters={}
2025-09-17 18:43:59 [http-nio-8080-exec-2] DEBUG o.s.w.s.m.m.a.RequestMappingHandlerMapping - Mapped to com.example.DigitalWayfinder.controller.FunctionalAreaDTController#saveFunctionalArea(FunctionalAreaRequest, UserSession)
2025-09-17 18:43:59 [http-nio-8080-exec-2] DEBUG o.s.w.s.m.m.a.RequestResponseBodyMethodProcessor - Read "application/json;charset=UTF-8" to [FunctionalAreaRequest(functionalArea=supply-chain-planning)]
2025-09-17 18:43:59 [http-nio-8080-exec-2] INFO  c.e.D.c.FunctionalAreaDTController - Saving functional area 'supply-chain-planning' for userId: USER-7EC8E435, sessionId: 7767684EE41898214A827ACEA511794B
2025-09-17 18:44:00 [http-nio-8080-exec-2] DEBUG org.hibernate.SQL - 
    select
        fad1_0.id,
        fad1_0.FunctionalArea,
        fad1_0.FunctionalSubArea,
        fad1_0.IndustryType,
        fad1_0.SessionID,
        fad1_0.UserID 
    from
        UserFunctionalArea fad1_0 
    where
        fad1_0.UserID=? 
        and fad1_0.SessionID=?
2025-09-17 18:44:00 [http-nio-8080-exec-2] INFO  c.e.D.s.FunctionalAreaDTService - Updated functionalArea for userId: USER-7EC8E435, sessionId: 7767684EE41898214A827ACEA511794B
2025-09-17 18:44:00 [http-nio-8080-exec-2] DEBUG org.hibernate.SQL - 
    update
        UserFunctionalArea 
    set
        FunctionalArea=?,
        FunctionalSubArea=?,
        IndustryType=?,
        SessionID=?,
        UserID=? 
    where
        id=?
2025-09-17 18:44:01 [http-nio-8080-exec-2] DEBUG o.s.w.s.m.m.a.HttpEntityMethodProcessor - Using 'application/json', given [*/*] and supported [application/json, application/*+json]
2025-09-17 18:44:01 [http-nio-8080-exec-2] DEBUG o.s.w.s.m.m.a.HttpEntityMethodProcessor - Writing [FunctionalAreaResponse(id=153, userId=USER-7EC8E435, sessionId=7767684EE41898214A827ACEA511794B, fun (truncated)...]
2025-09-17 18:44:01 [http-nio-8080-exec-2] DEBUG o.s.web.servlet.DispatcherServlet - Completed 200 OK
2025-09-17 18:44:01 [http-nio-8080-exec-7] DEBUG o.s.web.servlet.DispatcherServlet - GET "/static/media/dashboard.fc64719693ae8c17e7c5.png", parameters={}
2025-09-17 18:44:01 [http-nio-8080-exec-7] DEBUG o.s.w.s.h.SimpleUrlHandlerMapping - Mapped to ResourceHttpRequestHandler [classpath [META-INF/resources/], classpath [resources/], classpath [static/], classpath [public/], ServletContext [/]]
2025-09-17 18:44:01 [http-nio-8080-exec-7] DEBUG o.s.web.servlet.DispatcherServlet - Completed 200 OK
2025-09-17 18:44:01 [http-nio-8080-exec-4] DEBUG o.s.web.servlet.DispatcherServlet - GET "/static/media/warehouse-management.0fed6bc421ff6a0d0bb2.png", parameters={}
2025-09-17 18:44:01 [http-nio-8080-exec-8] DEBUG o.s.web.servlet.DispatcherServlet - GET "/static/media/order-management.f7bd9a2446beb26e5bc1.png", parameters={}
2025-09-17 18:44:01 [http-nio-8080-exec-10] DEBUG o.s.web.servlet.DispatcherServlet - GET "/static/media/transportation-management.441e7de72d119d4043ce.png", parameters={}
2025-09-17 18:44:01 [http-nio-8080-exec-8] DEBUG o.s.w.s.h.SimpleUrlHandlerMapping - Mapped to ResourceHttpRequestHandler [classpath [META-INF/resources/], classpath [resources/], classpath [static/], classpath [public/], ServletContext [/]]
2025-09-17 18:44:01 [http-nio-8080-exec-4] DEBUG o.s.w.s.h.SimpleUrlHandlerMapping - Mapped to ResourceHttpRequestHandler [classpath [META-INF/resources/], classpath [resources/], classpath [static/], classpath [public/], ServletContext [/]]
2025-09-17 18:44:01 [http-nio-8080-exec-10] DEBUG o.s.w.s.h.SimpleUrlHandlerMapping - Mapped to ResourceHttpRequestHandler [classpath [META-INF/resources/], classpath [resources/], classpath [static/], classpath [public/], ServletContext [/]]
2025-09-17 18:44:01 [http-nio-8080-exec-8] DEBUG o.s.web.servlet.DispatcherServlet - Completed 200 OK
2025-09-17 18:44:01 [http-nio-8080-exec-4] DEBUG o.s.web.servlet.DispatcherServlet - Completed 200 OK
2025-09-17 18:44:02 [http-nio-8080-exec-10] DEBUG o.s.web.servlet.DispatcherServlet - Completed 200 OK
2025-09-17 18:44:03 [http-nio-8080-exec-5] DEBUG o.s.web.servlet.DispatcherServlet - POST "/api/decision-tree/industry-type/supply-chain-planning/save", parameters={}
2025-09-17 18:44:03 [http-nio-8080-exec-5] DEBUG o.s.w.s.m.m.a.RequestMappingHandlerMapping - Mapped to com.example.DigitalWayfinder.controller.IndustryTypeDTController#saveIndustryType(IndustryTypeRequestDTO, UserSession)
2025-09-17 18:44:04 [http-nio-8080-exec-5] DEBUG o.s.w.s.m.m.a.RequestResponseBodyMethodProcessor - Read "application/json;charset=UTF-8" to [IndustryTypeRequestDTO(industryType=Retail Industry Specific)]
2025-09-17 18:44:04 [http-nio-8080-exec-5] INFO  c.e.D.c.IndustryTypeDTController - Received request to save industry type: Retail Industry Specific for user: USER-7EC8E435 in session: 7767684EE41898214A827ACEA511794B
2025-09-17 18:44:04 [http-nio-8080-exec-5] INFO  c.e.D.service.IndustryTypeDTService - Processing industry type: Retail Industry Specific for user: USER-7EC8E435 in session: 7767684EE41898214A827ACEA511794B
2025-09-17 18:44:04 [http-nio-8080-exec-5] DEBUG org.hibernate.SQL - 
    select
        fad1_0.id,
        fad1_0.FunctionalArea,
        fad1_0.FunctionalSubArea,
        fad1_0.IndustryType,
        fad1_0.SessionID,
        fad1_0.UserID 
    from
        UserFunctionalArea fad1_0 
    where
        fad1_0.UserID=? 
        and fad1_0.SessionID=?
2025-09-17 18:44:04 [http-nio-8080-exec-5] INFO  c.e.D.service.IndustryTypeDTService - Updating industry type for existing functional area: supply-chain-planning for user: USER-7EC8E435 in session: 7767684EE41898214A827ACEA511794B
2025-09-17 18:44:04 [http-nio-8080-exec-5] INFO  c.e.D.service.IndustryTypeDTService - Updating existing functional area ID: 153 with industry type: Retail Industry Specific
2025-09-17 18:44:04 [http-nio-8080-exec-5] INFO  c.e.D.service.IndustryTypeDTService - Updating existing industry type from 'warehouse-management' to 'Retail Industry Specific' for functional area ID: 153
2025-09-17 18:44:04 [http-nio-8080-exec-5] INFO  c.e.D.service.IndustryTypeDTService - Successfully updated functional area ID: 153 with industry type: Retail Industry Specific
2025-09-17 18:44:04 [http-nio-8080-exec-5] DEBUG org.hibernate.SQL - 
    update
        UserFunctionalArea 
    set
        FunctionalArea=?,
        FunctionalSubArea=?,
        IndustryType=?,
        SessionID=?,
        UserID=? 
    where
        id=?
2025-09-17 18:44:05 [http-nio-8080-exec-5] DEBUG o.s.w.s.m.m.a.HttpEntityMethodProcessor - Using 'application/json', given [*/*] and supported [application/json, application/*+json]
2025-09-17 18:44:05 [http-nio-8080-exec-5] DEBUG o.s.w.s.m.m.a.HttpEntityMethodProcessor - Writing [IndustryTypeResponseDTO(id=153, userId=USER-7EC8E435, sessionId=7767684EE41898214A827ACEA511794B, fu (truncated)...]
2025-09-17 18:44:05 [http-nio-8080-exec-5] DEBUG o.s.web.servlet.DispatcherServlet - Completed 200 OK
2025-09-17 18:44:05 [http-nio-8080-exec-9] DEBUG o.s.web.servlet.DispatcherServlet - GET "/api/decision-tree/functional-scope/retail/all", parameters={}
2025-09-17 18:44:05 [http-nio-8080-exec-9] DEBUG o.s.w.s.m.m.a.RequestMappingHandlerMapping - Mapped to com.example.DigitalWayfinder.controller.FunctionalScopeController#getAllFunctionalScopesRetail()
2025-09-17 18:44:05 [http-nio-8080-exec-9] INFO  c.e.D.c.FunctionalScopeController - Received request to fetch all functional scopes
2025-09-17 18:44:05 [http-nio-8080-exec-9] INFO  c.e.D.service.FunctionalScopeService - Fetching all functional scope levels
2025-09-17 18:44:05 [http-nio-8080-exec-9] DEBUG org.hibernate.SQL - 
    SELECT
        L1,
        L2,
        L3,
        L4,
        L5 
    FROM
        Retail
2025-09-17 18:44:08 [http-nio-8080-exec-9] INFO  c.e.D.service.FunctionalScopeService - Successfully fetched 508 functional scope records
2025-09-17 18:44:08 [http-nio-8080-exec-9] INFO  c.e.D.c.FunctionalScopeController - Successfully returning 508 functional scope records
2025-09-17 18:44:08 [http-nio-8080-exec-9] DEBUG o.s.w.s.m.m.a.HttpEntityMethodProcessor - Using 'application/json', given [*/*] and supported [application/json, application/*+json]
2025-09-17 18:44:08 [http-nio-8080-exec-9] DEBUG o.s.w.s.m.m.a.HttpEntityMethodProcessor - Writing [[FunctionalScopeDto(l1=Retail-Specific Analytics & AI/ML, l2=AI-Enabled Inventory Optimization, l3=P (truncated)...]
2025-09-17 18:44:08 [http-nio-8080-exec-9] DEBUG o.s.web.servlet.DispatcherServlet - Completed 200 OK
2025-09-17 18:45:02 [http-nio-8080-exec-1] DEBUG o.s.web.servlet.DispatcherServlet - POST "/api/decision-tree/functional-scope/save", parameters={}
2025-09-17 18:45:02 [http-nio-8080-exec-1] DEBUG o.s.w.s.m.m.a.RequestMappingHandlerMapping - Mapped to com.example.DigitalWayfinder.controller.FunctionalScopeController#saveFunctionalScope(FunctionalScopeRequest, UserSession)
2025-09-17 18:45:02 [http-nio-8080-exec-1] DEBUG o.s.w.s.m.m.a.RequestResponseBodyMethodProcessor - Read "application/json;charset=UTF-8" to [FunctionalScopeRequest(userId=null, sessionId=null, functionalArea=null, industryType=null, function (truncated)...]
2025-09-17 18:45:02 [http-nio-8080-exec-1] INFO  c.e.D.c.FunctionalScopeController - Received functional scope save request for user: USER-7EC8E435 and session: 7767684EE41898214A827ACEA511794B
2025-09-17 18:45:02 [http-nio-8080-exec-1] INFO  c.e.D.c.FunctionalScopeController - Request body received: {"levelSelections":{"l1":["Retail-Specific Analytics & AI/ML","Merchandising"],"l2":["AI-Enabled Inventory Optimization","AI-Driven Decision Support"],"l3":["Predictive Stock Replenishment","AI-Based Price Optimization"],"l4":["Ability to track inventory levels in real-time, sending alerts for stockouts, overstocking, and replenishment needs."],"l5":["Ability to optimize product selection and differentiation for specific markets"]}}
2025-09-17 18:45:02 [http-nio-8080-exec-1] INFO  c.e.D.service.FunctionalScopeService - Saving functional scope for user: USER-7EC8E435 and session: 7767684EE41898214A827ACEA511794B
2025-09-17 18:45:02 [http-nio-8080-exec-1] DEBUG org.hibernate.SQL - 
    select
        ufp1_0.id,
        ufp1_0.CreatedDate,
        ufp1_0.FunctionalArea,
        ufp1_0.FunctionalSubArea,
        ufp1_0.IndustryType,
        ufp1_0.L1,
        ufp1_0.L2,
        ufp1_0.L3,
        ufp1_0.L4,
        ufp1_0.L5,
        ufp1_0.SessionID,
        ufp1_0.UserID 
    from
        UserFunctionalProcess ufp1_0 
    where
        ufp1_0.UserID=? 
        and ufp1_0.SessionID=?
2025-09-17 18:45:02 [http-nio-8080-exec-1] DEBUG org.hibernate.SQL - 
    select
        fad1_0.id,
        fad1_0.FunctionalArea,
        fad1_0.FunctionalSubArea,
        fad1_0.IndustryType,
        fad1_0.SessionID,
        fad1_0.UserID 
    from
        UserFunctionalArea fad1_0 
    where
        fad1_0.UserID=? 
        and fad1_0.SessionID=?
2025-09-17 18:45:03 [http-nio-8080-exec-1] INFO  c.e.D.service.FunctionalScopeService - Determining repository for - functionalArea: supply-chain-planning, industryType: Retail Industry Specific, functionalSubArea: null
2025-09-17 18:45:03 [http-nio-8080-exec-1] INFO  c.e.D.service.FunctionalScopeService - Using RETAIL repository based on industryType: Retail Industry Specific
2025-09-17 18:45:03 [http-nio-8080-exec-1] INFO  c.e.D.service.FunctionalScopeService - Processing selections for functionalArea: RETAIL - L1: 2, L2: 2, L3: 2, L4: 1
2025-09-17 18:45:03 [http-nio-8080-exec-1] INFO  c.e.D.service.FunctionalScopeService - L1 selections: [Retail-Specific Analytics & AI/ML, Merchandising]
2025-09-17 18:45:03 [http-nio-8080-exec-1] INFO  c.e.D.service.FunctionalScopeService - L2 selections: [AI-Enabled Inventory Optimization, AI-Driven Decision Support]
2025-09-17 18:45:03 [http-nio-8080-exec-1] INFO  c.e.D.service.FunctionalScopeService - L3 selections: [Predictive Stock Replenishment, AI-Based Price Optimization]
2025-09-17 18:45:03 [http-nio-8080-exec-1] INFO  c.e.D.service.FunctionalScopeService - L4 selections: [Ability to track inventory levels in real-time, sending alerts for stockouts, overstocking, and replenishment needs.]
2025-09-17 18:45:03 [http-nio-8080-exec-1] INFO  c.e.D.service.FunctionalScopeService - Processing L4: Ability to track inventory levels in real-time, sending alerts for stockouts, overstocking, and replenishment needs.
2025-09-17 18:45:03 [http-nio-8080-exec-1] DEBUG org.hibernate.SQL - 
    select
        rf1_0.L1,
        rf1_0.L2,
        rf1_0.L3,
        rf1_0.L4 
    from
        Retail rf1_0 
    where
        rf1_0.L4=?
2025-09-17 18:45:03 [http-nio-8080-exec-1] INFO  c.e.D.service.FunctionalScopeService - Found path for L4 'Ability to track inventory levels in real-time, sending alerts for stockouts, overstocking, and replenishment needs.': [[Ljava.lang.Object;@1bbb5824]
2025-09-17 18:45:03 [http-nio-8080-exec-1] INFO  c.e.D.service.FunctionalScopeService - Creating record from path: [[Ljava.lang.Object;@1bbb5824]
2025-09-17 18:45:03 [http-nio-8080-exec-1] INFO  c.e.D.service.FunctionalScopeService - Extracted nested array: [Retail-Specific Analytics & AI/ML, AI-Enabled Inventory Optimization, Predictive Stock Replenishment, Ability to track inventory levels in real-time, sending alerts for stockouts, overstocking, and replenishment needs.]
2025-09-17 18:45:03 [http-nio-8080-exec-1] INFO  c.e.D.service.FunctionalScopeService - Created record: L1=Retail-Specific Analytics & AI/ML, L2=AI-Enabled Inventory Optimization, L3=Predictive Stock Replenishment, L4=Ability to track inventory levels in real-time, sending alerts for stockouts, overstocking, and replenishment needs., L5=null
2025-09-17 18:45:03 [http-nio-8080-exec-1] INFO  c.e.D.service.FunctionalScopeService - Added record for L4: Ability to track inventory levels in real-time, sending alerts for stockouts, overstocking, and replenishment needs.
2025-09-17 18:45:03 [http-nio-8080-exec-1] INFO  c.e.D.service.FunctionalScopeService - Processing L3: Predictive Stock Replenishment
2025-09-17 18:45:03 [http-nio-8080-exec-1] DEBUG org.hibernate.SQL - 
    select
        rf1_0.L1,
        rf1_0.L2,
        rf1_0.L3 
    from
        Retail rf1_0 
    where
        rf1_0.L3=?
2025-09-17 18:45:03 [http-nio-8080-exec-1] DEBUG org.hibernate.SQL - 
    select
        distinct rf1_0.L4 
    from
        Retail rf1_0 
    where
        rf1_0.L1=? 
        and rf1_0.L2=? 
        and rf1_0.L3=? 
        and rf1_0.L4 is not null 
        and rf1_0.L4<>''
2025-09-17 18:45:04 [http-nio-8080-exec-1] INFO  c.e.D.service.FunctionalScopeService - Processing L3: AI-Based Price Optimization
2025-09-17 18:45:04 [http-nio-8080-exec-1] DEBUG org.hibernate.SQL - 
    select
        rf1_0.L1,
        rf1_0.L2,
        rf1_0.L3 
    from
        Retail rf1_0 
    where
        rf1_0.L3=?
2025-09-17 18:45:04 [http-nio-8080-exec-1] DEBUG org.hibernate.SQL - 
    select
        distinct rf1_0.L4 
    from
        Retail rf1_0 
    where
        rf1_0.L1=? 
        and rf1_0.L2=? 
        and rf1_0.L3=? 
        and rf1_0.L4 is not null 
        and rf1_0.L4<>''
2025-09-17 18:45:04 [http-nio-8080-exec-1] INFO  c.e.D.service.FunctionalScopeService - Auto-expanding 1 L4s under L3: AI-Based Price Optimization
2025-09-17 18:45:04 [http-nio-8080-exec-1] DEBUG org.hibernate.SQL - 
    select
        rf1_0.L1,
        rf1_0.L2,
        rf1_0.L3,
        rf1_0.L4 
    from
        Retail rf1_0 
    where
        rf1_0.L4=?
2025-09-17 18:45:04 [http-nio-8080-exec-1] INFO  c.e.D.service.FunctionalScopeService - Creating record from path: [[Ljava.lang.Object;@5a4b49e3]
2025-09-17 18:45:04 [http-nio-8080-exec-1] INFO  c.e.D.service.FunctionalScopeService - Extracted nested array: [Retail-Specific Analytics & AI/ML, AI-Driven Decision Support, AI-Based Price Optimization, Ability to optimize pricing dynamically using AI, based on demand, competitor pricing, and market trends to maximize revenue.]
2025-09-17 18:45:04 [http-nio-8080-exec-1] INFO  c.e.D.service.FunctionalScopeService - Created record: L1=Retail-Specific Analytics & AI/ML, L2=AI-Driven Decision Support, L3=AI-Based Price Optimization, L4=Ability to optimize pricing dynamically using AI, based on demand, competitor pricing, and market trends to maximize revenue., L5=null
2025-09-17 18:45:04 [http-nio-8080-exec-1] INFO  c.e.D.service.FunctionalScopeService - Processing L2: AI-Enabled Inventory Optimization
2025-09-17 18:45:04 [http-nio-8080-exec-1] DEBUG org.hibernate.SQL - 
    select
        rf1_0.L1,
        rf1_0.L2 
    from
        Retail rf1_0 
    where
        rf1_0.L2=?
2025-09-17 18:45:05 [http-nio-8080-exec-1] DEBUG org.hibernate.SQL - 
    select
        distinct rf1_0.L3 
    from
        Retail rf1_0 
    where
        rf1_0.L1=? 
        and rf1_0.L2=? 
        and rf1_0.L3 is not null 
        and rf1_0.L3<>''
2025-09-17 18:45:05 [http-nio-8080-exec-1] INFO  c.e.D.service.FunctionalScopeService - Processing L2: AI-Driven Decision Support
2025-09-17 18:45:05 [http-nio-8080-exec-1] DEBUG org.hibernate.SQL - 
    select
        rf1_0.L1,
        rf1_0.L2 
    from
        Retail rf1_0 
    where
        rf1_0.L2=?
2025-09-17 18:45:05 [http-nio-8080-exec-1] DEBUG org.hibernate.SQL - 
    select
        distinct rf1_0.L3 
    from
        Retail rf1_0 
    where
        rf1_0.L1=? 
        and rf1_0.L2=? 
        and rf1_0.L3 is not null 
        and rf1_0.L3<>''
2025-09-17 18:45:05 [http-nio-8080-exec-1] INFO  c.e.D.service.FunctionalScopeService - Processing L1: Retail-Specific Analytics & AI/ML
2025-09-17 18:45:05 [http-nio-8080-exec-1] DEBUG org.hibernate.SQL - 
    select
        distinct rf1_0.L2 
    from
        Retail rf1_0 
    where
        rf1_0.L1=? 
        and rf1_0.L2 is not null 
        and rf1_0.L2<>''
2025-09-17 18:45:06 [http-nio-8080-exec-1] INFO  c.e.D.service.FunctionalScopeService - Processing L1: Merchandising
2025-09-17 18:45:06 [http-nio-8080-exec-1] DEBUG org.hibernate.SQL - 
    select
        distinct rf1_0.L2 
    from
        Retail rf1_0 
    where
        rf1_0.L1=? 
        and rf1_0.L2 is not null 
        and rf1_0.L2<>''
2025-09-17 18:45:06 [http-nio-8080-exec-1] INFO  c.e.D.service.FunctionalScopeService - Auto-expanding 6 L2s under L1: Merchandising
2025-09-17 18:45:06 [http-nio-8080-exec-1] DEBUG org.hibernate.SQL - 
    select
        rf1_0.L1,
        rf1_0.L2 
    from
        Retail rf1_0 
    where
        rf1_0.L2=?
2025-09-17 18:45:06 [http-nio-8080-exec-1] DEBUG org.hibernate.SQL - 
    select
        distinct rf1_0.L3 
    from
        Retail rf1_0 
    where
        rf1_0.L1=? 
        and rf1_0.L2=? 
        and rf1_0.L3 is not null 
        and rf1_0.L3<>''
2025-09-17 18:45:07 [http-nio-8080-exec-1] DEBUG org.hibernate.SQL - 
    select
        rf1_0.L1,
        rf1_0.L2,
        rf1_0.L3 
    from
        Retail rf1_0 
    where
        rf1_0.L3=?
2025-09-17 18:45:07 [http-nio-8080-exec-1] DEBUG org.hibernate.SQL - 
    select
        distinct rf1_0.L4 
    from
        Retail rf1_0 
    where
        rf1_0.L1=? 
        and rf1_0.L2=? 
        and rf1_0.L3=? 
        and rf1_0.L4 is not null 
        and rf1_0.L4<>''
2025-09-17 18:45:07 [http-nio-8080-exec-1] DEBUG org.hibernate.SQL - 
    select
        rf1_0.L1,
        rf1_0.L2,
        rf1_0.L3,
        rf1_0.L4 
    from
        Retail rf1_0 
    where
        rf1_0.L4=?
2025-09-17 18:45:07 [http-nio-8080-exec-1] INFO  c.e.D.service.FunctionalScopeService - Creating record from path: [[Ljava.lang.Object;@3e70895b]
2025-09-17 18:45:07 [http-nio-8080-exec-1] INFO  c.e.D.service.FunctionalScopeService - Extracted nested array: [Merchandising, Assortment Planning,  Assortment Strategy & Optimization , Market & Consumer Insights]
2025-09-17 18:45:07 [http-nio-8080-exec-1] INFO  c.e.D.service.FunctionalScopeService - Created record: L1=Merchandising, L2=Assortment Planning, L3= Assortment Strategy & Optimization , L4=Market & Consumer Insights, L5=null
2025-09-17 18:45:07 [http-nio-8080-exec-1] DEBUG org.hibernate.SQL - 
    select
        rf1_0.L1,
        rf1_0.L2 
    from
        Retail rf1_0 
    where
        rf1_0.L2=?
2025-09-17 18:45:08 [http-nio-8080-exec-1] DEBUG org.hibernate.SQL - 
    select
        distinct rf1_0.L3 
    from
        Retail rf1_0 
    where
        rf1_0.L1=? 
        and rf1_0.L2=? 
        and rf1_0.L3 is not null 
        and rf1_0.L3<>''
2025-09-17 18:45:08 [http-nio-8080-exec-1] DEBUG org.hibernate.SQL - 
    select
        rf1_0.L1,
        rf1_0.L2,
        rf1_0.L3 
    from
        Retail rf1_0 
    where
        rf1_0.L3=?
2025-09-17 18:45:08 [http-nio-8080-exec-1] DEBUG org.hibernate.SQL - 
    select
        distinct rf1_0.L4 
    from
        Retail rf1_0 
    where
        rf1_0.L1=? 
        and rf1_0.L2=? 
        and rf1_0.L3=? 
        and rf1_0.L4 is not null 
        and rf1_0.L4<>''
2025-09-17 18:45:08 [http-nio-8080-exec-1] DEBUG org.hibernate.SQL - 
    select
        rf1_0.L1,
        rf1_0.L2,
        rf1_0.L3,
        rf1_0.L4 
    from
        Retail rf1_0 
    where
        rf1_0.L4=?
2025-09-17 18:45:09 [http-nio-8080-exec-1] INFO  c.e.D.service.FunctionalScopeService - Creating record from path: [[Ljava.lang.Object;@7d9c59df, [Ljava.lang.Object;@7d637d9b, [Ljava.lang.Object;@ac0558, [Ljava.lang.Object;@54cd3acd, [Ljava.lang.Object;@4b80d32a, [Ljava.lang.Object;@2de9e064]
2025-09-17 18:45:09 [http-nio-8080-exec-1] INFO  c.e.D.service.FunctionalScopeService - Created record: L1=[Ljava.lang.Object;@7d9c59df, L2=[Ljava.lang.Object;@7d637d9b, L3=[Ljava.lang.Object;@ac0558, L4=[Ljava.lang.Object;@54cd3acd, L5=[Ljava.lang.Object;@4b80d32a
2025-09-17 18:45:09 [http-nio-8080-exec-1] DEBUG org.hibernate.SQL - 
    select
        rf1_0.L1,
        rf1_0.L2,
        rf1_0.L3,
        rf1_0.L4 
    from
        Retail rf1_0 
    where
        rf1_0.L4=?
2025-09-17 18:45:09 [http-nio-8080-exec-1] INFO  c.e.D.service.FunctionalScopeService - Creating record from path: [[Ljava.lang.Object;@3dfd62c6, [Ljava.lang.Object;@5f755fdd, [Ljava.lang.Object;@6f787ff1, [Ljava.lang.Object;@50dd4ed2, [Ljava.lang.Object;@660fd5d, [Ljava.lang.Object;@739ec1fb, [Ljava.lang.Object;@5fb5bf8e, [Ljava.lang.Object;@65a4d174]
2025-09-17 18:45:09 [http-nio-8080-exec-1] INFO  c.e.D.service.FunctionalScopeService - Created record: L1=[Ljava.lang.Object;@3dfd62c6, L2=[Ljava.lang.Object;@5f755fdd, L3=[Ljava.lang.Object;@6f787ff1, L4=[Ljava.lang.Object;@50dd4ed2, L5=[Ljava.lang.Object;@660fd5d
2025-09-17 18:45:09 [http-nio-8080-exec-1] DEBUG org.hibernate.SQL - 
    select
        rf1_0.L1,
        rf1_0.L2,
        rf1_0.L3 
    from
        Retail rf1_0 
    where
        rf1_0.L3=?
2025-09-17 18:45:09 [http-nio-8080-exec-1] DEBUG org.hibernate.SQL - 
    select
        distinct rf1_0.L4 
    from
        Retail rf1_0 
    where
        rf1_0.L1=? 
        and rf1_0.L2=? 
        and rf1_0.L3=? 
        and rf1_0.L4 is not null 
        and rf1_0.L4<>''
2025-09-17 18:45:09 [http-nio-8080-exec-1] DEBUG org.hibernate.SQL - 
    select
        rf1_0.L1,
        rf1_0.L2,
        rf1_0.L3,
        rf1_0.L4 
    from
        Retail rf1_0 
    where
        rf1_0.L4=?
2025-09-17 18:45:10 [http-nio-8080-exec-1] INFO  c.e.D.service.FunctionalScopeService - Creating record from path: [[Ljava.lang.Object;@600f7641, [Ljava.lang.Object;@5054e1dc, [Ljava.lang.Object;@570142d6, [Ljava.lang.Object;@7299f5c5]
2025-09-17 18:45:10 [http-nio-8080-exec-1] INFO  c.e.D.service.FunctionalScopeService - Created record: L1=[Ljava.lang.Object;@600f7641, L2=[Ljava.lang.Object;@5054e1dc, L3=[Ljava.lang.Object;@570142d6, L4=[Ljava.lang.Object;@7299f5c5, L5=null
2025-09-17 18:45:10 [http-nio-8080-exec-1] DEBUG org.hibernate.SQL - 
    select
        rf1_0.L1,
        rf1_0.L2,
        rf1_0.L3,
        rf1_0.L4 
    from
        Retail rf1_0 
    where
        rf1_0.L4=?
2025-09-17 18:45:10 [http-nio-8080-exec-1] INFO  c.e.D.service.FunctionalScopeService - Creating record from path: [[Ljava.lang.Object;@435888b5, [Ljava.lang.Object;@7ed26ac6, [Ljava.lang.Object;@6eb8ffc5, [Ljava.lang.Object;@635564b7]
2025-09-17 18:45:10 [http-nio-8080-exec-1] INFO  c.e.D.service.FunctionalScopeService - Created record: L1=[Ljava.lang.Object;@435888b5, L2=[Ljava.lang.Object;@7ed26ac6, L3=[Ljava.lang.Object;@6eb8ffc5, L4=[Ljava.lang.Object;@635564b7, L5=null
2025-09-17 18:45:10 [http-nio-8080-exec-1] DEBUG org.hibernate.SQL - 
    select
        rf1_0.L1,
        rf1_0.L2,
        rf1_0.L3 
    from
        Retail rf1_0 
    where
        rf1_0.L3=?
2025-09-17 18:45:10 [http-nio-8080-exec-1] DEBUG org.hibernate.SQL - 
    select
        distinct rf1_0.L4 
    from
        Retail rf1_0 
    where
        rf1_0.L1=? 
        and rf1_0.L2=? 
        and rf1_0.L3=? 
        and rf1_0.L4 is not null 
        and rf1_0.L4<>''
2025-09-17 18:45:11 [http-nio-8080-exec-1] DEBUG org.hibernate.SQL - 
    select
        rf1_0.L1,
        rf1_0.L2,
        rf1_0.L3,
        rf1_0.L4 
    from
        Retail rf1_0 
    where
        rf1_0.L4=?
2025-09-17 18:45:11 [http-nio-8080-exec-1] INFO  c.e.D.service.FunctionalScopeService - Creating record from path: [[Ljava.lang.Object;@23b10bf8, [Ljava.lang.Object;@46ddf170, [Ljava.lang.Object;@62617363]
2025-09-17 18:45:11 [http-nio-8080-exec-1] INFO  c.e.D.service.FunctionalScopeService - Created record: L1=[Ljava.lang.Object;@23b10bf8, L2=[Ljava.lang.Object;@46ddf170, L3=[Ljava.lang.Object;@62617363, L4=null, L5=null
2025-09-17 18:45:11 [http-nio-8080-exec-1] DEBUG org.hibernate.SQL - 
    select
        rf1_0.L1,
        rf1_0.L2,
        rf1_0.L3,
        rf1_0.L4 
    from
        Retail rf1_0 
    where
        rf1_0.L4=?
2025-09-17 18:45:11 [http-nio-8080-exec-1] INFO  c.e.D.service.FunctionalScopeService - Creating record from path: [[Ljava.lang.Object;@721b5d2b, [Ljava.lang.Object;@1b08c260, [Ljava.lang.Object;@6180e1b2, [Ljava.lang.Object;@1996c205]
2025-09-17 18:45:11 [http-nio-8080-exec-1] INFO  c.e.D.service.FunctionalScopeService - Created record: L1=[Ljava.lang.Object;@721b5d2b, L2=[Ljava.lang.Object;@1b08c260, L3=[Ljava.lang.Object;@6180e1b2, L4=[Ljava.lang.Object;@1996c205, L5=null
2025-09-17 18:45:11 [http-nio-8080-exec-1] DEBUG org.hibernate.SQL - 
    select
        rf1_0.L1,
        rf1_0.L2,
        rf1_0.L3 
    from
        Retail rf1_0 
    where
        rf1_0.L3=?
2025-09-17 18:45:11 [http-nio-8080-exec-1] DEBUG org.hibernate.SQL - 
    select
        distinct rf1_0.L4 
    from
        Retail rf1_0 
    where
        rf1_0.L1=? 
        and rf1_0.L2=? 
        and rf1_0.L3=? 
        and rf1_0.L4 is not null 
        and rf1_0.L4<>''
2025-09-17 18:45:12 [http-nio-8080-exec-1] DEBUG org.hibernate.SQL - 
    select
        rf1_0.L1,
        rf1_0.L2,
        rf1_0.L3,
        rf1_0.L4 
    from
        Retail rf1_0 
    where
        rf1_0.L4=?
2025-09-17 18:45:12 [http-nio-8080-exec-1] INFO  c.e.D.service.FunctionalScopeService - Creating record from path: [[Ljava.lang.Object;@4cbcf4f1, [Ljava.lang.Object;@2a397368, [Ljava.lang.Object;@78969099, [Ljava.lang.Object;@78989363]
2025-09-17 18:45:12 [http-nio-8080-exec-1] INFO  c.e.D.service.FunctionalScopeService - Created record: L1=[Ljava.lang.Object;@4cbcf4f1, L2=[Ljava.lang.Object;@2a397368, L3=[Ljava.lang.Object;@78969099, L4=[Ljava.lang.Object;@78989363, L5=null
2025-09-17 18:45:12 [http-nio-8080-exec-1] DEBUG org.hibernate.SQL - 
    select
        rf1_0.L1,
        rf1_0.L2,
        rf1_0.L3,
        rf1_0.L4 
    from
        Retail rf1_0 
    where
        rf1_0.L4=?
2025-09-17 18:45:12 [http-nio-8080-exec-1] INFO  c.e.D.service.FunctionalScopeService - Creating record from path: [[Ljava.lang.Object;@7e352c4f, [Ljava.lang.Object;@420abb61, [Ljava.lang.Object;@5669d7de]
2025-09-17 18:45:12 [http-nio-8080-exec-1] INFO  c.e.D.service.FunctionalScopeService - Created record: L1=[Ljava.lang.Object;@7e352c4f, L2=[Ljava.lang.Object;@420abb61, L3=[Ljava.lang.Object;@5669d7de, L4=null, L5=null
2025-09-17 18:45:12 [http-nio-8080-exec-1] DEBUG org.hibernate.SQL - 
    select
        rf1_0.L1,
        rf1_0.L2,
        rf1_0.L3 
    from
        Retail rf1_0 
    where
        rf1_0.L3=?
2025-09-17 18:45:12 [http-nio-8080-exec-1] DEBUG org.hibernate.SQL - 
    select
        distinct rf1_0.L4 
    from
        Retail rf1_0 
    where
        rf1_0.L1=? 
        and rf1_0.L2=? 
        and rf1_0.L3=? 
        and rf1_0.L4 is not null 
        and rf1_0.L4<>''
2025-09-17 18:45:13 [http-nio-8080-exec-1] DEBUG org.hibernate.SQL - 
    select
        rf1_0.L1,
        rf1_0.L2,
        rf1_0.L3,
        rf1_0.L4 
    from
        Retail rf1_0 
    where
        rf1_0.L4=?
2025-09-17 18:45:13 [http-nio-8080-exec-1] INFO  c.e.D.service.FunctionalScopeService - Creating record from path: [[Ljava.lang.Object;@1685cf58, [Ljava.lang.Object;@57c479a1, [Ljava.lang.Object;@2e2690e0, [Ljava.lang.Object;@3c0b7f11]
2025-09-17 18:45:13 [http-nio-8080-exec-1] INFO  c.e.D.service.FunctionalScopeService - Created record: L1=[Ljava.lang.Object;@1685cf58, L2=[Ljava.lang.Object;@57c479a1, L3=[Ljava.lang.Object;@2e2690e0, L4=[Ljava.lang.Object;@3c0b7f11, L5=null
2025-09-17 18:45:13 [http-nio-8080-exec-1] DEBUG org.hibernate.SQL - 
    select
        rf1_0.L1,
        rf1_0.L2,
        rf1_0.L3,
        rf1_0.L4 
    from
        Retail rf1_0 
    where
        rf1_0.L4=?
2025-09-17 18:45:13 [http-nio-8080-exec-1] INFO  c.e.D.service.FunctionalScopeService - Creating record from path: [[Ljava.lang.Object;@6a0acff8, [Ljava.lang.Object;@d1ed65f, [Ljava.lang.Object;@6df4fd9b]
2025-09-17 18:45:13 [http-nio-8080-exec-1] INFO  c.e.D.service.FunctionalScopeService - Created record: L1=[Ljava.lang.Object;@6a0acff8, L2=[Ljava.lang.Object;@d1ed65f, L3=[Ljava.lang.Object;@6df4fd9b, L4=null, L5=null
2025-09-17 18:45:13 [http-nio-8080-exec-1] DEBUG org.hibernate.SQL - 
    select
        rf1_0.L1,
        rf1_0.L2,
        rf1_0.L3 
    from
        Retail rf1_0 
    where
        rf1_0.L3=?
2025-09-17 18:45:14 [http-nio-8080-exec-1] DEBUG org.hibernate.SQL - 
    select
        distinct rf1_0.L4 
    from
        Retail rf1_0 
    where
        rf1_0.L1=? 
        and rf1_0.L2=? 
        and rf1_0.L3=? 
        and rf1_0.L4 is not null 
        and rf1_0.L4<>''
2025-09-17 18:45:14 [http-nio-8080-exec-1] DEBUG org.hibernate.SQL - 
    select
        rf1_0.L1,
        rf1_0.L2,
        rf1_0.L3,
        rf1_0.L4 
    from
        Retail rf1_0 
    where
        rf1_0.L4=?
2025-09-17 18:45:14 [http-nio-8080-exec-1] INFO  c.e.D.service.FunctionalScopeService - Creating record from path: [[Ljava.lang.Object;@38ac0747]
2025-09-17 18:45:14 [http-nio-8080-exec-1] INFO  c.e.D.service.FunctionalScopeService - Extracted nested array: [Merchandising, Category Management, Promotion Planning and Optimization, Promotion Forecasting and Replenishment]
2025-09-17 18:45:14 [http-nio-8080-exec-1] INFO  c.e.D.service.FunctionalScopeService - Created record: L1=Merchandising, L2=Category Management, L3=Promotion Planning and Optimization, L4=Promotion Forecasting and Replenishment, L5=null
2025-09-17 18:45:14 [http-nio-8080-exec-1] DEBUG org.hibernate.SQL - 
    select
        rf1_0.L1,
        rf1_0.L2,
        rf1_0.L3,
        rf1_0.L4 
    from
        Retail rf1_0 
    where
        rf1_0.L4=?
2025-09-17 18:45:14 [http-nio-8080-exec-1] INFO  c.e.D.service.FunctionalScopeService - Creating record from path: [[Ljava.lang.Object;@674cd964]
2025-09-17 18:45:14 [http-nio-8080-exec-1] INFO  c.e.D.service.FunctionalScopeService - Extracted nested array: [Merchandising, Category Management, Promotion Planning and Optimization, Promotion Performance Analysis]
2025-09-17 18:45:14 [http-nio-8080-exec-1] INFO  c.e.D.service.FunctionalScopeService - Created record: L1=Merchandising, L2=Category Management, L3=Promotion Planning and Optimization, L4=Promotion Performance Analysis, L5=null
2025-09-17 18:45:14 [http-nio-8080-exec-1] DEBUG org.hibernate.SQL - 
    select
        rf1_0.L1,
        rf1_0.L2,
        rf1_0.L3 
    from
        Retail rf1_0 
    where
        rf1_0.L3=?
2025-09-17 18:45:15 [http-nio-8080-exec-1] DEBUG org.hibernate.SQL - 
    select
        distinct rf1_0.L4 
    from
        Retail rf1_0 
    where
        rf1_0.L1=? 
        and rf1_0.L2=? 
        and rf1_0.L3=? 
        and rf1_0.L4 is not null 
        and rf1_0.L4<>''
2025-09-17 18:45:15 [http-nio-8080-exec-1] DEBUG org.hibernate.SQL - 
    select
        rf1_0.L1,
        rf1_0.L2,
        rf1_0.L3,
        rf1_0.L4 
    from
        Retail rf1_0 
    where
        rf1_0.L4=?
2025-09-17 18:45:15 [http-nio-8080-exec-1] INFO  c.e.D.service.FunctionalScopeService - Creating record from path: [[Ljava.lang.Object;@561357ec]
2025-09-17 18:45:15 [http-nio-8080-exec-1] INFO  c.e.D.service.FunctionalScopeService - Extracted nested array: [Merchandising, Category Management, Space Planning, Macro Space Planning (Floor Planning)]
2025-09-17 18:45:15 [http-nio-8080-exec-1] INFO  c.e.D.service.FunctionalScopeService - Created record: L1=Merchandising, L2=Category Management, L3=Space Planning, L4=Macro Space Planning (Floor Planning), L5=null
2025-09-17 18:45:15 [http-nio-8080-exec-1] DEBUG org.hibernate.SQL - 
    select
        rf1_0.L1,
        rf1_0.L2,
        rf1_0.L3,
        rf1_0.L4 
    from
        Retail rf1_0 
    where
        rf1_0.L4=?
2025-09-17 18:45:15 [http-nio-8080-exec-1] INFO  c.e.D.service.FunctionalScopeService - Creating record from path: [[Ljava.lang.Object;@58e2010]
2025-09-17 18:45:15 [http-nio-8080-exec-1] INFO  c.e.D.service.FunctionalScopeService - Extracted nested array: [Merchandising, Category Management, Space Planning, Micro Space Planning (Planogramming)]
2025-09-17 18:45:15 [http-nio-8080-exec-1] INFO  c.e.D.service.FunctionalScopeService - Created record: L1=Merchandising, L2=Category Management, L3=Space Planning, L4=Micro Space Planning (Planogramming), L5=null
2025-09-17 18:45:15 [http-nio-8080-exec-1] DEBUG org.hibernate.SQL - 
    select
        rf1_0.L1,
        rf1_0.L2 
    from
        Retail rf1_0 
    where
        rf1_0.L2=?
2025-09-17 18:45:16 [http-nio-8080-exec-1] DEBUG org.hibernate.SQL - 
    select
        distinct rf1_0.L3 
    from
        Retail rf1_0 
    where
        rf1_0.L1=? 
        and rf1_0.L2=? 
        and rf1_0.L3 is not null 
        and rf1_0.L3<>''
2025-09-17 18:45:16 [http-nio-8080-exec-1] DEBUG org.hibernate.SQL - 
    select
        rf1_0.L1,
        rf1_0.L2,
        rf1_0.L3 
    from
        Retail rf1_0 
    where
        rf1_0.L3=?
2025-09-17 18:45:16 [http-nio-8080-exec-1] DEBUG org.hibernate.SQL - 
    select
        distinct rf1_0.L4 
    from
        Retail rf1_0 
    where
        rf1_0.L1=? 
        and rf1_0.L2=? 
        and rf1_0.L3=? 
        and rf1_0.L4 is not null 
        and rf1_0.L4<>''
2025-09-17 18:45:16 [http-nio-8080-exec-1] DEBUG org.hibernate.SQL - 
    select
        rf1_0.L1,
        rf1_0.L2,
        rf1_0.L3,
        rf1_0.L4 
    from
        Retail rf1_0 
    where
        rf1_0.L4=?
2025-09-17 18:45:17 [http-nio-8080-exec-1] INFO  c.e.D.service.FunctionalScopeService - Creating record from path: [[Ljava.lang.Object;@3a6fcb84]
2025-09-17 18:45:17 [http-nio-8080-exec-1] INFO  c.e.D.service.FunctionalScopeService - Extracted nested array: [Merchandising, Core Merchandising, Assortment Planning and Optimization, Oversee the end-to-end process of introducing new products, including supplier coordination, merchandising, marketing campaigns, and in-store execution.]
2025-09-17 18:45:17 [http-nio-8080-exec-1] INFO  c.e.D.service.FunctionalScopeService - Created record: L1=Merchandising, L2=Core Merchandising, L3=Assortment Planning and Optimization, L4=Oversee the end-to-end process of introducing new products, including supplier coordination, merchandising, marketing campaigns, and in-store execution., L5=null
2025-09-17 18:45:17 [http-nio-8080-exec-1] DEBUG org.hibernate.SQL - 
    select
        rf1_0.L1,
        rf1_0.L2,
        rf1_0.L3,
        rf1_0.L4 
    from
        Retail rf1_0 
    where
        rf1_0.L4=?
2025-09-17 18:45:17 [http-nio-8080-exec-1] INFO  c.e.D.service.FunctionalScopeService - Creating record from path: [[Ljava.lang.Object;@1f5ef08d]
2025-09-17 18:45:17 [http-nio-8080-exec-1] INFO  c.e.D.service.FunctionalScopeService - Extracted nested array: [Merchandising, Core Merchandising, Assortment Planning and Optimization, Strategically organize product assortments within a category to maintain variety, innovation, and profitability while minimizing redundancy and excess inventory.]
2025-09-17 18:45:17 [http-nio-8080-exec-1] INFO  c.e.D.service.FunctionalScopeService - Created record: L1=Merchandising, L2=Core Merchandising, L3=Assortment Planning and Optimization, L4=Strategically organize product assortments within a category to maintain variety, innovation, and profitability while minimizing redundancy and excess inventory., L5=null
2025-09-17 18:45:17 [http-nio-8080-exec-1] DEBUG org.hibernate.SQL - 
    select
        rf1_0.L1,
        rf1_0.L2,
        rf1_0.L3 
    from
        Retail rf1_0 
    where
        rf1_0.L3=?
2025-09-17 18:45:17 [http-nio-8080-exec-1] DEBUG org.hibernate.SQL - 
    select
        distinct rf1_0.L4 
    from
        Retail rf1_0 
    where
        rf1_0.L1=? 
        and rf1_0.L2=? 
        and rf1_0.L3=? 
        and rf1_0.L4 is not null 
        and rf1_0.L4<>''
2025-09-17 18:45:18 [http-nio-8080-exec-1] DEBUG org.hibernate.SQL - 
    select
        rf1_0.L1,
        rf1_0.L2,
        rf1_0.L3,
        rf1_0.L4 
    from
        Retail rf1_0 
    where
        rf1_0.L4=?
2025-09-17 18:45:18 [http-nio-8080-exec-1] INFO  c.e.D.service.FunctionalScopeService - Creating record from path: [[Ljava.lang.Object;@597143c4]
2025-09-17 18:45:18 [http-nio-8080-exec-1] INFO  c.e.D.service.FunctionalScopeService - Extracted nested array: [Merchandising, Core Merchandising, Digital Merchandising, Create and Maintain Product Images, Descriptions and Specifications]
2025-09-17 18:45:18 [http-nio-8080-exec-1] INFO  c.e.D.service.FunctionalScopeService - Created record: L1=Merchandising, L2=Core Merchandising, L3=Digital Merchandising, L4=Create and Maintain Product Images, Descriptions and Specifications, L5=null
2025-09-17 18:45:18 [http-nio-8080-exec-1] DEBUG org.hibernate.SQL - 
    select
        rf1_0.L1,
        rf1_0.L2,
        rf1_0.L3,
        rf1_0.L4 
    from
        Retail rf1_0 
    where
        rf1_0.L4=?
2025-09-17 18:45:18 [http-nio-8080-exec-1] INFO  c.e.D.service.FunctionalScopeService - Creating record from path: [[Ljava.lang.Object;@637435e1]
2025-09-17 18:45:18 [http-nio-8080-exec-1] INFO  c.e.D.service.FunctionalScopeService - Extracted nested array: [Merchandising, Core Merchandising, Digital Merchandising, Design digital store layouts, including category navigation, product placement, and cross-selling recommendations to enhance the online shopping experience.]
2025-09-17 18:45:18 [http-nio-8080-exec-1] INFO  c.e.D.service.FunctionalScopeService - Created record: L1=Merchandising, L2=Core Merchandising, L3=Digital Merchandising, L4=Design digital store layouts, including category navigation, product placement, and cross-selling recommendations to enhance the online shopping experience., L5=null
2025-09-17 18:45:18 [http-nio-8080-exec-1] DEBUG org.hibernate.SQL - 
    select
        rf1_0.L1,
        rf1_0.L2,
        rf1_0.L3,
        rf1_0.L4 
    from
        Retail rf1_0 
    where
        rf1_0.L4=?
2025-09-17 18:45:18 [http-nio-8080-exec-1] INFO  c.e.D.service.FunctionalScopeService - Creating record from path: [[Ljava.lang.Object;@52f3f7e7]
2025-09-17 18:45:18 [http-nio-8080-exec-1] INFO  c.e.D.service.FunctionalScopeService - Extracted nested array: [Merchandising, Core Merchandising, Digital Merchandising, Implement strategies to recommend complementary products, increasing basket size and enhancing customer shopping experiences. Develop Cross Selling Strategies]
2025-09-17 18:45:18 [http-nio-8080-exec-1] INFO  c.e.D.service.FunctionalScopeService - Created record: L1=Merchandising, L2=Core Merchandising, L3=Digital Merchandising, L4=Implement strategies to recommend complementary products, increasing basket size and enhancing customer shopping experiences. Develop Cross Selling Strategies, L5=null
2025-09-17 18:45:18 [http-nio-8080-exec-1] DEBUG org.hibernate.SQL - 
    select
        rf1_0.L1,
        rf1_0.L2,
        rf1_0.L3,
        rf1_0.L4 
    from
        Retail rf1_0 
    where
        rf1_0.L4=?
2025-09-17 18:45:19 [http-nio-8080-exec-1] INFO  c.e.D.service.FunctionalScopeService - Creating record from path: [[Ljava.lang.Object;@6e4969c3]
2025-09-17 18:45:19 [http-nio-8080-exec-1] INFO  c.e.D.service.FunctionalScopeService - Extracted nested array: [Merchandising, Core Merchandising, Digital Merchandising, Strategically place products within retail and online spaces based on customer purchasing behavior, traffic patterns, and sales performance data. Determine Product Placement and Position]
2025-09-17 18:45:19 [http-nio-8080-exec-1] INFO  c.e.D.service.FunctionalScopeService - Created record: L1=Merchandising, L2=Core Merchandising, L3=Digital Merchandising, L4=Strategically place products within retail and online spaces based on customer purchasing behavior, traffic patterns, and sales performance data. Determine Product Placement and Position, L5=null
2025-09-17 18:45:19 [http-nio-8080-exec-1] DEBUG org.hibernate.SQL - 
    select
        rf1_0.L1,
        rf1_0.L2,
        rf1_0.L3 
    from
        Retail rf1_0 
    where
        rf1_0.L3=?
2025-09-17 18:45:19 [http-nio-8080-exec-1] DEBUG org.hibernate.SQL - 
    select
        distinct rf1_0.L4 
    from
        Retail rf1_0 
    where
        rf1_0.L1=? 
        and rf1_0.L2=? 
        and rf1_0.L3=? 
        and rf1_0.L4 is not null 
        and rf1_0.L4<>''
2025-09-17 18:45:19 [http-nio-8080-exec-1] DEBUG org.hibernate.SQL - 
    select
        rf1_0.L1,
        rf1_0.L2,
        rf1_0.L3,
        rf1_0.L4 
    from
        Retail rf1_0 
    where
        rf1_0.L4=?
2025-09-17 18:45:19 [http-nio-8080-exec-1] INFO  c.e.D.service.FunctionalScopeService - Creating record from path: [[Ljava.lang.Object;@33fd594f]
2025-09-17 18:45:19 [http-nio-8080-exec-1] INFO  c.e.D.service.FunctionalScopeService - Extracted nested array: [Merchandising, Core Merchandising, In Season Performance Management, Assess the sales performance of individual products, identifying high-performing and underperforming items to optimize inventory and assortment decisions.]
2025-09-17 18:45:19 [http-nio-8080-exec-1] INFO  c.e.D.service.FunctionalScopeService - Created record: L1=Merchandising, L2=Core Merchandising, L3=In Season Performance Management, L4=Assess the sales performance of individual products, identifying high-performing and underperforming items to optimize inventory and assortment decisions., L5=null
2025-09-17 18:45:19 [http-nio-8080-exec-1] DEBUG org.hibernate.SQL - 
    select
        rf1_0.L1,
        rf1_0.L2,
        rf1_0.L3,
        rf1_0.L4 
    from
        Retail rf1_0 
    where
        rf1_0.L4=?
2025-09-17 18:45:20 [http-nio-8080-exec-1] INFO  c.e.D.service.FunctionalScopeService - Creating record from path: [[Ljava.lang.Object;@4849d353]
2025-09-17 18:45:20 [http-nio-8080-exec-1] INFO  c.e.D.service.FunctionalScopeService - Extracted nested array: [Merchandising, Core Merchandising, In Season Performance Management, Establish guidelines for adjusting pricing and restocking decisions based on sales trends, inventory levels, and demand forecasting.]
2025-09-17 18:45:20 [http-nio-8080-exec-1] INFO  c.e.D.service.FunctionalScopeService - Created record: L1=Merchandising, L2=Core Merchandising, L3=In Season Performance Management, L4=Establish guidelines for adjusting pricing and restocking decisions based on sales trends, inventory levels, and demand forecasting., L5=null
2025-09-17 18:45:20 [http-nio-8080-exec-1] DEBUG org.hibernate.SQL - 
    select
        rf1_0.L1,
        rf1_0.L2,
        rf1_0.L3 
    from
        Retail rf1_0 
    where
        rf1_0.L3=?
2025-09-17 18:45:20 [http-nio-8080-exec-1] DEBUG org.hibernate.SQL - 
    select
        distinct rf1_0.L4 
    from
        Retail rf1_0 
    where
        rf1_0.L1=? 
        and rf1_0.L2=? 
        and rf1_0.L3=? 
        and rf1_0.L4 is not null 
        and rf1_0.L4<>''
2025-09-17 18:45:20 [http-nio-8080-exec-1] DEBUG org.hibernate.SQL - 
    select
        rf1_0.L1,
        rf1_0.L2,
        rf1_0.L3,
        rf1_0.L4 
    from
        Retail rf1_0 
    where
        rf1_0.L4=?
2025-09-17 18:45:20 [http-nio-8080-exec-1] INFO  c.e.D.service.FunctionalScopeService - Creating record from path: [[Ljava.lang.Object;@4dd44da6]
2025-09-17 18:45:20 [http-nio-8080-exec-1] INFO  c.e.D.service.FunctionalScopeService - Extracted nested array: [Merchandising, Core Merchandising, Markdown Planning and Management, Analyze the impact of different markdown strategies using predictive analytics and scenario modeling to determine the most effective pricing adjustments.]
2025-09-17 18:45:20 [http-nio-8080-exec-1] INFO  c.e.D.service.FunctionalScopeService - Created record: L1=Merchandising, L2=Core Merchandising, L3=Markdown Planning and Management, L4=Analyze the impact of different markdown strategies using predictive analytics and scenario modeling to determine the most effective pricing adjustments., L5=null
2025-09-17 18:45:20 [http-nio-8080-exec-1] DEBUG org.hibernate.SQL - 
    select
        rf1_0.L1,
        rf1_0.L2,
        rf1_0.L3,
        rf1_0.L4 
    from
        Retail rf1_0 
    where
        rf1_0.L4=?
2025-09-17 18:45:21 [http-nio-8080-exec-1] INFO  c.e.D.service.FunctionalScopeService - Creating record from path: [[Ljava.lang.Object;@770f8c09]
2025-09-17 18:45:21 [http-nio-8080-exec-1] INFO  c.e.D.service.FunctionalScopeService - Extracted nested array: [Merchandising, Core Merchandising, Markdown Planning and Management, Develop a structured plan for discounting products at the right time and depth to optimize inventory sell-through while preserving profitability.]
2025-09-17 18:45:21 [http-nio-8080-exec-1] INFO  c.e.D.service.FunctionalScopeService - Created record: L1=Merchandising, L2=Core Merchandising, L3=Markdown Planning and Management, L4=Develop a structured plan for discounting products at the right time and depth to optimize inventory sell-through while preserving profitability., L5=null
2025-09-17 18:45:21 [http-nio-8080-exec-1] DEBUG org.hibernate.SQL - 
    select
        rf1_0.L1,
        rf1_0.L2,
        rf1_0.L3 
    from
        Retail rf1_0 
    where
        rf1_0.L3=?
2025-09-17 18:45:21 [http-nio-8080-exec-1] DEBUG org.hibernate.SQL - 
    select
        distinct rf1_0.L4 
    from
        Retail rf1_0 
    where
        rf1_0.L1=? 
        and rf1_0.L2=? 
        and rf1_0.L3=? 
        and rf1_0.L4 is not null 
        and rf1_0.L4<>''
2025-09-17 18:45:21 [http-nio-8080-exec-1] DEBUG org.hibernate.SQL - 
    select
        rf1_0.L1,
        rf1_0.L2,
        rf1_0.L3,
        rf1_0.L4 
    from
        Retail rf1_0 
    where
        rf1_0.L4=?
2025-09-17 18:45:22 [http-nio-8080-exec-1] INFO  c.e.D.service.FunctionalScopeService - Creating record from path: [[Ljava.lang.Object;@10e81926]
2025-09-17 18:45:22 [http-nio-8080-exec-1] INFO  c.e.D.service.FunctionalScopeService - Extracted nested array: [Merchandising, Core Merchandising, Pricing Strategy, Create a pricing framework that considers market demand, competitor pricing, cost structures, and profitability objectives to ensure competitiveness and financial success.]
2025-09-17 18:45:22 [http-nio-8080-exec-1] INFO  c.e.D.service.FunctionalScopeService - Created record: L1=Merchandising, L2=Core Merchandising, L3=Pricing Strategy, L4=Create a pricing framework that considers market demand, competitor pricing, cost structures, and profitability objectives to ensure competitiveness and financial success., L5=null
2025-09-17 18:45:22 [http-nio-8080-exec-1] DEBUG org.hibernate.SQL - 
    select
        rf1_0.L1,
        rf1_0.L2,
        rf1_0.L3,
        rf1_0.L4 
    from
        Retail rf1_0 
    where
        rf1_0.L4=?
2025-09-17 18:45:22 [http-nio-8080-exec-1] INFO  c.e.D.service.FunctionalScopeService - Creating record from path: [[Ljava.lang.Object;@408f4632]
2025-09-17 18:45:22 [http-nio-8080-exec-1] INFO  c.e.D.service.FunctionalScopeService - Extracted nested array: [Merchandising, Core Merchandising, Pricing Strategy, Implement a flexible pricing model that responds to market trends, demand fluctuations, and inventory levels to maximize revenue and customer engagement.]
2025-09-17 18:45:22 [http-nio-8080-exec-1] INFO  c.e.D.service.FunctionalScopeService - Created record: L1=Merchandising, L2=Core Merchandising, L3=Pricing Strategy, L4=Implement a flexible pricing model that responds to market trends, demand fluctuations, and inventory levels to maximize revenue and customer engagement., L5=null
2025-09-17 18:45:22 [http-nio-8080-exec-1] DEBUG org.hibernate.SQL - 
    select
        rf1_0.L1,
        rf1_0.L2,
        rf1_0.L3,
        rf1_0.L4 
    from
        Retail rf1_0 
    where
        rf1_0.L4=?
2025-09-17 18:45:22 [http-nio-8080-exec-1] INFO  c.e.D.service.FunctionalScopeService - Creating record from path: [[Ljava.lang.Object;@10c925bb]
2025-09-17 18:45:22 [http-nio-8080-exec-1] INFO  c.e.D.service.FunctionalScopeService - Extracted nested array: [Merchandising, Core Merchandising, Pricing Strategy, Regularly monitor and evaluate competitor pricing strategies to identify opportunities for competitive pricing adjustments and market positioning improvements.]
2025-09-17 18:45:22 [http-nio-8080-exec-1] INFO  c.e.D.service.FunctionalScopeService - Created record: L1=Merchandising, L2=Core Merchandising, L3=Pricing Strategy, L4=Regularly monitor and evaluate competitor pricing strategies to identify opportunities for competitive pricing adjustments and market positioning improvements., L5=null
2025-09-17 18:45:22 [http-nio-8080-exec-1] DEBUG org.hibernate.SQL - 
    select
        rf1_0.L1,
        rf1_0.L2 
    from
        Retail rf1_0 
    where
        rf1_0.L2=?
2025-09-17 18:45:22 [http-nio-8080-exec-1] DEBUG org.hibernate.SQL - 
    select
        distinct rf1_0.L3 
    from
        Retail rf1_0 
    where
        rf1_0.L1=? 
        and rf1_0.L2=? 
        and rf1_0.L3 is not null 
        and rf1_0.L3<>''
2025-09-17 18:45:23 [http-nio-8080-exec-1] DEBUG org.hibernate.SQL - 
    select
        rf1_0.L1,
        rf1_0.L2,
        rf1_0.L3 
    from
        Retail rf1_0 
    where
        rf1_0.L3=?
2025-09-17 18:45:23 [http-nio-8080-exec-1] DEBUG org.hibernate.SQL - 
    select
        distinct rf1_0.L4 
    from
        Retail rf1_0 
    where
        rf1_0.L1=? 
        and rf1_0.L2=? 
        and rf1_0.L3=? 
        and rf1_0.L4 is not null 
        and rf1_0.L4<>''
2025-09-17 18:45:23 [http-nio-8080-exec-1] DEBUG org.hibernate.SQL - 
    select
        rf1_0.L1,
        rf1_0.L2,
        rf1_0.L3,
        rf1_0.L4 
    from
        Retail rf1_0 
    where
        rf1_0.L4=?
2025-09-17 18:45:23 [http-nio-8080-exec-1] INFO  c.e.D.service.FunctionalScopeService - Creating record from path: [[Ljava.lang.Object;@6d502ca, [Ljava.lang.Object;@51e424a1, [Ljava.lang.Object;@785349b2, [Ljava.lang.Object;@3ad52be2, [Ljava.lang.Object;@14b8bd20, [Ljava.lang.Object;@6409423a]
2025-09-17 18:45:23 [http-nio-8080-exec-1] INFO  c.e.D.service.FunctionalScopeService - Created record: L1=[Ljava.lang.Object;@6d502ca, L2=[Ljava.lang.Object;@51e424a1, L3=[Ljava.lang.Object;@785349b2, L4=[Ljava.lang.Object;@3ad52be2, L5=[Ljava.lang.Object;@14b8bd20
2025-09-17 18:45:23 [http-nio-8080-exec-1] DEBUG org.hibernate.SQL - 
    select
        rf1_0.L1,
        rf1_0.L2,
        rf1_0.L3,
        rf1_0.L4 
    from
        Retail rf1_0 
    where
        rf1_0.L4=?
2025-09-17 18:45:24 [http-nio-8080-exec-1] INFO  c.e.D.service.FunctionalScopeService - Creating record from path: [[Ljava.lang.Object;@446cd6f7, [Ljava.lang.Object;@6ada54d2, [Ljava.lang.Object;@404beb40, [Ljava.lang.Object;@3495598e, [Ljava.lang.Object;@166cfa85, [Ljava.lang.Object;@2e28505e, [Ljava.lang.Object;@31a6bf30, [Ljava.lang.Object;@2fe1c9a3]
2025-09-17 18:45:24 [http-nio-8080-exec-1] INFO  c.e.D.service.FunctionalScopeService - Created record: L1=[Ljava.lang.Object;@446cd6f7, L2=[Ljava.lang.Object;@6ada54d2, L3=[Ljava.lang.Object;@404beb40, L4=[Ljava.lang.Object;@3495598e, L5=[Ljava.lang.Object;@166cfa85
2025-09-17 18:45:24 [http-nio-8080-exec-1] DEBUG org.hibernate.SQL - 
    select
        rf1_0.L1,
        rf1_0.L2,
        rf1_0.L3 
    from
        Retail rf1_0 
    where
        rf1_0.L3=?
2025-09-17 18:45:24 [http-nio-8080-exec-1] DEBUG org.hibernate.SQL - 
    select
        distinct rf1_0.L4 
    from
        Retail rf1_0 
    where
        rf1_0.L1=? 
        and rf1_0.L2=? 
        and rf1_0.L3=? 
        and rf1_0.L4 is not null 
        and rf1_0.L4<>''
2025-09-17 18:45:24 [http-nio-8080-exec-1] DEBUG org.hibernate.SQL - 
    select
        rf1_0.L1,
        rf1_0.L2,
        rf1_0.L3,
        rf1_0.L4 
    from
        Retail rf1_0 
    where
        rf1_0.L4=?
2025-09-17 18:45:24 [http-nio-8080-exec-1] INFO  c.e.D.service.FunctionalScopeService - Creating record from path: [[Ljava.lang.Object;@538d419a]
2025-09-17 18:45:24 [http-nio-8080-exec-1] INFO  c.e.D.service.FunctionalScopeService - Extracted nested array: [Merchandising, Merchandising Strategy Planning, Demand & Revenue Planning, Manage New Product Introduction & Phase In & Out]
2025-09-17 18:45:24 [http-nio-8080-exec-1] INFO  c.e.D.service.FunctionalScopeService - Created record: L1=Merchandising, L2=Merchandising Strategy Planning, L3=Demand & Revenue Planning, L4=Manage New Product Introduction & Phase In & Out, L5=null
2025-09-17 18:45:24 [http-nio-8080-exec-1] DEBUG org.hibernate.SQL - 
    select
        rf1_0.L1,
        rf1_0.L2,
        rf1_0.L3 
    from
        Retail rf1_0 
    where
        rf1_0.L3=?
2025-09-17 18:45:25 [http-nio-8080-exec-1] DEBUG org.hibernate.SQL - 
    select
        distinct rf1_0.L4 
    from
        Retail rf1_0 
    where
        rf1_0.L1=? 
        and rf1_0.L2=? 
        and rf1_0.L3=? 
        and rf1_0.L4 is not null 
        and rf1_0.L4<>''
2025-09-17 18:45:25 [http-nio-8080-exec-1] DEBUG org.hibernate.SQL - 
    select
        rf1_0.L1,
        rf1_0.L2,
        rf1_0.L3,
        rf1_0.L4 
    from
        Retail rf1_0 
    where
        rf1_0.L4=?
2025-09-17 18:45:25 [http-nio-8080-exec-1] INFO  c.e.D.service.FunctionalScopeService - Creating record from path: [[Ljava.lang.Object;@58bf2ef2, [Ljava.lang.Object;@2ebf07c2, [Ljava.lang.Object;@56b63fc3, [Ljava.lang.Object;@7d1d1246]
2025-09-17 18:45:25 [http-nio-8080-exec-1] INFO  c.e.D.service.FunctionalScopeService - Created record: L1=[Ljava.lang.Object;@58bf2ef2, L2=[Ljava.lang.Object;@2ebf07c2, L3=[Ljava.lang.Object;@56b63fc3, L4=[Ljava.lang.Object;@7d1d1246, L5=null
2025-09-17 18:45:25 [http-nio-8080-exec-1] DEBUG org.hibernate.SQL - 
    select
        rf1_0.L1,
        rf1_0.L2,
        rf1_0.L3,
        rf1_0.L4 
    from
        Retail rf1_0 
    where
        rf1_0.L4=?
2025-09-17 18:45:26 [http-nio-8080-exec-1] INFO  c.e.D.service.FunctionalScopeService - Creating record from path: [[Ljava.lang.Object;@6d8c9852, [Ljava.lang.Object;@78163887, [Ljava.lang.Object;@7402d1f, [Ljava.lang.Object;@1241dff3, [Ljava.lang.Object;@1b069be1, [Ljava.lang.Object;@521d4a06]
2025-09-17 18:45:26 [http-nio-8080-exec-1] INFO  c.e.D.service.FunctionalScopeService - Created record: L1=[Ljava.lang.Object;@6d8c9852, L2=[Ljava.lang.Object;@78163887, L3=[Ljava.lang.Object;@7402d1f, L4=[Ljava.lang.Object;@1241dff3, L5=[Ljava.lang.Object;@1b069be1
2025-09-17 18:45:26 [http-nio-8080-exec-1] DEBUG org.hibernate.SQL - 
    select
        rf1_0.L1,
        rf1_0.L2,
        rf1_0.L3 
    from
        Retail rf1_0 
    where
        rf1_0.L3=?
2025-09-17 18:45:26 [http-nio-8080-exec-1] DEBUG org.hibernate.SQL - 
    select
        distinct rf1_0.L4 
    from
        Retail rf1_0 
    where
        rf1_0.L1=? 
        and rf1_0.L2=? 
        and rf1_0.L3=? 
        and rf1_0.L4 is not null 
        and rf1_0.L4<>''
2025-09-17 18:45:26 [http-nio-8080-exec-1] DEBUG org.hibernate.SQL - 
    select
        rf1_0.L1,
        rf1_0.L2,
        rf1_0.L3,
        rf1_0.L4 
    from
        Retail rf1_0 
    where
        rf1_0.L4=?
2025-09-17 18:45:26 [http-nio-8080-exec-1] INFO  c.e.D.service.FunctionalScopeService - Creating record from path: [[Ljava.lang.Object;@bf49192]
2025-09-17 18:45:26 [http-nio-8080-exec-1] INFO  c.e.D.service.FunctionalScopeService - Extracted nested array: [Merchandising, Merchandising Strategy Planning, Prepare & Conduct Demand Review, Demand Forecasting Model Development]
2025-09-17 18:45:26 [http-nio-8080-exec-1] INFO  c.e.D.service.FunctionalScopeService - Created record: L1=Merchandising, L2=Merchandising Strategy Planning, L3=Prepare & Conduct Demand Review, L4=Demand Forecasting Model Development, L5=null
2025-09-17 18:45:26 [http-nio-8080-exec-1] DEBUG org.hibernate.SQL - 
    select
        rf1_0.L1,
        rf1_0.L2,
        rf1_0.L3,
        rf1_0.L4 
    from
        Retail rf1_0 
    where
        rf1_0.L4=?
2025-09-17 18:45:27 [http-nio-8080-exec-1] INFO  c.e.D.service.FunctionalScopeService - Creating record from path: [[Ljava.lang.Object;@354ad0dd]
2025-09-17 18:45:27 [http-nio-8080-exec-1] INFO  c.e.D.service.FunctionalScopeService - Extracted nested array: [Merchandising, Merchandising Strategy Planning, Prepare & Conduct Demand Review, Demand Variance Analysis & Adjustments]
2025-09-17 18:45:27 [http-nio-8080-exec-1] INFO  c.e.D.service.FunctionalScopeService - Created record: L1=Merchandising, L2=Merchandising Strategy Planning, L3=Prepare & Conduct Demand Review, L4=Demand Variance Analysis & Adjustments, L5=null
2025-09-17 18:45:27 [http-nio-8080-exec-1] DEBUG org.hibernate.SQL - 
    select
        rf1_0.L1,
        rf1_0.L2,
        rf1_0.L3 
    from
        Retail rf1_0 
    where
        rf1_0.L3=?
2025-09-17 18:45:27 [http-nio-8080-exec-1] DEBUG org.hibernate.SQL - 
    select
        distinct rf1_0.L4 
    from
        Retail rf1_0 
    where
        rf1_0.L1=? 
        and rf1_0.L2=? 
        and rf1_0.L3=? 
        and rf1_0.L4 is not null 
        and rf1_0.L4<>''
2025-09-17 18:45:27 [http-nio-8080-exec-1] DEBUG org.hibernate.SQL - 
    select
        rf1_0.L1,
        rf1_0.L2,
        rf1_0.L3,
        rf1_0.L4 
    from
        Retail rf1_0 
    where
        rf1_0.L4=?
2025-09-17 18:45:27 [http-nio-8080-exec-1] INFO  c.e.D.service.FunctionalScopeService - Creating record from path: [[Ljava.lang.Object;@301ccd5, [Ljava.lang.Object;@5e25ef9f, [Ljava.lang.Object;@5fe8ae28, [Ljava.lang.Object;@578d0e03, [Ljava.lang.Object;@5ae70743, [Ljava.lang.Object;@2bcf4297, [Ljava.lang.Object;@31cc3028, [Ljava.lang.Object;@e0ecd04]
2025-09-17 18:45:27 [http-nio-8080-exec-1] INFO  c.e.D.service.FunctionalScopeService - Created record: L1=[Ljava.lang.Object;@301ccd5, L2=[Ljava.lang.Object;@5e25ef9f, L3=[Ljava.lang.Object;@5fe8ae28, L4=[Ljava.lang.Object;@578d0e03, L5=[Ljava.lang.Object;@5ae70743
2025-09-17 18:45:27 [http-nio-8080-exec-1] DEBUG org.hibernate.SQL - 
    select
        rf1_0.L1,
        rf1_0.L2 
    from
        Retail rf1_0 
    where
        rf1_0.L2=?
2025-09-17 18:45:28 [http-nio-8080-exec-1] DEBUG org.hibernate.SQL - 
    select
        distinct rf1_0.L3 
    from
        Retail rf1_0 
    where
        rf1_0.L1=? 
        and rf1_0.L2=? 
        and rf1_0.L3 is not null 
        and rf1_0.L3<>''
2025-09-17 18:45:28 [http-nio-8080-exec-1] DEBUG org.hibernate.SQL - 
    select
        rf1_0.L1,
        rf1_0.L2,
        rf1_0.L3 
    from
        Retail rf1_0 
    where
        rf1_0.L3=?
2025-09-17 18:45:28 [http-nio-8080-exec-1] DEBUG org.hibernate.SQL - 
    select
        distinct rf1_0.L4 
    from
        Retail rf1_0 
    where
        rf1_0.L1=? 
        and rf1_0.L2=? 
        and rf1_0.L3=? 
        and rf1_0.L4 is not null 
        and rf1_0.L4<>''
2025-09-17 18:45:28 [http-nio-8080-exec-1] DEBUG org.hibernate.SQL - 
    select
        rf1_0.L1,
        rf1_0.L2,
        rf1_0.L3,
        rf1_0.L4 
    from
        Retail rf1_0 
    where
        rf1_0.L4=?
2025-09-17 18:45:29 [http-nio-8080-exec-1] INFO  c.e.D.service.FunctionalScopeService - Creating record from path: [[Ljava.lang.Object;@530685f]
2025-09-17 18:45:29 [http-nio-8080-exec-1] INFO  c.e.D.service.FunctionalScopeService - Extracted nested array: [Merchandising, Prepare & Conduct Demand Review, Demand Variance Analysis & Adjustments, Identify Variance Between Forecasted & Actual Demand]
2025-09-17 18:45:29 [http-nio-8080-exec-1] INFO  c.e.D.service.FunctionalScopeService - Created record: L1=Merchandising, L2=Prepare & Conduct Demand Review, L3=Demand Variance Analysis & Adjustments, L4=Identify Variance Between Forecasted & Actual Demand, L5=null
2025-09-17 18:45:29 [http-nio-8080-exec-1] DEBUG org.hibernate.SQL - 
    select
        rf1_0.L1,
        rf1_0.L2 
    from
        Retail rf1_0 
    where
        rf1_0.L2=?
2025-09-17 18:45:29 [http-nio-8080-exec-1] DEBUG org.hibernate.SQL - 
    select
        distinct rf1_0.L3 
    from
        Retail rf1_0 
    where
        rf1_0.L1=? 
        and rf1_0.L2=? 
        and rf1_0.L3 is not null 
        and rf1_0.L3<>''
2025-09-17 18:45:29 [http-nio-8080-exec-1] DEBUG org.hibernate.SQL - 
    select
        rf1_0.L1,
        rf1_0.L2,
        rf1_0.L3 
    from
        Retail rf1_0 
    where
        rf1_0.L3=?
2025-09-17 18:45:30 [http-nio-8080-exec-1] DEBUG org.hibernate.SQL - 
    select
        distinct rf1_0.L4 
    from
        Retail rf1_0 
    where
        rf1_0.L1=? 
        and rf1_0.L2=? 
        and rf1_0.L3=? 
        and rf1_0.L4 is not null 
        and rf1_0.L4<>''
2025-09-17 18:45:30 [http-nio-8080-exec-1] DEBUG org.hibernate.SQL - 
    select
        rf1_0.L1,
        rf1_0.L2,
        rf1_0.L3,
        rf1_0.L4 
    from
        Retail rf1_0 
    where
        rf1_0.L4=?
2025-09-17 18:45:30 [http-nio-8080-exec-1] INFO  c.e.D.service.FunctionalScopeService - Creating record from path: [[Ljava.lang.Object;@a149152]
2025-09-17 18:45:30 [http-nio-8080-exec-1] INFO  c.e.D.service.FunctionalScopeService - Extracted nested array: [Merchandising, Product Lifecycle Management, End-of-Life Product Planning & Markdown Strategies, Identify Low-Performing Products for Phase-Out]
2025-09-17 18:45:30 [http-nio-8080-exec-1] INFO  c.e.D.service.FunctionalScopeService - Created record: L1=Merchandising, L2=Product Lifecycle Management, L3=End-of-Life Product Planning & Markdown Strategies, L4=Identify Low-Performing Products for Phase-Out, L5=null
2025-09-17 18:45:30 [http-nio-8080-exec-1] DEBUG org.hibernate.SQL - 
    select
        rf1_0.L1,
        rf1_0.L2,
        rf1_0.L3 
    from
        Retail rf1_0 
    where
        rf1_0.L3=?
2025-09-17 18:45:30 [http-nio-8080-exec-1] DEBUG org.hibernate.SQL - 
    select
        distinct rf1_0.L4 
    from
        Retail rf1_0 
    where
        rf1_0.L1=? 
        and rf1_0.L2=? 
        and rf1_0.L3=? 
        and rf1_0.L4 is not null 
        and rf1_0.L4<>''
2025-09-17 18:45:31 [http-nio-8080-exec-1] DEBUG org.hibernate.SQL - 
    select
        rf1_0.L1,
        rf1_0.L2,
        rf1_0.L3,
        rf1_0.L4 
    from
        Retail rf1_0 
    where
        rf1_0.L4=?
2025-09-17 18:45:31 [http-nio-8080-exec-1] INFO  c.e.D.service.FunctionalScopeService - Creating record from path: [[Ljava.lang.Object;@66aa6a42]
2025-09-17 18:45:31 [http-nio-8080-exec-1] INFO  c.e.D.service.FunctionalScopeService - Extracted nested array: [Merchandising, Product Lifecycle Management, New Product Introduction & Market Positioning, Conduct Market Research & Consumer Insights]
2025-09-17 18:45:31 [http-nio-8080-exec-1] INFO  c.e.D.service.FunctionalScopeService - Created record: L1=Merchandising, L2=Product Lifecycle Management, L3=New Product Introduction & Market Positioning, L4=Conduct Market Research & Consumer Insights, L5=null
2025-09-17 18:45:31 [http-nio-8080-exec-1] INFO  c.e.D.service.FunctionalScopeService - Total records created: 41
2025-09-17 18:45:31 [http-nio-8080-exec-1] DEBUG org.hibernate.SQL - 
    insert 
    into
        UserFunctionalProcess
        (CreatedDate, FunctionalArea, FunctionalSubArea, IndustryType, L1, L2, L3, L4, L5, SessionID, UserID) 
    values
        (?, ?, ?, ?, ?, ?, ?, ?, ?, ?, ?)
2025-09-17 18:45:31 [http-nio-8080-exec-1] DEBUG org.hibernate.SQL - 
    insert 
    into
        UserFunctionalProcess
        (CreatedDate, FunctionalArea, FunctionalSubArea, IndustryType, L1, L2, L3, L4, L5, SessionID, UserID) 
    values
        (?, ?, ?, ?, ?, ?, ?, ?, ?, ?, ?)
2025-09-17 18:45:31 [http-nio-8080-exec-1] DEBUG org.hibernate.SQL - 
    insert 
    into
        UserFunctionalProcess
        (CreatedDate, FunctionalArea, FunctionalSubArea, IndustryType, L1, L2, L3, L4, L5, SessionID, UserID) 
    values
        (?, ?, ?, ?, ?, ?, ?, ?, ?, ?, ?)
2025-09-17 18:45:32 [http-nio-8080-exec-1] DEBUG org.hibernate.SQL - 
    insert 
    into
        UserFunctionalProcess
        (CreatedDate, FunctionalArea, FunctionalSubArea, IndustryType, L1, L2, L3, L4, L5, SessionID, UserID) 
    values
        (?, ?, ?, ?, ?, ?, ?, ?, ?, ?, ?)
2025-09-17 18:45:32 [http-nio-8080-exec-1] DEBUG org.hibernate.SQL - 
    insert 
    into
        UserFunctionalProcess
        (CreatedDate, FunctionalArea, FunctionalSubArea, IndustryType, L1, L2, L3, L4, L5, SessionID, UserID) 
    values
        (?, ?, ?, ?, ?, ?, ?, ?, ?, ?, ?)
2025-09-17 18:45:32 [http-nio-8080-exec-1] DEBUG org.hibernate.SQL - 
    insert 
    into
        UserFunctionalProcess
        (CreatedDate, FunctionalArea, FunctionalSubArea, IndustryType, L1, L2, L3, L4, L5, SessionID, UserID) 
    values
        (?, ?, ?, ?, ?, ?, ?, ?, ?, ?, ?)
2025-09-17 18:45:32 [http-nio-8080-exec-1] DEBUG org.hibernate.SQL - 
    insert 
    into
        UserFunctionalProcess
        (CreatedDate, FunctionalArea, FunctionalSubArea, IndustryType, L1, L2, L3, L4, L5, SessionID, UserID) 
    values
        (?, ?, ?, ?, ?, ?, ?, ?, ?, ?, ?)
2025-09-17 18:45:33 [http-nio-8080-exec-1] DEBUG org.hibernate.SQL - 
    insert 
    into
        UserFunctionalProcess
        (CreatedDate, FunctionalArea, FunctionalSubArea, IndustryType, L1, L2, L3, L4, L5, SessionID, UserID) 
    values
        (?, ?, ?, ?, ?, ?, ?, ?, ?, ?, ?)
2025-09-17 18:45:33 [http-nio-8080-exec-1] DEBUG org.hibernate.SQL - 
    insert 
    into
        UserFunctionalProcess
        (CreatedDate, FunctionalArea, FunctionalSubArea, IndustryType, L1, L2, L3, L4, L5, SessionID, UserID) 
    values
        (?, ?, ?, ?, ?, ?, ?, ?, ?, ?, ?)
2025-09-17 18:45:33 [http-nio-8080-exec-1] DEBUG org.hibernate.SQL - 
    insert 
    into
        UserFunctionalProcess
        (CreatedDate, FunctionalArea, FunctionalSubArea, IndustryType, L1, L2, L3, L4, L5, SessionID, UserID) 
    values
        (?, ?, ?, ?, ?, ?, ?, ?, ?, ?, ?)
2025-09-17 18:45:34 [http-nio-8080-exec-1] DEBUG org.hibernate.SQL - 
    insert 
    into
        UserFunctionalProcess
        (CreatedDate, FunctionalArea, FunctionalSubArea, IndustryType, L1, L2, L3, L4, L5, SessionID, UserID) 
    values
        (?, ?, ?, ?, ?, ?, ?, ?, ?, ?, ?)
2025-09-17 18:45:34 [http-nio-8080-exec-1] DEBUG org.hibernate.SQL - 
    insert 
    into
        UserFunctionalProcess
        (CreatedDate, FunctionalArea, FunctionalSubArea, IndustryType, L1, L2, L3, L4, L5, SessionID, UserID) 
    values
        (?, ?, ?, ?, ?, ?, ?, ?, ?, ?, ?)
2025-09-17 18:45:34 [http-nio-8080-exec-1] DEBUG org.hibernate.SQL - 
    insert 
    into
        UserFunctionalProcess
        (CreatedDate, FunctionalArea, FunctionalSubArea, IndustryType, L1, L2, L3, L4, L5, SessionID, UserID) 
    values
        (?, ?, ?, ?, ?, ?, ?, ?, ?, ?, ?)
2025-09-17 18:45:34 [http-nio-8080-exec-1] DEBUG org.hibernate.SQL - 
    insert 
    into
        UserFunctionalProcess
        (CreatedDate, FunctionalArea, FunctionalSubArea, IndustryType, L1, L2, L3, L4, L5, SessionID, UserID) 
    values
        (?, ?, ?, ?, ?, ?, ?, ?, ?, ?, ?)
2025-09-17 18:45:35 [http-nio-8080-exec-1] DEBUG org.hibernate.SQL - 
    insert 
    into
        UserFunctionalProcess
        (CreatedDate, FunctionalArea, FunctionalSubArea, IndustryType, L1, L2, L3, L4, L5, SessionID, UserID) 
    values
        (?, ?, ?, ?, ?, ?, ?, ?, ?, ?, ?)
2025-09-17 18:45:36 [http-nio-8080-exec-1] DEBUG org.hibernate.SQL - 
    insert 
    into
        UserFunctionalProcess
        (CreatedDate, FunctionalArea, FunctionalSubArea, IndustryType, L1, L2, L3, L4, L5, SessionID, UserID) 
    values
        (?, ?, ?, ?, ?, ?, ?, ?, ?, ?, ?)
2025-09-17 18:45:36 [http-nio-8080-exec-1] DEBUG org.hibernate.SQL - 
    insert 
    into
        UserFunctionalProcess
        (CreatedDate, FunctionalArea, FunctionalSubArea, IndustryType, L1, L2, L3, L4, L5, SessionID, UserID) 
    values
        (?, ?, ?, ?, ?, ?, ?, ?, ?, ?, ?)
2025-09-17 18:45:37 [http-nio-8080-exec-1] DEBUG org.hibernate.SQL - 
    insert 
    into
        UserFunctionalProcess
        (CreatedDate, FunctionalArea, FunctionalSubArea, IndustryType, L1, L2, L3, L4, L5, SessionID, UserID) 
    values
        (?, ?, ?, ?, ?, ?, ?, ?, ?, ?, ?)
2025-09-17 18:45:37 [http-nio-8080-exec-1] DEBUG org.hibernate.SQL - 
    insert 
    into
        UserFunctionalProcess
        (CreatedDate, FunctionalArea, FunctionalSubArea, IndustryType, L1, L2, L3, L4, L5, SessionID, UserID) 
    values
        (?, ?, ?, ?, ?, ?, ?, ?, ?, ?, ?)
2025-09-17 18:45:37 [http-nio-8080-exec-1] DEBUG org.hibernate.SQL - 
    insert 
    into
        UserFunctionalProcess
        (CreatedDate, FunctionalArea, FunctionalSubArea, IndustryType, L1, L2, L3, L4, L5, SessionID, UserID) 
    values
        (?, ?, ?, ?, ?, ?, ?, ?, ?, ?, ?)
2025-09-17 18:45:37 [http-nio-8080-exec-1] DEBUG org.hibernate.SQL - 
    insert 
    into
        UserFunctionalProcess
        (CreatedDate, FunctionalArea, FunctionalSubArea, IndustryType, L1, L2, L3, L4, L5, SessionID, UserID) 
    values
        (?, ?, ?, ?, ?, ?, ?, ?, ?, ?, ?)
2025-09-17 18:45:38 [http-nio-8080-exec-1] DEBUG org.hibernate.SQL - 
    insert 
    into
        UserFunctionalProcess
        (CreatedDate, FunctionalArea, FunctionalSubArea, IndustryType, L1, L2, L3, L4, L5, SessionID, UserID) 
    values
        (?, ?, ?, ?, ?, ?, ?, ?, ?, ?, ?)
2025-09-17 18:45:38 [http-nio-8080-exec-1] DEBUG org.hibernate.SQL - 
    insert 
    into
        UserFunctionalProcess
        (CreatedDate, FunctionalArea, FunctionalSubArea, IndustryType, L1, L2, L3, L4, L5, SessionID, UserID) 
    values
        (?, ?, ?, ?, ?, ?, ?, ?, ?, ?, ?)
2025-09-17 18:45:38 [http-nio-8080-exec-1] DEBUG org.hibernate.SQL - 
    insert 
    into
        UserFunctionalProcess
        (CreatedDate, FunctionalArea, FunctionalSubArea, IndustryType, L1, L2, L3, L4, L5, SessionID, UserID) 
    values
        (?, ?, ?, ?, ?, ?, ?, ?, ?, ?, ?)
2025-09-17 18:45:39 [http-nio-8080-exec-1] DEBUG org.hibernate.SQL - 
    insert 
    into
        UserFunctionalProcess
        (CreatedDate, FunctionalArea, FunctionalSubArea, IndustryType, L1, L2, L3, L4, L5, SessionID, UserID) 
    values
        (?, ?, ?, ?, ?, ?, ?, ?, ?, ?, ?)
2025-09-17 18:45:39 [http-nio-8080-exec-1] DEBUG org.hibernate.SQL - 
    insert 
    into
        UserFunctionalProcess
        (CreatedDate, FunctionalArea, FunctionalSubArea, IndustryType, L1, L2, L3, L4, L5, SessionID, UserID) 
    values
        (?, ?, ?, ?, ?, ?, ?, ?, ?, ?, ?)
2025-09-17 18:45:39 [http-nio-8080-exec-1] DEBUG org.hibernate.SQL - 
    insert 
    into
        UserFunctionalProcess
        (CreatedDate, FunctionalArea, FunctionalSubArea, IndustryType, L1, L2, L3, L4, L5, SessionID, UserID) 
    values
        (?, ?, ?, ?, ?, ?, ?, ?, ?, ?, ?)
2025-09-17 18:45:39 [http-nio-8080-exec-1] DEBUG org.hibernate.SQL - 
    insert 
    into
        UserFunctionalProcess
        (CreatedDate, FunctionalArea, FunctionalSubArea, IndustryType, L1, L2, L3, L4, L5, SessionID, UserID) 
    values
        (?, ?, ?, ?, ?, ?, ?, ?, ?, ?, ?)
2025-09-17 18:45:40 [http-nio-8080-exec-1] DEBUG org.hibernate.SQL - 
    insert 
    into
        UserFunctionalProcess
        (CreatedDate, FunctionalArea, FunctionalSubArea, IndustryType, L1, L2, L3, L4, L5, SessionID, UserID) 
    values
        (?, ?, ?, ?, ?, ?, ?, ?, ?, ?, ?)
2025-09-17 18:45:40 [http-nio-8080-exec-1] DEBUG org.hibernate.SQL - 
    insert 
    into
        UserFunctionalProcess
        (CreatedDate, FunctionalArea, FunctionalSubArea, IndustryType, L1, L2, L3, L4, L5, SessionID, UserID) 
    values
        (?, ?, ?, ?, ?, ?, ?, ?, ?, ?, ?)
2025-09-17 18:45:40 [http-nio-8080-exec-1] DEBUG org.hibernate.SQL - 
    insert 
    into
        UserFunctionalProcess
        (CreatedDate, FunctionalArea, FunctionalSubArea, IndustryType, L1, L2, L3, L4, L5, SessionID, UserID) 
    values
        (?, ?, ?, ?, ?, ?, ?, ?, ?, ?, ?)
2025-09-17 18:45:40 [http-nio-8080-exec-1] DEBUG org.hibernate.SQL - 
    insert 
    into
        UserFunctionalProcess
        (CreatedDate, FunctionalArea, FunctionalSubArea, IndustryType, L1, L2, L3, L4, L5, SessionID, UserID) 
    values
        (?, ?, ?, ?, ?, ?, ?, ?, ?, ?, ?)
2025-09-17 18:45:41 [http-nio-8080-exec-1] DEBUG org.hibernate.SQL - 
    insert 
    into
        UserFunctionalProcess
        (CreatedDate, FunctionalArea, FunctionalSubArea, IndustryType, L1, L2, L3, L4, L5, SessionID, UserID) 
    values
        (?, ?, ?, ?, ?, ?, ?, ?, ?, ?, ?)
2025-09-17 18:45:41 [http-nio-8080-exec-1] DEBUG org.hibernate.SQL - 
    insert 
    into
        UserFunctionalProcess
        (CreatedDate, FunctionalArea, FunctionalSubArea, IndustryType, L1, L2, L3, L4, L5, SessionID, UserID) 
    values
        (?, ?, ?, ?, ?, ?, ?, ?, ?, ?, ?)
2025-09-17 18:45:41 [http-nio-8080-exec-1] DEBUG org.hibernate.SQL - 
    insert 
    into
        UserFunctionalProcess
        (CreatedDate, FunctionalArea, FunctionalSubArea, IndustryType, L1, L2, L3, L4, L5, SessionID, UserID) 
    values
        (?, ?, ?, ?, ?, ?, ?, ?, ?, ?, ?)
2025-09-17 18:45:41 [http-nio-8080-exec-1] DEBUG org.hibernate.SQL - 
    insert 
    into
        UserFunctionalProcess
        (CreatedDate, FunctionalArea, FunctionalSubArea, IndustryType, L1, L2, L3, L4, L5, SessionID, UserID) 
    values
        (?, ?, ?, ?, ?, ?, ?, ?, ?, ?, ?)
2025-09-17 18:45:42 [http-nio-8080-exec-1] DEBUG org.hibernate.SQL - 
    insert 
    into
        UserFunctionalProcess
        (CreatedDate, FunctionalArea, FunctionalSubArea, IndustryType, L1, L2, L3, L4, L5, SessionID, UserID) 
    values
        (?, ?, ?, ?, ?, ?, ?, ?, ?, ?, ?)
2025-09-17 18:45:42 [http-nio-8080-exec-1] DEBUG org.hibernate.SQL - 
    insert 
    into
        UserFunctionalProcess
        (CreatedDate, FunctionalArea, FunctionalSubArea, IndustryType, L1, L2, L3, L4, L5, SessionID, UserID) 
    values
        (?, ?, ?, ?, ?, ?, ?, ?, ?, ?, ?)
2025-09-17 18:45:42 [http-nio-8080-exec-1] DEBUG org.hibernate.SQL - 
    insert 
    into
        UserFunctionalProcess
        (CreatedDate, FunctionalArea, FunctionalSubArea, IndustryType, L1, L2, L3, L4, L5, SessionID, UserID) 
    values
        (?, ?, ?, ?, ?, ?, ?, ?, ?, ?, ?)
2025-09-17 18:45:43 [http-nio-8080-exec-1] DEBUG org.hibernate.SQL - 
    insert 
    into
        UserFunctionalProcess
        (CreatedDate, FunctionalArea, FunctionalSubArea, IndustryType, L1, L2, L3, L4, L5, SessionID, UserID) 
    values
        (?, ?, ?, ?, ?, ?, ?, ?, ?, ?, ?)
2025-09-17 18:45:43 [http-nio-8080-exec-1] DEBUG org.hibernate.SQL - 
    insert 
    into
        UserFunctionalProcess
        (CreatedDate, FunctionalArea, FunctionalSubArea, IndustryType, L1, L2, L3, L4, L5, SessionID, UserID) 
    values
        (?, ?, ?, ?, ?, ?, ?, ?, ?, ?, ?)
2025-09-17 18:45:43 [http-nio-8080-exec-1] INFO  c.e.D.service.FunctionalScopeService - Successfully saved 41 functional scope records
2025-09-17 18:45:43 [http-nio-8080-exec-1] INFO  c.e.D.service.FunctionalScopeService - Mapping 41 saved records to response
2025-09-17 18:45:43 [http-nio-8080-exec-1] INFO  c.e.D.service.FunctionalScopeService - Record: L1=Retail-Specific Analytics & AI/ML, L2=AI-Enabled Inventory Optimization, L3=Predictive Stock Replenishment, L4=Ability to track inventory levels in real-time, sending alerts for stockouts, overstocking, and replenishment needs.
2025-09-17 18:45:43 [http-nio-8080-exec-1] INFO  c.e.D.service.FunctionalScopeService - Record: L1=Retail-Specific Analytics & AI/ML, L2=AI-Driven Decision Support, L3=AI-Based Price Optimization, L4=Ability to optimize pricing dynamically using AI, based on demand, competitor pricing, and market trends to maximize revenue.
2025-09-17 18:45:43 [http-nio-8080-exec-1] INFO  c.e.D.service.FunctionalScopeService - Record: L1=Merchandising, L2=Assortment Planning, L3= Assortment Strategy & Optimization , L4=Market & Consumer Insights
2025-09-17 18:45:43 [http-nio-8080-exec-1] INFO  c.e.D.service.FunctionalScopeService - Record: L1=[Ljava.lang.Object;@7d9c59df, L2=[Ljava.lang.Object;@7d637d9b, L3=[Ljava.lang.Object;@ac0558, L4=[Ljava.lang.Object;@54cd3acd
2025-09-17 18:45:43 [http-nio-8080-exec-1] INFO  c.e.D.service.FunctionalScopeService - Record: L1=[Ljava.lang.Object;@3dfd62c6, L2=[Ljava.lang.Object;@5f755fdd, L3=[Ljava.lang.Object;@6f787ff1, L4=[Ljava.lang.Object;@50dd4ed2
2025-09-17 18:45:43 [http-nio-8080-exec-1] INFO  c.e.D.service.FunctionalScopeService - Record: L1=[Ljava.lang.Object;@600f7641, L2=[Ljava.lang.Object;@5054e1dc, L3=[Ljava.lang.Object;@570142d6, L4=[Ljava.lang.Object;@7299f5c5
2025-09-17 18:45:43 [http-nio-8080-exec-1] INFO  c.e.D.service.FunctionalScopeService - Record: L1=[Ljava.lang.Object;@435888b5, L2=[Ljava.lang.Object;@7ed26ac6, L3=[Ljava.lang.Object;@6eb8ffc5, L4=[Ljava.lang.Object;@635564b7
2025-09-17 18:45:43 [http-nio-8080-exec-1] INFO  c.e.D.service.FunctionalScopeService - Record: L1=[Ljava.lang.Object;@23b10bf8, L2=[Ljava.lang.Object;@46ddf170, L3=[Ljava.lang.Object;@62617363, L4=null
2025-09-17 18:45:43 [http-nio-8080-exec-1] INFO  c.e.D.service.FunctionalScopeService - Record: L1=[Ljava.lang.Object;@721b5d2b, L2=[Ljava.lang.Object;@1b08c260, L3=[Ljava.lang.Object;@6180e1b2, L4=[Ljava.lang.Object;@1996c205
2025-09-17 18:45:43 [http-nio-8080-exec-1] INFO  c.e.D.service.FunctionalScopeService - Record: L1=[Ljava.lang.Object;@4cbcf4f1, L2=[Ljava.lang.Object;@2a397368, L3=[Ljava.lang.Object;@78969099, L4=[Ljava.lang.Object;@78989363
2025-09-17 18:45:43 [http-nio-8080-exec-1] INFO  c.e.D.service.FunctionalScopeService - Record: L1=[Ljava.lang.Object;@7e352c4f, L2=[Ljava.lang.Object;@420abb61, L3=[Ljava.lang.Object;@5669d7de, L4=null
2025-09-17 18:45:43 [http-nio-8080-exec-1] INFO  c.e.D.service.FunctionalScopeService - Record: L1=[Ljava.lang.Object;@1685cf58, L2=[Ljava.lang.Object;@57c479a1, L3=[Ljava.lang.Object;@2e2690e0, L4=[Ljava.lang.Object;@3c0b7f11
2025-09-17 18:45:43 [http-nio-8080-exec-1] INFO  c.e.D.service.FunctionalScopeService - Record: L1=[Ljava.lang.Object;@6a0acff8, L2=[Ljava.lang.Object;@d1ed65f, L3=[Ljava.lang.Object;@6df4fd9b, L4=null
2025-09-17 18:45:43 [http-nio-8080-exec-1] INFO  c.e.D.service.FunctionalScopeService - Record: L1=Merchandising, L2=Category Management, L3=Promotion Planning and Optimization, L4=Promotion Forecasting and Replenishment
2025-09-17 18:45:43 [http-nio-8080-exec-1] INFO  c.e.D.service.FunctionalScopeService - Record: L1=Merchandising, L2=Category Management, L3=Promotion Planning and Optimization, L4=Promotion Performance Analysis
2025-09-17 18:45:43 [http-nio-8080-exec-1] INFO  c.e.D.service.FunctionalScopeService - Record: L1=Merchandising, L2=Category Management, L3=Space Planning, L4=Macro Space Planning (Floor Planning)
2025-09-17 18:45:43 [http-nio-8080-exec-1] INFO  c.e.D.service.FunctionalScopeService - Record: L1=Merchandising, L2=Category Management, L3=Space Planning, L4=Micro Space Planning (Planogramming)
2025-09-17 18:45:43 [http-nio-8080-exec-1] INFO  c.e.D.service.FunctionalScopeService - Record: L1=Merchandising, L2=Core Merchandising, L3=Assortment Planning and Optimization, L4=Oversee the end-to-end process of introducing new products, including supplier coordination, merchandising, marketing campaigns, and in-store execution.
2025-09-17 18:45:43 [http-nio-8080-exec-1] INFO  c.e.D.service.FunctionalScopeService - Record: L1=Merchandising, L2=Core Merchandising, L3=Assortment Planning and Optimization, L4=Strategically organize product assortments within a category to maintain variety, innovation, and profitability while minimizing redundancy and excess inventory.
2025-09-17 18:45:43 [http-nio-8080-exec-1] INFO  c.e.D.service.FunctionalScopeService - Record: L1=Merchandising, L2=Core Merchandising, L3=Digital Merchandising, L4=Create and Maintain Product Images, Descriptions and Specifications
2025-09-17 18:45:43 [http-nio-8080-exec-1] INFO  c.e.D.service.FunctionalScopeService - Record: L1=Merchandising, L2=Core Merchandising, L3=Digital Merchandising, L4=Design digital store layouts, including category navigation, product placement, and cross-selling recommendations to enhance the online shopping experience.
2025-09-17 18:45:43 [http-nio-8080-exec-1] INFO  c.e.D.service.FunctionalScopeService - Record: L1=Merchandising, L2=Core Merchandising, L3=Digital Merchandising, L4=Implement strategies to recommend complementary products, increasing basket size and enhancing customer shopping experiences. Develop Cross Selling Strategies
2025-09-17 18:45:43 [http-nio-8080-exec-1] INFO  c.e.D.service.FunctionalScopeService - Record: L1=Merchandising, L2=Core Merchandising, L3=Digital Merchandising, L4=Strategically place products within retail and online spaces based on customer purchasing behavior, traffic patterns, and sales performance data. Determine Product Placement and Position
2025-09-17 18:45:43 [http-nio-8080-exec-1] INFO  c.e.D.service.FunctionalScopeService - Record: L1=Merchandising, L2=Core Merchandising, L3=In Season Performance Management, L4=Assess the sales performance of individual products, identifying high-performing and underperforming items to optimize inventory and assortment decisions.
2025-09-17 18:45:43 [http-nio-8080-exec-1] INFO  c.e.D.service.FunctionalScopeService - Record: L1=Merchandising, L2=Core Merchandising, L3=In Season Performance Management, L4=Establish guidelines for adjusting pricing and restocking decisions based on sales trends, inventory levels, and demand forecasting.
2025-09-17 18:45:43 [http-nio-8080-exec-1] INFO  c.e.D.service.FunctionalScopeService - Record: L1=Merchandising, L2=Core Merchandising, L3=Markdown Planning and Management, L4=Analyze the impact of different markdown strategies using predictive analytics and scenario modeling to determine the most effective pricing adjustments.
2025-09-17 18:45:43 [http-nio-8080-exec-1] INFO  c.e.D.service.FunctionalScopeService - Record: L1=Merchandising, L2=Core Merchandising, L3=Markdown Planning and Management, L4=Develop a structured plan for discounting products at the right time and depth to optimize inventory sell-through while preserving profitability.
2025-09-17 18:45:43 [http-nio-8080-exec-1] INFO  c.e.D.service.FunctionalScopeService - Record: L1=Merchandising, L2=Core Merchandising, L3=Pricing Strategy, L4=Create a pricing framework that considers market demand, competitor pricing, cost structures, and profitability objectives to ensure competitiveness and financial success.
2025-09-17 18:45:43 [http-nio-8080-exec-1] INFO  c.e.D.service.FunctionalScopeService - Record: L1=Merchandising, L2=Core Merchandising, L3=Pricing Strategy, L4=Implement a flexible pricing model that responds to market trends, demand fluctuations, and inventory levels to maximize revenue and customer engagement.
2025-09-17 18:45:43 [http-nio-8080-exec-1] INFO  c.e.D.service.FunctionalScopeService - Record: L1=Merchandising, L2=Core Merchandising, L3=Pricing Strategy, L4=Regularly monitor and evaluate competitor pricing strategies to identify opportunities for competitive pricing adjustments and market positioning improvements.
2025-09-17 18:45:43 [http-nio-8080-exec-1] INFO  c.e.D.service.FunctionalScopeService - Record: L1=[Ljava.lang.Object;@6d502ca, L2=[Ljava.lang.Object;@51e424a1, L3=[Ljava.lang.Object;@785349b2, L4=[Ljava.lang.Object;@3ad52be2
2025-09-17 18:45:43 [http-nio-8080-exec-1] INFO  c.e.D.service.FunctionalScopeService - Record: L1=[Ljava.lang.Object;@446cd6f7, L2=[Ljava.lang.Object;@6ada54d2, L3=[Ljava.lang.Object;@404beb40, L4=[Ljava.lang.Object;@3495598e
2025-09-17 18:45:43 [http-nio-8080-exec-1] INFO  c.e.D.service.FunctionalScopeService - Record: L1=Merchandising, L2=Merchandising Strategy Planning, L3=Demand & Revenue Planning, L4=Manage New Product Introduction & Phase In & Out
2025-09-17 18:45:43 [http-nio-8080-exec-1] INFO  c.e.D.service.FunctionalScopeService - Record: L1=[Ljava.lang.Object;@58bf2ef2, L2=[Ljava.lang.Object;@2ebf07c2, L3=[Ljava.lang.Object;@56b63fc3, L4=[Ljava.lang.Object;@7d1d1246
2025-09-17 18:45:43 [http-nio-8080-exec-1] INFO  c.e.D.service.FunctionalScopeService - Record: L1=[Ljava.lang.Object;@6d8c9852, L2=[Ljava.lang.Object;@78163887, L3=[Ljava.lang.Object;@7402d1f, L4=[Ljava.lang.Object;@1241dff3
2025-09-17 18:45:43 [http-nio-8080-exec-1] INFO  c.e.D.service.FunctionalScopeService - Record: L1=Merchandising, L2=Merchandising Strategy Planning, L3=Prepare & Conduct Demand Review, L4=Demand Forecasting Model Development
2025-09-17 18:45:43 [http-nio-8080-exec-1] INFO  c.e.D.service.FunctionalScopeService - Record: L1=Merchandising, L2=Merchandising Strategy Planning, L3=Prepare & Conduct Demand Review, L4=Demand Variance Analysis & Adjustments
2025-09-17 18:45:43 [http-nio-8080-exec-1] INFO  c.e.D.service.FunctionalScopeService - Record: L1=[Ljava.lang.Object;@301ccd5, L2=[Ljava.lang.Object;@5e25ef9f, L3=[Ljava.lang.Object;@5fe8ae28, L4=[Ljava.lang.Object;@578d0e03
2025-09-17 18:45:43 [http-nio-8080-exec-1] INFO  c.e.D.service.FunctionalScopeService - Record: L1=Merchandising, L2=Prepare & Conduct Demand Review, L3=Demand Variance Analysis & Adjustments, L4=Identify Variance Between Forecasted & Actual Demand
2025-09-17 18:45:43 [http-nio-8080-exec-1] INFO  c.e.D.service.FunctionalScopeService - Record: L1=Merchandising, L2=Product Lifecycle Management, L3=End-of-Life Product Planning & Markdown Strategies, L4=Identify Low-Performing Products for Phase-Out
2025-09-17 18:45:43 [http-nio-8080-exec-1] INFO  c.e.D.service.FunctionalScopeService - Record: L1=Merchandising, L2=Product Lifecycle Management, L3=New Product Introduction & Market Positioning, L4=Conduct Market Research & Consumer Insights
2025-09-17 18:45:43 [http-nio-8080-exec-1] DEBUG org.hibernate.SQL - 
    delete 
    from
        UserFunctionalProcess 
    where
        id=?
2025-09-17 18:45:44 [http-nio-8080-exec-1] INFO  c.e.D.c.FunctionalScopeController - Successfully saved functional scope for user: USER-7EC8E435 and session: 7767684EE41898214A827ACEA511794B
2025-09-17 18:45:44 [http-nio-8080-exec-1] DEBUG o.s.w.s.m.m.a.HttpEntityMethodProcessor - Using 'application/json', given [*/*] and supported [application/json, application/*+json]
2025-09-17 18:45:44 [http-nio-8080-exec-1] DEBUG o.s.w.s.m.m.a.HttpEntityMethodProcessor - Writing [FunctionalScopeResponse(userId=USER-7EC8E435, sessionId=7767684EE41898214A827ACEA511794B, functional (truncated)...]
2025-09-17 18:45:44 [http-nio-8080-exec-1] DEBUG o.s.web.servlet.DispatcherServlet - Completed 201 CREATED
2025-09-17 18:45:44 [http-nio-8080-exec-8] DEBUG o.s.web.servlet.DispatcherServlet - GET "/api/decision-tree/non-functional-scope/retail/all", parameters={}
2025-09-17 18:45:44 [http-nio-8080-exec-8] DEBUG o.s.w.s.m.m.a.RequestMappingHandlerMapping - Mapped to com.example.DigitalWayfinder.controller.NonFunctionalScopeController#getAllFunctionalScopesRetail()
2025-09-17 18:45:44 [http-nio-8080-exec-8] INFO  c.e.D.c.NonFunctionalScopeController - Received request to fetch all functional scopes
2025-09-17 18:45:44 [http-nio-8080-exec-8] INFO  c.e.D.s.NonFunctionalScopeService - Fetching all non-functional scope levels
2025-09-17 18:45:44 [http-nio-8080-exec-8] DEBUG org.hibernate.SQL - 
    SELECT
        L1,
        L2,
        L3 
    FROM
        [Retail_Non Fn]
2025-09-17 18:45:44 [http-nio-8080-exec-8] INFO  c.e.D.s.NonFunctionalScopeService - Successfully fetched 147 non-functional scope records
2025-09-17 18:45:44 [http-nio-8080-exec-8] INFO  c.e.D.c.NonFunctionalScopeController - Successfully returning 147 functional scope records
2025-09-17 18:45:44 [http-nio-8080-exec-8] DEBUG o.s.w.s.m.m.a.HttpEntityMethodProcessor - Using 'application/json', given [*/*] and supported [application/json, application/*+json]
2025-09-17 18:45:44 [http-nio-8080-exec-8] DEBUG o.s.w.s.m.m.a.HttpEntityMethodProcessor - Writing [[NonFunctionalScopeDto(l1=Technical Requirements, l2=Application Hosting, l3=Partnerships with diffe (truncated)...]
2025-09-17 18:45:44 [http-nio-8080-exec-8] DEBUG o.s.web.servlet.DispatcherServlet - Completed 200 OK
2025-09-17 18:45:51 [http-nio-8080-exec-4] DEBUG o.s.web.servlet.DispatcherServlet - POST "/api/decision-tree/non-functional-scope/save", parameters={}
2025-09-17 18:45:51 [http-nio-8080-exec-4] DEBUG o.s.w.s.m.m.a.RequestMappingHandlerMapping - Mapped to com.example.DigitalWayfinder.controller.NonFunctionalScopeController#saveNonFunctionalScope(NonFunctionalRequest, UserSession)
2025-09-17 18:45:51 [http-nio-8080-exec-4] DEBUG o.s.w.s.m.m.a.RequestResponseBodyMethodProcessor - Read "application/json;charset=UTF-8" to [NonFunctionalRequest(userId=null, sessionId=null, functionalArea=null, industryType=null, functional (truncated)...]
2025-09-17 18:45:51 [http-nio-8080-exec-4] INFO  c.e.D.c.NonFunctionalScopeController - Received non-functional scope save request for user: USER-7EC8E435 and session: 7767684EE41898214A827ACEA511794B
2025-09-17 18:45:51 [http-nio-8080-exec-4] INFO  c.e.D.c.NonFunctionalScopeController - Request body received: {"levelSelections":{"l1":["Technical Requirements"],"l2":["Application Hosting"],"l3":["Partnerships with different Hyper-scalers for hosting cloud solutions"],"l4":null,"l5":null}}
2025-09-17 18:45:51 [http-nio-8080-exec-4] INFO  c.e.D.s.NonFunctionalScopeService - Saving non-functional scope for user: USER-7EC8E435 and session: 7767684EE41898214A827ACEA511794B
2025-09-17 18:45:51 [http-nio-8080-exec-4] DEBUG org.hibernate.SQL - 
    select
        unfp1_0.id,
        unfp1_0.CreatedDate,
        unfp1_0.FunctionalArea,
        unfp1_0.FunctionalSubArea,
        unfp1_0.IndustryType,
        unfp1_0.L1,
        unfp1_0.L2,
        unfp1_0.L3,
        unfp1_0.L4,
        unfp1_0.L5,
        unfp1_0.SessionID,
        unfp1_0.UserID 
    from
        UserNonFuncProcess unfp1_0 
    where
        unfp1_0.UserID=? 
        and unfp1_0.SessionID=?
2025-09-17 18:45:51 [http-nio-8080-exec-4] DEBUG org.hibernate.SQL - 
    select
        fad1_0.id,
        fad1_0.FunctionalArea,
        fad1_0.FunctionalSubArea,
        fad1_0.IndustryType,
        fad1_0.SessionID,
        fad1_0.UserID 
    from
        UserFunctionalArea fad1_0 
    where
        fad1_0.UserID=? 
        and fad1_0.SessionID=?
2025-09-17 18:45:52 [http-nio-8080-exec-4] INFO  c.e.D.s.NonFunctionalScopeService - Determining repository for - functionalArea: supply-chain-planning, industryType: Retail Industry Specific, functionalSubArea: null
2025-09-17 18:45:52 [http-nio-8080-exec-4] INFO  c.e.D.s.NonFunctionalScopeService - Using RETAIL repository based on industryType: Retail Industry Specific
2025-09-17 18:45:52 [http-nio-8080-exec-4] INFO  c.e.D.s.NonFunctionalScopeService - === DEBUG: Testing non-functional repository methods for area: RETAIL ===
2025-09-17 18:45:52 [http-nio-8080-exec-4] INFO  c.e.D.s.NonFunctionalScopeService - Processing non-functional selections for functionalArea: RETAIL - L1: 1, L2: 1, L3: 1
2025-09-17 18:45:52 [http-nio-8080-exec-4] INFO  c.e.D.s.NonFunctionalScopeService - L1 selections: [Technical Requirements]
2025-09-17 18:45:52 [http-nio-8080-exec-4] INFO  c.e.D.s.NonFunctionalScopeService - L2 selections: [Application Hosting]
2025-09-17 18:45:52 [http-nio-8080-exec-4] INFO  c.e.D.s.NonFunctionalScopeService - L3 selections: [Partnerships with different Hyper-scalers for hosting cloud solutions]
2025-09-17 18:45:52 [http-nio-8080-exec-4] INFO  c.e.D.s.NonFunctionalScopeService - Processing L3: Partnerships with different Hyper-scalers for hosting cloud solutions
2025-09-17 18:45:52 [http-nio-8080-exec-4] INFO  c.e.D.s.NonFunctionalScopeService - Looking for L3 'Partnerships with different Hyper-scalers for hosting cloud solutions' in functionalArea 'RETAIL'
2025-09-17 18:45:52 [http-nio-8080-exec-4] DEBUG org.hibernate.SQL - 
    select
        rnf1_0.L1,
        rnf1_0.L2,
        rnf1_0.L3 
    from
        [Retail_Non Fn] rnf1_0 
    where
        rnf1_0.L3=?
2025-09-17 18:45:52 [http-nio-8080-exec-4] INFO  c.e.D.s.NonFunctionalScopeService - Returning first path: [Technical Requirements, Application Hosting, Partnerships with different Hyper-scalers for hosting cloud solutions]
2025-09-17 18:45:52 [http-nio-8080-exec-4] INFO  c.e.D.s.NonFunctionalScopeService - Found path for L3 'Partnerships with different Hyper-scalers for hosting cloud solutions': [Technical Requirements, Application Hosting, Partnerships with different Hyper-scalers for hosting cloud solutions]
2025-09-17 18:45:52 [http-nio-8080-exec-4] INFO  c.e.D.s.NonFunctionalScopeService - Creating non-functional record from path: [Technical Requirements, Application Hosting, Partnerships with different Hyper-scalers for hosting cloud solutions]
2025-09-17 18:45:52 [http-nio-8080-exec-4] INFO  c.e.D.s.NonFunctionalScopeService - Created non-functional record: L1=Technical Requirements, L2=Application Hosting, L3=Partnerships with different Hyper-scalers for hosting cloud solutions
2025-09-17 18:45:52 [http-nio-8080-exec-4] INFO  c.e.D.s.NonFunctionalScopeService - Added record for L3: Partnerships with different Hyper-scalers for hosting cloud solutions
2025-09-17 18:45:52 [http-nio-8080-exec-4] INFO  c.e.D.s.NonFunctionalScopeService - Processing L2: Application Hosting
2025-09-17 18:45:52 [http-nio-8080-exec-4] DEBUG org.hibernate.SQL - 
    select
        rnf1_0.L1,
        rnf1_0.L2 
    from
        [Retail_Non Fn] rnf1_0 
    where
        rnf1_0.L2=?
2025-09-17 18:45:52 [http-nio-8080-exec-4] DEBUG org.hibernate.SQL - 
    select
        distinct rnf1_0.L3 
    from
        [Retail_Non Fn] rnf1_0 
    where
        rnf1_0.L1=? 
        and rnf1_0.L2=? 
        and rnf1_0.L3 is not null 
        and rnf1_0.L3<>''
2025-09-17 18:45:52 [http-nio-8080-exec-4] INFO  c.e.D.s.NonFunctionalScopeService - Processing L1: Technical Requirements
2025-09-17 18:45:52 [http-nio-8080-exec-4] DEBUG org.hibernate.SQL - 
    select
        distinct rnf1_0.L2 
    from
        [Retail_Non Fn] rnf1_0 
    where
        rnf1_0.L1=? 
        and rnf1_0.L2 is not null 
        and rnf1_0.L2<>''
2025-09-17 18:45:53 [http-nio-8080-exec-4] INFO  c.e.D.s.NonFunctionalScopeService - Total non-functional records created: 1
2025-09-17 18:45:53 [http-nio-8080-exec-4] DEBUG org.hibernate.SQL - 
    insert 
    into
        UserNonFuncProcess
        (CreatedDate, FunctionalArea, FunctionalSubArea, IndustryType, L1, L2, L3, L4, L5, SessionID, UserID) 
    values
        (?, ?, ?, ?, ?, ?, ?, ?, ?, ?, ?)
2025-09-17 18:45:53 [http-nio-8080-exec-4] INFO  c.e.D.s.NonFunctionalScopeService - Successfully saved 1 non-functional scope records
2025-09-17 18:45:53 [http-nio-8080-exec-4] INFO  c.e.D.s.NonFunctionalScopeService - Mapping 1 saved non-functional records to response
2025-09-17 18:45:53 [http-nio-8080-exec-4] INFO  c.e.D.s.NonFunctionalScopeService - Non-functional Record: L1=Technical Requirements, L2=Application Hosting, L3=Partnerships with different Hyper-scalers for hosting cloud solutions, L4=null, L5=null
2025-09-17 18:45:53 [http-nio-8080-exec-4] DEBUG org.hibernate.SQL - 
    delete 
    from
        UserNonFuncProcess 
    where
        id=?
2025-09-17 18:45:54 [http-nio-8080-exec-4] INFO  c.e.D.c.NonFunctionalScopeController - Successfully saved non-functional scope for user: USER-7EC8E435 and session: 7767684EE41898214A827ACEA511794B
2025-09-17 18:45:54 [http-nio-8080-exec-4] DEBUG o.s.w.s.m.m.a.HttpEntityMethodProcessor - Using 'application/json', given [*/*] and supported [application/json, application/*+json]
2025-09-17 18:45:54 [http-nio-8080-exec-4] DEBUG o.s.w.s.m.m.a.HttpEntityMethodProcessor - Writing [NonFunctionalResponse(userId=USER-7EC8E435, sessionId=7767684EE41898214A827ACEA511794B, functionalAr (truncated)...]
2025-09-17 18:45:54 [http-nio-8080-exec-4] DEBUG o.s.web.servlet.DispatcherServlet - Completed 201 CREATED
2025-09-17 18:45:54 [http-nio-8080-exec-10] DEBUG o.s.web.servlet.DispatcherServlet - GET "/api/decision-tree/functional-scope/decision-criteria/get-details", parameters={}
2025-09-17 18:45:54 [http-nio-8080-exec-10] DEBUG o.s.w.s.m.m.a.RequestMappingHandlerMapping - Mapped to com.example.DigitalWayfinder.controller.DecisionCriteriaController#getDecisionCriteria(UserSession)
2025-09-17 18:45:54 [http-nio-8080-exec-10] INFO  c.e.D.c.DecisionCriteriaController - Received decision criteria request for user: USER-7EC8E435 and session: 7767684EE41898214A827ACEA511794B
2025-09-17 18:45:54 [http-nio-8080-exec-10] INFO  c.e.D.s.DecisionCriteriaService - Fetching decision criteria for user: USER-7EC8E435 and session: 7767684EE41898214A827ACEA511794B
2025-09-17 18:45:54 [http-nio-8080-exec-10] DEBUG org.hibernate.SQL - 
    select
        ufp1_0.id,
        ufp1_0.CreatedDate,
        ufp1_0.FunctionalArea,
        ufp1_0.FunctionalSubArea,
        ufp1_0.IndustryType,
        ufp1_0.L1,
        ufp1_0.L2,
        ufp1_0.L3,
        ufp1_0.L4,
        ufp1_0.L5,
        ufp1_0.SessionID,
        ufp1_0.UserID 
    from
        UserFunctionalProcess ufp1_0 
    where
        ufp1_0.UserID=? 
        and ufp1_0.SessionID=?
2025-09-17 18:45:54 [http-nio-8080-exec-10] DEBUG org.hibernate.SQL - 
    select
        unfp1_0.id,
        unfp1_0.CreatedDate,
        unfp1_0.FunctionalArea,
        unfp1_0.FunctionalSubArea,
        unfp1_0.IndustryType,
        unfp1_0.L1,
        unfp1_0.L2,
        unfp1_0.L3,
        unfp1_0.L4,
        unfp1_0.L5,
        unfp1_0.SessionID,
        unfp1_0.UserID 
    from
        UserNonFuncProcess unfp1_0 
    where
        unfp1_0.UserID=? 
        and unfp1_0.SessionID=?
2025-09-17 18:45:55 [http-nio-8080-exec-10] DEBUG org.hibernate.SQL - 
    select
        fad1_0.id,
        fad1_0.FunctionalArea,
        fad1_0.FunctionalSubArea,
        fad1_0.IndustryType,
        fad1_0.SessionID,
        fad1_0.UserID 
    from
        UserFunctionalArea fad1_0 
    where
        fad1_0.UserID=? 
        and fad1_0.SessionID=?
2025-09-17 18:45:55 [http-nio-8080-exec-10] INFO  c.e.D.s.DecisionCriteriaService - Found 41 functional processes and 1 non-functional processes
2025-09-17 18:45:55 [http-nio-8080-exec-10] INFO  c.e.D.s.DecisionCriteriaService - Successfully converted 41 functional rows and 1 non-functional rows
2025-09-17 18:45:55 [http-nio-8080-exec-10] INFO  c.e.D.c.DecisionCriteriaController - Successfully retrieved decision criteria for user: USER-7EC8E435 and session: 7767684EE41898214A827ACEA511794B
2025-09-17 18:45:55 [http-nio-8080-exec-10] DEBUG o.s.w.s.m.m.a.HttpEntityMethodProcessor - Using 'application/json', given [*/*] and supported [application/json, application/*+json]
2025-09-17 18:45:55 [http-nio-8080-exec-10] DEBUG o.s.w.s.m.m.a.HttpEntityMethodProcessor - Writing [DecisionCriteriaResponse(userId=USER-7EC8E435, sessionId=7767684EE41898214A827ACEA511794B, functiona (truncated)...]
2025-09-17 18:45:55 [http-nio-8080-exec-10] DEBUG o.s.web.servlet.DispatcherServlet - Completed 200 OK
2025-09-17 18:45:55 [http-nio-8080-exec-5] DEBUG o.s.web.servlet.DispatcherServlet - GET "/api/decision-tree/functional-scope/decision-criteria/get-details", parameters={}
2025-09-17 18:45:55 [http-nio-8080-exec-5] DEBUG o.s.w.s.m.m.a.RequestMappingHandlerMapping - Mapped to com.example.DigitalWayfinder.controller.DecisionCriteriaController#getDecisionCriteria(UserSession)
2025-09-17 18:45:55 [http-nio-8080-exec-5] INFO  c.e.D.c.DecisionCriteriaController - Received decision criteria request for user: USER-7EC8E435 and session: 7767684EE41898214A827ACEA511794B
2025-09-17 18:45:56 [http-nio-8080-exec-5] INFO  c.e.D.s.DecisionCriteriaService - Fetching decision criteria for user: USER-7EC8E435 and session: 7767684EE41898214A827ACEA511794B
2025-09-17 18:45:56 [http-nio-8080-exec-5] DEBUG org.hibernate.SQL - 
    select
        ufp1_0.id,
        ufp1_0.CreatedDate,
        ufp1_0.FunctionalArea,
        ufp1_0.FunctionalSubArea,
        ufp1_0.IndustryType,
        ufp1_0.L1,
        ufp1_0.L2,
        ufp1_0.L3,
        ufp1_0.L4,
        ufp1_0.L5,
        ufp1_0.SessionID,
        ufp1_0.UserID 
    from
        UserFunctionalProcess ufp1_0 
    where
        ufp1_0.UserID=? 
        and ufp1_0.SessionID=?
2025-09-17 18:45:58 [http-nio-8080-exec-5] DEBUG org.hibernate.SQL - 
    select
        unfp1_0.id,
        unfp1_0.CreatedDate,
        unfp1_0.FunctionalArea,
        unfp1_0.FunctionalSubArea,
        unfp1_0.IndustryType,
        unfp1_0.L1,
        unfp1_0.L2,
        unfp1_0.L3,
        unfp1_0.L4,
        unfp1_0.L5,
        unfp1_0.SessionID,
        unfp1_0.UserID 
    from
        UserNonFuncProcess unfp1_0 
    where
        unfp1_0.UserID=? 
        and unfp1_0.SessionID=?
2025-09-17 18:45:58 [http-nio-8080-exec-5] DEBUG org.hibernate.SQL - 
    select
        fad1_0.id,
        fad1_0.FunctionalArea,
        fad1_0.FunctionalSubArea,
        fad1_0.IndustryType,
        fad1_0.SessionID,
        fad1_0.UserID 
    from
        UserFunctionalArea fad1_0 
    where
        fad1_0.UserID=? 
        and fad1_0.SessionID=?
2025-09-17 18:45:58 [http-nio-8080-exec-5] INFO  c.e.D.s.DecisionCriteriaService - Found 41 functional processes and 1 non-functional processes
2025-09-17 18:45:58 [http-nio-8080-exec-5] INFO  c.e.D.s.DecisionCriteriaService - Successfully converted 41 functional rows and 1 non-functional rows
2025-09-17 18:45:59 [http-nio-8080-exec-5] INFO  c.e.D.c.DecisionCriteriaController - Successfully retrieved decision criteria for user: USER-7EC8E435 and session: 7767684EE41898214A827ACEA511794B
2025-09-17 18:45:59 [http-nio-8080-exec-5] DEBUG o.s.w.s.m.m.a.HttpEntityMethodProcessor - Using 'application/json', given [*/*] and supported [application/json, application/*+json]
2025-09-17 18:45:59 [http-nio-8080-exec-5] DEBUG o.s.w.s.m.m.a.HttpEntityMethodProcessor - Writing [DecisionCriteriaResponse(userId=USER-7EC8E435, sessionId=7767684EE41898214A827ACEA511794B, functiona (truncated)...]
2025-09-17 18:45:59 [http-nio-8080-exec-5] DEBUG o.s.web.servlet.DispatcherServlet - Completed 200 OK
2025-09-17 18:46:19 [http-nio-8080-exec-9] DEBUG o.s.web.servlet.DispatcherServlet - GET "/api/decision-tree/functional-scope/solution/all?industryType=Retail%20Industry%20Specific", parameters={masked}
2025-09-17 18:46:19 [http-nio-8080-exec-9] DEBUG o.s.w.s.m.m.a.RequestMappingHandlerMapping - Mapped to com.example.DigitalWayfinder.controller.PlatformSolutionController#getAllPlatformSolutions(String, String, String)
2025-09-17 18:46:19 [http-nio-8080-exec-9] INFO  c.e.D.c.PlatformSolutionController - GET request received for platform solutions with filters
2025-09-17 18:46:19 [http-nio-8080-exec-9] INFO  c.e.D.s.PlatformSolutionService - Fetching platforms with filters - functionalArea: null, industryType: Retail Industry Specific, functionalSubArea: null
2025-09-17 18:46:19 [http-nio-8080-exec-9] DEBUG org.hibernate.SQL - 
    select
        isp1_0.[Key],
        isp1_0.FunctionalArea,
        isp1_0.FunctionalSubArea,
        isp1_0.IndustryType,
        isp1_0.PlatformImage,
        isp1_0.PlatformName 
    from
        InScopePlatforms isp1_0 
    where
        (
            ? is null 
            or isp1_0.FunctionalArea=?
        ) 
        and (
            ? is null 
            or isp1_0.IndustryType=?
        ) 
        and (
            ? is null 
            or isp1_0.FunctionalSubArea=?
        )
2025-09-17 18:46:19 [http-nio-8080-exec-9] INFO  c.e.D.s.PlatformSolutionService - Retrieved 5 platforms with applied filters
2025-09-17 18:46:19 [http-nio-8080-exec-9] INFO  c.e.D.c.PlatformSolutionController - Returning 5 platform solutions
2025-09-17 18:46:19 [http-nio-8080-exec-9] DEBUG o.s.w.s.m.m.a.HttpEntityMethodProcessor - Using 'application/json', given [*/*] and supported [application/json, application/*+json]
2025-09-17 18:46:19 [http-nio-8080-exec-9] DEBUG o.s.w.s.m.m.a.HttpEntityMethodProcessor - Writing [[PlatformSolutionDTO(functionalArea=Supply Chain Planning, industryType=Retail Industry Specific, fu (truncated)...]
2025-09-17 18:46:19 [http-nio-8080-exec-9] DEBUG o.s.web.servlet.DispatcherServlet - Completed 200 OK
2025-09-17 18:46:19 [http-nio-8080-exec-3] DEBUG o.s.web.servlet.DispatcherServlet - GET "/images/Blueyonder.png", parameters={}
2025-09-17 18:46:19 [http-nio-8080-exec-2] DEBUG o.s.web.servlet.DispatcherServlet - GET "/images/SAP.jpg", parameters={}
2025-09-17 18:46:19 [http-nio-8080-exec-3] DEBUG o.s.w.s.h.SimpleUrlHandlerMapping - Mapped to ResourceHttpRequestHandler [classpath [META-INF/resources/], classpath [resources/], classpath [static/], classpath [public/], ServletContext [/]]
2025-09-17 18:46:19 [http-nio-8080-exec-7] DEBUG o.s.web.servlet.DispatcherServlet - GET "/images/Oracle.png", parameters={}
2025-09-17 18:46:19 [http-nio-8080-exec-1] DEBUG o.s.web.servlet.DispatcherServlet - GET "/images/Anaplan.png", parameters={}
2025-09-17 18:46:19 [http-nio-8080-exec-6] DEBUG o.s.web.servlet.DispatcherServlet - GET "/images/relex.png", parameters={}
2025-09-17 18:46:19 [http-nio-8080-exec-2] DEBUG o.s.w.s.h.SimpleUrlHandlerMapping - Mapped to ResourceHttpRequestHandler [classpath [META-INF/resources/], classpath [resources/], classpath [static/], classpath [public/], ServletContext [/]]
2025-09-17 18:46:19 [http-nio-8080-exec-7] DEBUG o.s.w.s.h.SimpleUrlHandlerMapping - Mapped to ResourceHttpRequestHandler [classpath [META-INF/resources/], classpath [resources/], classpath [static/], classpath [public/], ServletContext [/]]
2025-09-17 18:46:19 [http-nio-8080-exec-1] DEBUG o.s.w.s.h.SimpleUrlHandlerMapping - Mapped to ResourceHttpRequestHandler [classpath [META-INF/resources/], classpath [resources/], classpath [static/], classpath [public/], ServletContext [/]]
2025-09-17 18:46:19 [http-nio-8080-exec-6] DEBUG o.s.w.s.h.SimpleUrlHandlerMapping - Mapped to ResourceHttpRequestHandler [classpath [META-INF/resources/], classpath [resources/], classpath [static/], classpath [public/], ServletContext [/]]
2025-09-17 18:46:19 [http-nio-8080-exec-3] DEBUG o.s.web.servlet.DispatcherServlet - Completed 200 OK
2025-09-17 18:46:19 [http-nio-8080-exec-2] DEBUG o.s.web.servlet.DispatcherServlet - Completed 200 OK
2025-09-17 18:46:19 [http-nio-8080-exec-1] DEBUG o.s.web.servlet.DispatcherServlet - Completed 200 OK
2025-09-17 18:46:19 [http-nio-8080-exec-6] DEBUG o.s.web.servlet.DispatcherServlet - Completed 200 OK
2025-09-17 18:46:19 [http-nio-8080-exec-7] DEBUG o.s.web.servlet.DispatcherServlet - Completed 200 OK
2025-09-17 18:46:23 [http-nio-8080-exec-8] DEBUG o.s.web.servlet.DispatcherServlet - POST "/api/decision-tree/functional-scope/solution/save", parameters={}
2025-09-17 18:46:23 [http-nio-8080-exec-8] DEBUG o.s.w.s.m.m.a.RequestMappingHandlerMapping - Mapped to com.example.DigitalWayfinder.controller.SolutionController#saveSolutionSelection(SolutionSelectionRequest, UserSession)
2025-09-17 18:46:23 [http-nio-8080-exec-8] DEBUG o.s.w.s.m.m.a.RequestResponseBodyMethodProcessor - Read "application/json;charset=UTF-8" to [SolutionSelectionRequest(selectedPlatforms=[SAP, BY, Oracle])]
2025-09-17 18:46:23 [http-nio-8080-exec-8] INFO  c.e.D.controller.SolutionController - POST /api/decision-tree/functional-scope/solution/save - Saving solution selection for user: USER-7EC8E435
2025-09-17 18:46:24 [http-nio-8080-exec-8] INFO  c.e.D.service.UserPlatformService - Saving solution selection for user: USER-7EC8E435 session: 7767684EE41898214A827ACEA511794B platforms: [SAP, BY, Oracle]
2025-09-17 18:46:24 [http-nio-8080-exec-8] DEBUG org.hibernate.SQL - 
    select
        up1_0.Platform,
        up1_0.SessionID,
        up1_0.UserID,
        up1_0.CreatedDate,
        up1_0.FunctionalArea,
        up1_0.FunctionalSubArea,
        up1_0.IndustryType 
    from
        UserPlatform up1_0 
    where
        up1_0.UserID=? 
        and up1_0.SessionID=?
2025-09-17 18:46:24 [http-nio-8080-exec-8] DEBUG org.hibernate.SQL - 
    select
        fad1_0.id,
        fad1_0.FunctionalArea,
        fad1_0.FunctionalSubArea,
        fad1_0.IndustryType,
        fad1_0.SessionID,
        fad1_0.UserID 
    from
        UserFunctionalArea fad1_0 
    where
        fad1_0.UserID=? 
        and fad1_0.SessionID=?
2025-09-17 18:46:24 [http-nio-8080-exec-8] INFO  c.e.D.service.UserPlatformService - Created 3 platform records
2025-09-17 18:46:24 [http-nio-8080-exec-8] INFO  c.e.D.service.UserPlatformService - Platform: SAP
2025-09-17 18:46:24 [http-nio-8080-exec-8] INFO  c.e.D.service.UserPlatformService - Platform: BY
2025-09-17 18:46:24 [http-nio-8080-exec-8] INFO  c.e.D.service.UserPlatformService - Platform: Oracle
2025-09-17 18:46:24 [http-nio-8080-exec-8] DEBUG org.hibernate.SQL - 
    select
        up1_0.Platform,
        up1_0.SessionID,
        up1_0.UserID,
        up1_0.CreatedDate,
        up1_0.FunctionalArea,
        up1_0.FunctionalSubArea,
        up1_0.IndustryType 
    from
        UserPlatform up1_0 
    where
        (
            (
                up1_0.Platform=? 
                and up1_0.SessionID=? 
                and up1_0.UserID=?
            )
        )
2025-09-17 18:46:24 [http-nio-8080-exec-8] DEBUG org.hibernate.SQL - 
    insert 
    into
        UserPlatform
        (CreatedDate, FunctionalArea, FunctionalSubArea, IndustryType, Platform, SessionID, UserID) 
    values
        (?, ?, ?, ?, ?, ?, ?)
2025-09-17 18:46:25 [http-nio-8080-exec-8] DEBUG org.hibernate.SQL - 
    delete 
    from
        UserPlatform 
    where
        Platform=? 
        and SessionID=? 
        and UserID=?
2025-09-17 18:46:25 [http-nio-8080-exec-8] DEBUG org.hibernate.SQL - 
    delete 
    from
        UserPlatform 
    where
        Platform=? 
        and SessionID=? 
        and UserID=?
2025-09-17 18:46:25 [http-nio-8080-exec-8] DEBUG org.hibernate.SQL - 
    delete 
    from
        UserPlatform 
    where
        Platform=? 
        and SessionID=? 
        and UserID=?
2025-09-17 18:46:26 [http-nio-8080-exec-8] DEBUG org.hibernate.SQL - 
    select
        up1_0.Platform,
        up1_0.SessionID,
        up1_0.UserID,
        up1_0.CreatedDate,
        up1_0.FunctionalArea,
        up1_0.FunctionalSubArea,
        up1_0.IndustryType 
    from
        UserPlatform up1_0 
    where
        (
            (
                up1_0.Platform=? 
                and up1_0.SessionID=? 
                and up1_0.UserID=?
            )
        )
2025-09-17 18:46:26 [http-nio-8080-exec-8] INFO  c.e.D.service.UserPlatformService - Successfully saved 3 platform selections for user: USER-7EC8E435 session: 7767684EE41898214A827ACEA511794B
2025-09-17 18:46:26 [http-nio-8080-exec-8] DEBUG org.hibernate.SQL - 
    insert 
    into
        UserPlatform
        (CreatedDate, FunctionalArea, FunctionalSubArea, IndustryType, Platform, SessionID, UserID) 
    values
        (?, ?, ?, ?, ?, ?, ?)
2025-09-17 18:46:26 [http-nio-8080-exec-8] DEBUG org.hibernate.SQL - 
    insert 
    into
        UserPlatform
        (CreatedDate, FunctionalArea, FunctionalSubArea, IndustryType, Platform, SessionID, UserID) 
    values
        (?, ?, ?, ?, ?, ?, ?)
2025-09-17 18:46:27 [http-nio-8080-exec-8] INFO  c.e.D.controller.SolutionController - Successfully saved solution selection for user: USER-7EC8E435 - 7767684EE41898214A827ACEA511794B platforms saved
2025-09-17 18:46:27 [http-nio-8080-exec-8] DEBUG o.s.w.s.m.m.a.HttpEntityMethodProcessor - Using 'application/json', given [*/*] and supported [application/json, application/*+json]
2025-09-17 18:46:27 [http-nio-8080-exec-8] DEBUG o.s.w.s.m.m.a.HttpEntityMethodProcessor - Writing [SolutionSelectionResponse(message=Solutions saved successfully, platformsSaved=3)]
2025-09-17 18:46:27 [http-nio-8080-exec-8] DEBUG o.s.web.servlet.DispatcherServlet - Completed 201 CREATED
2025-09-17 18:46:27 [http-nio-8080-exec-4] DEBUG o.s.web.servlet.DispatcherServlet - GET "/images/Blueyonder.png", parameters={}
2025-09-17 18:46:27 [http-nio-8080-exec-5] DEBUG o.s.web.servlet.DispatcherServlet - GET "/images/Oracle.png", parameters={}
2025-09-17 18:46:27 [http-nio-8080-exec-9] DEBUG o.s.web.servlet.DispatcherServlet - GET "/images/Anaplan.png", parameters={}
2025-09-17 18:46:27 [http-nio-8080-exec-10] DEBUG o.s.web.servlet.DispatcherServlet - GET "/images/SAP.jpg", parameters={}
2025-09-17 18:46:27 [http-nio-8080-exec-3] DEBUG o.s.web.servlet.DispatcherServlet - GET "/images/relex.png", parameters={}
2025-09-17 18:46:27 [http-nio-8080-exec-4] DEBUG o.s.w.s.h.SimpleUrlHandlerMapping - Mapped to ResourceHttpRequestHandler [classpath [META-INF/resources/], classpath [resources/], classpath [static/], classpath [public/], ServletContext [/]]
2025-09-17 18:46:27 [http-nio-8080-exec-2] DEBUG o.s.web.servlet.DispatcherServlet - GET "/api/decision-tree/project-info", parameters={}
2025-09-17 18:46:27 [http-nio-8080-exec-5] DEBUG o.s.w.s.h.SimpleUrlHandlerMapping - Mapped to ResourceHttpRequestHandler [classpath [META-INF/resources/], classpath [resources/], classpath [static/], classpath [public/], ServletContext [/]]
2025-09-17 18:46:27 [http-nio-8080-exec-2] DEBUG o.s.w.s.h.SimpleUrlHandlerMapping - Mapped to ResourceHttpRequestHandler [classpath [META-INF/resources/], classpath [resources/], classpath [static/], classpath [public/], ServletContext [/]]
2025-09-17 18:46:27 [http-nio-8080-exec-10] DEBUG o.s.w.s.h.SimpleUrlHandlerMapping - Mapped to ResourceHttpRequestHandler [classpath [META-INF/resources/], classpath [resources/], classpath [static/], classpath [public/], ServletContext [/]]
2025-09-17 18:46:27 [http-nio-8080-exec-3] DEBUG o.s.w.s.h.SimpleUrlHandlerMapping - Mapped to ResourceHttpRequestHandler [classpath [META-INF/resources/], classpath [resources/], classpath [static/], classpath [public/], ServletContext [/]]
2025-09-17 18:46:27 [http-nio-8080-exec-9] DEBUG o.s.w.s.h.SimpleUrlHandlerMapping - Mapped to ResourceHttpRequestHandler [classpath [META-INF/resources/], classpath [resources/], classpath [static/], classpath [public/], ServletContext [/]]
2025-09-17 18:46:27 [http-nio-8080-exec-4] DEBUG o.s.web.servlet.DispatcherServlet - Completed 200 OK
2025-09-17 18:46:27 [http-nio-8080-exec-2] DEBUG o.s.w.s.r.ResourceHttpRequestHandler - Resource not found
2025-09-17 18:46:27 [http-nio-8080-exec-4] DEBUG o.s.web.servlet.DispatcherServlet - GET "/api/decision-tree/functional-scope/solution/get-all", parameters={}
2025-09-17 18:46:27 [http-nio-8080-exec-5] DEBUG o.s.web.servlet.DispatcherServlet - Completed 200 OK
2025-09-17 18:46:27 [http-nio-8080-exec-9] DEBUG o.s.web.servlet.DispatcherServlet - Completed 200 OK
2025-09-17 18:46:27 [http-nio-8080-exec-2] DEBUG o.s.w.s.m.m.a.ExceptionHandlerExceptionResolver - Using @ExceptionHandler com.example.DigitalWayfinder.exception.GlobalExceptionHandler#handleGenericException(Exception)
2025-09-17 18:46:27 [http-nio-8080-exec-3] DEBUG o.s.web.servlet.DispatcherServlet - Completed 200 OK
2025-09-17 18:46:27 [http-nio-8080-exec-4] DEBUG o.s.w.s.m.m.a.RequestMappingHandlerMapping - Mapped to com.example.DigitalWayfinder.controller.SolutionController#getAllSolutions()
2025-09-17 18:46:27 [http-nio-8080-exec-5] DEBUG o.s.web.servlet.DispatcherServlet - GET "/api/decision-tree/functional-scope/decision-criteria/get-details", parameters={}
2025-09-17 18:46:27 [http-nio-8080-exec-10] DEBUG o.s.web.servlet.DispatcherServlet - Completed 200 OK
2025-09-17 18:46:27 [http-nio-8080-exec-2] ERROR c.e.D.e.GlobalExceptionHandler - Unexpected exception occurred: No static resource api/decision-tree/project-info.
org.springframework.web.servlet.resource.NoResourceFoundException: No static resource api/decision-tree/project-info.
	at org.springframework.web.servlet.resource.ResourceHttpRequestHandler.handleRequest(ResourceHttpRequestHandler.java:585)
	at org.springframework.web.servlet.mvc.HttpRequestHandlerAdapter.handle(HttpRequestHandlerAdapter.java:52)
	at org.springframework.web.servlet.DispatcherServlet.doDispatch(DispatcherServlet.java:1089)
	at org.springframework.web.servlet.DispatcherServlet.doService(DispatcherServlet.java:979)
	at org.springframework.web.servlet.FrameworkServlet.processRequest(FrameworkServlet.java:1014)
	at org.springframework.web.servlet.FrameworkServlet.doGet(FrameworkServlet.java:903)
	at jakarta.servlet.http.HttpServlet.service(HttpServlet.java:564)
	at org.springframework.web.servlet.FrameworkServlet.service(FrameworkServlet.java:885)
	at jakarta.servlet.http.HttpServlet.service(HttpServlet.java:658)
	at org.apache.catalina.core.ApplicationFilterChain.internalDoFilter(ApplicationFilterChain.java:206)
	at org.apache.catalina.core.ApplicationFilterChain.doFilter(ApplicationFilterChain.java:150)
	at org.apache.tomcat.websocket.server.WsFilter.doFilter(WsFilter.java:51)
	at org.apache.catalina.core.ApplicationFilterChain.internalDoFilter(ApplicationFilterChain.java:175)
	at org.apache.catalina.core.ApplicationFilterChain.doFilter(ApplicationFilterChain.java:150)
	at org.springframework.web.filter.RequestContextFilter.doFilterInternal(RequestContextFilter.java:100)
	at org.springframework.web.filter.OncePerRequestFilter.doFilter(OncePerRequestFilter.java:116)
	at org.apache.catalina.core.ApplicationFilterChain.internalDoFilter(ApplicationFilterChain.java:175)
	at org.apache.catalina.core.ApplicationFilterChain.doFilter(ApplicationFilterChain.java:150)
	at org.springframework.web.filter.FormContentFilter.doFilterInternal(FormContentFilter.java:93)
	at org.springframework.web.filter.OncePerRequestFilter.doFilter(OncePerRequestFilter.java:116)
	at org.apache.catalina.core.ApplicationFilterChain.internalDoFilter(ApplicationFilterChain.java:175)
	at org.apache.catalina.core.ApplicationFilterChain.doFilter(ApplicationFilterChain.java:150)
	at org.springframework.web.filter.ServerHttpObservationFilter.doFilterInternal(ServerHttpObservationFilter.java:109)
	at org.springframework.web.filter.OncePerRequestFilter.doFilter(OncePerRequestFilter.java:116)
	at org.apache.catalina.core.ApplicationFilterChain.internalDoFilter(ApplicationFilterChain.java:175)
	at org.apache.catalina.core.ApplicationFilterChain.doFilter(ApplicationFilterChain.java:150)
	at org.springframework.web.filter.CharacterEncodingFilter.doFilterInternal(CharacterEncodingFilter.java:201)
	at org.springframework.web.filter.OncePerRequestFilter.doFilter(OncePerRequestFilter.java:116)
	at org.apache.catalina.core.ApplicationFilterChain.internalDoFilter(ApplicationFilterChain.java:175)
	at org.apache.catalina.core.ApplicationFilterChain.doFilter(ApplicationFilterChain.java:150)
	at org.apache.catalina.core.StandardWrapperValve.invoke(StandardWrapperValve.java:167)
	at org.apache.catalina.core.StandardContextValve.invoke(StandardContextValve.java:90)
	at org.apache.catalina.authenticator.AuthenticatorBase.invoke(AuthenticatorBase.java:482)
	at org.apache.catalina.core.StandardHostValve.invoke(StandardHostValve.java:115)
	at org.apache.catalina.valves.ErrorReportValve.invoke(ErrorReportValve.java:93)
	at org.apache.catalina.core.StandardEngineValve.invoke(StandardEngineValve.java:74)
	at org.apache.catalina.connector.CoyoteAdapter.service(CoyoteAdapter.java:344)
	at org.apache.coyote.http11.Http11Processor.service(Http11Processor.java:391)
	at org.apache.coyote.AbstractProcessorLight.process(AbstractProcessorLight.java:63)
	at org.apache.coyote.AbstractProtocol$ConnectionHandler.process(AbstractProtocol.java:896)
	at org.apache.tomcat.util.net.NioEndpoint$SocketProcessor.doRun(NioEndpoint.java:1736)
	at org.apache.tomcat.util.net.SocketProcessorBase.run(SocketProcessorBase.java:52)
	at org.apache.tomcat.util.threads.ThreadPoolExecutor.runWorker(ThreadPoolExecutor.java:1191)
	at org.apache.tomcat.util.threads.ThreadPoolExecutor$Worker.run(ThreadPoolExecutor.java:659)
	at org.apache.tomcat.util.threads.TaskThread$WrappingRunnable.run(TaskThread.java:63)
	at java.base/java.lang.Thread.run(Thread.java:1570)
2025-09-17 18:46:27 [http-nio-8080-exec-5] DEBUG o.s.w.s.m.m.a.RequestMappingHandlerMapping - Mapped to com.example.DigitalWayfinder.controller.DecisionCriteriaController#getDecisionCriteria(UserSession)
2025-09-17 18:46:27 [http-nio-8080-exec-4] INFO  c.e.D.controller.SolutionController - GET /api/v1/solutions/all - Retrieving all solutions
2025-09-17 18:46:27 [http-nio-8080-exec-2] DEBUG o.s.w.s.m.m.a.HttpEntityMethodProcessor - Using 'text/plain', given [*/*] and supported [text/plain, */*, application/json, application/*+json]
2025-09-17 18:46:27 [http-nio-8080-exec-2] DEBUG o.s.w.s.m.m.a.HttpEntityMethodProcessor - Writing ["An unexpected error occurred"]
2025-09-17 18:46:27 [http-nio-8080-exec-5] INFO  c.e.D.c.DecisionCriteriaController - Received decision criteria request for user: USER-7EC8E435 and session: 7767684EE41898214A827ACEA511794B
2025-09-17 18:46:27 [http-nio-8080-exec-2] WARN  o.s.w.s.m.m.a.ExceptionHandlerExceptionResolver - Resolved [org.springframework.web.servlet.resource.NoResourceFoundException: No static resource api/decision-tree/project-info.]
2025-09-17 18:46:27 [http-nio-8080-exec-2] DEBUG o.s.web.servlet.DispatcherServlet - Completed 500 INTERNAL_SERVER_ERROR
2025-09-17 18:46:27 [http-nio-8080-exec-4] INFO  c.e.D.service.UserPlatformService - Retrieving all solutions from database
2025-09-17 18:46:27 [http-nio-8080-exec-4] DEBUG org.hibernate.SQL - 
    select
        up1_0.Platform,
        up1_0.SessionID,
        up1_0.UserID,
        up1_0.CreatedDate,
        up1_0.FunctionalArea,
        up1_0.FunctionalSubArea,
        up1_0.IndustryType 
    from
        UserPlatform up1_0
2025-09-17 18:46:28 [http-nio-8080-exec-5] INFO  c.e.D.s.DecisionCriteriaService - Fetching decision criteria for user: USER-7EC8E435 and session: 7767684EE41898214A827ACEA511794B
2025-09-17 18:46:28 [http-nio-8080-exec-5] DEBUG org.hibernate.SQL - 
    select
        ufp1_0.id,
        ufp1_0.CreatedDate,
        ufp1_0.FunctionalArea,
        ufp1_0.FunctionalSubArea,
        ufp1_0.IndustryType,
        ufp1_0.L1,
        ufp1_0.L2,
        ufp1_0.L3,
        ufp1_0.L4,
        ufp1_0.L5,
        ufp1_0.SessionID,
        ufp1_0.UserID 
    from
        UserFunctionalProcess ufp1_0 
    where
        ufp1_0.UserID=? 
        and ufp1_0.SessionID=?
2025-09-17 18:46:28 [http-nio-8080-exec-5] DEBUG org.hibernate.SQL - 
    select
        unfp1_0.id,
        unfp1_0.CreatedDate,
        unfp1_0.FunctionalArea,
        unfp1_0.FunctionalSubArea,
        unfp1_0.IndustryType,
        unfp1_0.L1,
        unfp1_0.L2,
        unfp1_0.L3,
        unfp1_0.L4,
        unfp1_0.L5,
        unfp1_0.SessionID,
        unfp1_0.UserID 
    from
        UserNonFuncProcess unfp1_0 
    where
        unfp1_0.UserID=? 
        and unfp1_0.SessionID=?
2025-09-17 18:46:28 [http-nio-8080-exec-5] DEBUG org.hibernate.SQL - 
    select
        fad1_0.id,
        fad1_0.FunctionalArea,
        fad1_0.FunctionalSubArea,
        fad1_0.IndustryType,
        fad1_0.SessionID,
        fad1_0.UserID 
    from
        UserFunctionalArea fad1_0 
    where
        fad1_0.UserID=? 
        and fad1_0.SessionID=?
2025-09-17 18:46:28 [http-nio-8080-exec-5] INFO  c.e.D.s.DecisionCriteriaService - Found 41 functional processes and 1 non-functional processes
2025-09-17 18:46:28 [http-nio-8080-exec-5] INFO  c.e.D.s.DecisionCriteriaService - Successfully converted 41 functional rows and 1 non-functional rows
2025-09-17 18:46:29 [http-nio-8080-exec-5] INFO  c.e.D.c.DecisionCriteriaController - Successfully retrieved decision criteria for user: USER-7EC8E435 and session: 7767684EE41898214A827ACEA511794B
2025-09-17 18:46:29 [http-nio-8080-exec-5] DEBUG o.s.w.s.m.m.a.HttpEntityMethodProcessor - Using 'application/json', given [*/*] and supported [application/json, application/*+json]
2025-09-17 18:46:29 [http-nio-8080-exec-5] DEBUG o.s.w.s.m.m.a.HttpEntityMethodProcessor - Writing [DecisionCriteriaResponse(userId=USER-7EC8E435, sessionId=7767684EE41898214A827ACEA511794B, functiona (truncated)...]
2025-09-17 18:46:29 [http-nio-8080-exec-5] DEBUG o.s.web.servlet.DispatcherServlet - Completed 200 OK
2025-09-17 18:46:29 [http-nio-8080-exec-4] INFO  c.e.D.service.UserPlatformService - Retrieved 98 total solutions from database
2025-09-17 18:46:30 [http-nio-8080-exec-4] INFO  c.e.D.controller.SolutionController - Successfully retrieved 98 solutions
2025-09-17 18:46:30 [http-nio-8080-exec-4] DEBUG o.s.w.s.m.m.a.HttpEntityMethodProcessor - Using 'application/json', given [*/*] and supported [application/json, application/*+json]
2025-09-17 18:46:30 [http-nio-8080-exec-4] DEBUG o.s.w.s.m.m.a.HttpEntityMethodProcessor - Writing [[UserPlatform(userId=USER-45DA1B91, sessionId=09491423688BCFA63A83EA8F630C9859, functionalArea=suppl (truncated)...]
2025-09-17 18:46:30 [http-nio-8080-exec-4] DEBUG o.s.web.servlet.DispatcherServlet - Completed 200 OK
2025-09-17 18:51:35 [http-nio-8080-exec-3] DEBUG o.s.web.servlet.DispatcherServlet - GET "/api/decision-tree/project-info/get", parameters={}
2025-09-17 18:51:35 [http-nio-8080-exec-3] DEBUG o.s.w.s.h.SimpleUrlHandlerMapping - Mapped to ResourceHttpRequestHandler [classpath [META-INF/resources/], classpath [resources/], classpath [static/], classpath [public/], ServletContext [/]]
2025-09-17 18:51:35 [http-nio-8080-exec-3] DEBUG o.s.w.s.r.ResourceHttpRequestHandler - Resource not found
2025-09-17 18:51:35 [http-nio-8080-exec-3] DEBUG o.s.w.s.m.m.a.ExceptionHandlerExceptionResolver - Using @ExceptionHandler com.example.DigitalWayfinder.exception.GlobalExceptionHandler#handleGenericException(Exception)
2025-09-17 18:51:35 [http-nio-8080-exec-3] ERROR c.e.D.e.GlobalExceptionHandler - Unexpected exception occurred: No static resource api/decision-tree/project-info/get.
org.springframework.web.servlet.resource.NoResourceFoundException: No static resource api/decision-tree/project-info/get.
	at org.springframework.web.servlet.resource.ResourceHttpRequestHandler.handleRequest(ResourceHttpRequestHandler.java:585)
	at org.springframework.web.servlet.mvc.HttpRequestHandlerAdapter.handle(HttpRequestHandlerAdapter.java:52)
	at org.springframework.web.servlet.DispatcherServlet.doDispatch(DispatcherServlet.java:1089)
	at org.springframework.web.servlet.DispatcherServlet.doService(DispatcherServlet.java:979)
	at org.springframework.web.servlet.FrameworkServlet.processRequest(FrameworkServlet.java:1014)
	at org.springframework.web.servlet.FrameworkServlet.doGet(FrameworkServlet.java:903)
	at jakarta.servlet.http.HttpServlet.service(HttpServlet.java:564)
	at org.springframework.web.servlet.FrameworkServlet.service(FrameworkServlet.java:885)
	at jakarta.servlet.http.HttpServlet.service(HttpServlet.java:658)
	at org.apache.catalina.core.ApplicationFilterChain.internalDoFilter(ApplicationFilterChain.java:206)
	at org.apache.catalina.core.ApplicationFilterChain.doFilter(ApplicationFilterChain.java:150)
	at org.apache.tomcat.websocket.server.WsFilter.doFilter(WsFilter.java:51)
	at org.apache.catalina.core.ApplicationFilterChain.internalDoFilter(ApplicationFilterChain.java:175)
	at org.apache.catalina.core.ApplicationFilterChain.doFilter(ApplicationFilterChain.java:150)
	at org.springframework.web.filter.RequestContextFilter.doFilterInternal(RequestContextFilter.java:100)
	at org.springframework.web.filter.OncePerRequestFilter.doFilter(OncePerRequestFilter.java:116)
	at org.apache.catalina.core.ApplicationFilterChain.internalDoFilter(ApplicationFilterChain.java:175)
	at org.apache.catalina.core.ApplicationFilterChain.doFilter(ApplicationFilterChain.java:150)
	at org.springframework.web.filter.FormContentFilter.doFilterInternal(FormContentFilter.java:93)
	at org.springframework.web.filter.OncePerRequestFilter.doFilter(OncePerRequestFilter.java:116)
	at org.apache.catalina.core.ApplicationFilterChain.internalDoFilter(ApplicationFilterChain.java:175)
	at org.apache.catalina.core.ApplicationFilterChain.doFilter(ApplicationFilterChain.java:150)
	at org.springframework.web.filter.ServerHttpObservationFilter.doFilterInternal(ServerHttpObservationFilter.java:109)
	at org.springframework.web.filter.OncePerRequestFilter.doFilter(OncePerRequestFilter.java:116)
	at org.apache.catalina.core.ApplicationFilterChain.internalDoFilter(ApplicationFilterChain.java:175)
	at org.apache.catalina.core.ApplicationFilterChain.doFilter(ApplicationFilterChain.java:150)
	at org.springframework.web.filter.CharacterEncodingFilter.doFilterInternal(CharacterEncodingFilter.java:201)
	at org.springframework.web.filter.OncePerRequestFilter.doFilter(OncePerRequestFilter.java:116)
	at org.apache.catalina.core.ApplicationFilterChain.internalDoFilter(ApplicationFilterChain.java:175)
	at org.apache.catalina.core.ApplicationFilterChain.doFilter(ApplicationFilterChain.java:150)
	at org.apache.catalina.core.StandardWrapperValve.invoke(StandardWrapperValve.java:167)
	at org.apache.catalina.core.StandardContextValve.invoke(StandardContextValve.java:90)
	at org.apache.catalina.authenticator.AuthenticatorBase.invoke(AuthenticatorBase.java:482)
	at org.apache.catalina.core.StandardHostValve.invoke(StandardHostValve.java:115)
	at org.apache.catalina.valves.ErrorReportValve.invoke(ErrorReportValve.java:93)
	at org.apache.catalina.core.StandardEngineValve.invoke(StandardEngineValve.java:74)
	at org.apache.catalina.connector.CoyoteAdapter.service(CoyoteAdapter.java:344)
	at org.apache.coyote.http11.Http11Processor.service(Http11Processor.java:391)
	at org.apache.coyote.AbstractProcessorLight.process(AbstractProcessorLight.java:63)
	at org.apache.coyote.AbstractProtocol$ConnectionHandler.process(AbstractProtocol.java:896)
	at org.apache.tomcat.util.net.NioEndpoint$SocketProcessor.doRun(NioEndpoint.java:1736)
	at org.apache.tomcat.util.net.SocketProcessorBase.run(SocketProcessorBase.java:52)
	at org.apache.tomcat.util.threads.ThreadPoolExecutor.runWorker(ThreadPoolExecutor.java:1191)
	at org.apache.tomcat.util.threads.ThreadPoolExecutor$Worker.run(ThreadPoolExecutor.java:659)
	at org.apache.tomcat.util.threads.TaskThread$WrappingRunnable.run(TaskThread.java:63)
	at java.base/java.lang.Thread.run(Thread.java:1570)
2025-09-17 18:51:35 [http-nio-8080-exec-3] DEBUG o.s.w.s.m.m.a.HttpEntityMethodProcessor - Using 'text/plain', given [*/*] and supported [text/plain, */*, application/json, application/*+json]
2025-09-17 18:51:35 [http-nio-8080-exec-3] DEBUG o.s.w.s.m.m.a.HttpEntityMethodProcessor - Writing ["An unexpected error occurred"]
2025-09-17 18:51:35 [http-nio-8080-exec-3] WARN  o.s.w.s.m.m.a.ExceptionHandlerExceptionResolver - Resolved [org.springframework.web.servlet.resource.NoResourceFoundException: No static resource api/decision-tree/project-info/get.]
2025-09-17 18:51:35 [http-nio-8080-exec-3] DEBUG o.s.web.servlet.DispatcherServlet - Completed 500 INTERNAL_SERVER_ERROR
2025-09-17 18:51:35 [http-nio-8080-exec-10] DEBUG o.s.web.servlet.DispatcherServlet - GET "/static/media/dashboard.fc64719693ae8c17e7c5.png", parameters={}
2025-09-17 18:51:35 [http-nio-8080-exec-10] DEBUG o.s.w.s.h.SimpleUrlHandlerMapping - Mapped to ResourceHttpRequestHandler [classpath [META-INF/resources/], classpath [resources/], classpath [static/], classpath [public/], ServletContext [/]]
2025-09-17 18:51:35 [http-nio-8080-exec-10] DEBUG o.s.web.servlet.DispatcherServlet - Completed 200 OK
2025-09-17 18:51:43 [http-nio-8080-exec-2] DEBUG o.s.web.servlet.DispatcherServlet - GET "/api/decision-tree/project-info/get", parameters={}
2025-09-17 18:51:43 [http-nio-8080-exec-2] DEBUG o.s.w.s.h.SimpleUrlHandlerMapping - Mapped to ResourceHttpRequestHandler [classpath [META-INF/resources/], classpath [resources/], classpath [static/], classpath [public/], ServletContext [/]]
2025-09-17 18:51:43 [http-nio-8080-exec-2] DEBUG o.s.w.s.r.ResourceHttpRequestHandler - Resource not found
2025-09-17 18:51:43 [http-nio-8080-exec-2] DEBUG o.s.w.s.m.m.a.ExceptionHandlerExceptionResolver - Using @ExceptionHandler com.example.DigitalWayfinder.exception.GlobalExceptionHandler#handleGenericException(Exception)
2025-09-17 18:51:43 [http-nio-8080-exec-2] ERROR c.e.D.e.GlobalExceptionHandler - Unexpected exception occurred: No static resource api/decision-tree/project-info/get.
org.springframework.web.servlet.resource.NoResourceFoundException: No static resource api/decision-tree/project-info/get.
	at org.springframework.web.servlet.resource.ResourceHttpRequestHandler.handleRequest(ResourceHttpRequestHandler.java:585)
	at org.springframework.web.servlet.mvc.HttpRequestHandlerAdapter.handle(HttpRequestHandlerAdapter.java:52)
	at org.springframework.web.servlet.DispatcherServlet.doDispatch(DispatcherServlet.java:1089)
	at org.springframework.web.servlet.DispatcherServlet.doService(DispatcherServlet.java:979)
	at org.springframework.web.servlet.FrameworkServlet.processRequest(FrameworkServlet.java:1014)
	at org.springframework.web.servlet.FrameworkServlet.doGet(FrameworkServlet.java:903)
	at jakarta.servlet.http.HttpServlet.service(HttpServlet.java:564)
	at org.springframework.web.servlet.FrameworkServlet.service(FrameworkServlet.java:885)
	at jakarta.servlet.http.HttpServlet.service(HttpServlet.java:658)
	at org.apache.catalina.core.ApplicationFilterChain.internalDoFilter(ApplicationFilterChain.java:206)
	at org.apache.catalina.core.ApplicationFilterChain.doFilter(ApplicationFilterChain.java:150)
	at org.apache.tomcat.websocket.server.WsFilter.doFilter(WsFilter.java:51)
	at org.apache.catalina.core.ApplicationFilterChain.internalDoFilter(ApplicationFilterChain.java:175)
	at org.apache.catalina.core.ApplicationFilterChain.doFilter(ApplicationFilterChain.java:150)
	at org.springframework.web.filter.RequestContextFilter.doFilterInternal(RequestContextFilter.java:100)
	at org.springframework.web.filter.OncePerRequestFilter.doFilter(OncePerRequestFilter.java:116)
	at org.apache.catalina.core.ApplicationFilterChain.internalDoFilter(ApplicationFilterChain.java:175)
	at org.apache.catalina.core.ApplicationFilterChain.doFilter(ApplicationFilterChain.java:150)
	at org.springframework.web.filter.FormContentFilter.doFilterInternal(FormContentFilter.java:93)
	at org.springframework.web.filter.OncePerRequestFilter.doFilter(OncePerRequestFilter.java:116)
	at org.apache.catalina.core.ApplicationFilterChain.internalDoFilter(ApplicationFilterChain.java:175)
	at org.apache.catalina.core.ApplicationFilterChain.doFilter(ApplicationFilterChain.java:150)
	at org.springframework.web.filter.ServerHttpObservationFilter.doFilterInternal(ServerHttpObservationFilter.java:109)
	at org.springframework.web.filter.OncePerRequestFilter.doFilter(OncePerRequestFilter.java:116)
	at org.apache.catalina.core.ApplicationFilterChain.internalDoFilter(ApplicationFilterChain.java:175)
	at org.apache.catalina.core.ApplicationFilterChain.doFilter(ApplicationFilterChain.java:150)
	at org.springframework.web.filter.CharacterEncodingFilter.doFilterInternal(CharacterEncodingFilter.java:201)
	at org.springframework.web.filter.OncePerRequestFilter.doFilter(OncePerRequestFilter.java:116)
	at org.apache.catalina.core.ApplicationFilterChain.internalDoFilter(ApplicationFilterChain.java:175)
	at org.apache.catalina.core.ApplicationFilterChain.doFilter(ApplicationFilterChain.java:150)
	at org.apache.catalina.core.StandardWrapperValve.invoke(StandardWrapperValve.java:167)
	at org.apache.catalina.core.StandardContextValve.invoke(StandardContextValve.java:90)
	at org.apache.catalina.authenticator.AuthenticatorBase.invoke(AuthenticatorBase.java:482)
	at org.apache.catalina.core.StandardHostValve.invoke(StandardHostValve.java:115)
	at org.apache.catalina.valves.ErrorReportValve.invoke(ErrorReportValve.java:93)
	at org.apache.catalina.core.StandardEngineValve.invoke(StandardEngineValve.java:74)
	at org.apache.catalina.connector.CoyoteAdapter.service(CoyoteAdapter.java:344)
	at org.apache.coyote.http11.Http11Processor.service(Http11Processor.java:391)
	at org.apache.coyote.AbstractProcessorLight.process(AbstractProcessorLight.java:63)
	at org.apache.coyote.AbstractProtocol$ConnectionHandler.process(AbstractProtocol.java:896)
	at org.apache.tomcat.util.net.NioEndpoint$SocketProcessor.doRun(NioEndpoint.java:1736)
	at org.apache.tomcat.util.net.SocketProcessorBase.run(SocketProcessorBase.java:52)
	at org.apache.tomcat.util.threads.ThreadPoolExecutor.runWorker(ThreadPoolExecutor.java:1191)
	at org.apache.tomcat.util.threads.ThreadPoolExecutor$Worker.run(ThreadPoolExecutor.java:659)
	at org.apache.tomcat.util.threads.TaskThread$WrappingRunnable.run(TaskThread.java:63)
	at java.base/java.lang.Thread.run(Thread.java:1570)
2025-09-17 18:51:43 [http-nio-8080-exec-2] DEBUG o.s.w.s.m.m.a.HttpEntityMethodProcessor - Using 'text/plain', given [*/*] and supported [text/plain, */*, application/json, application/*+json]
2025-09-17 18:51:43 [http-nio-8080-exec-2] DEBUG o.s.w.s.m.m.a.HttpEntityMethodProcessor - Writing ["An unexpected error occurred"]
2025-09-17 18:51:43 [http-nio-8080-exec-2] WARN  o.s.w.s.m.m.a.ExceptionHandlerExceptionResolver - Resolved [org.springframework.web.servlet.resource.NoResourceFoundException: No static resource api/decision-tree/project-info/get.]
2025-09-17 18:51:43 [http-nio-8080-exec-2] DEBUG o.s.web.servlet.DispatcherServlet - Completed 500 INTERNAL_SERVER_ERROR
2025-09-17 18:51:43 [http-nio-8080-exec-5] DEBUG o.s.web.servlet.DispatcherServlet - GET "/static/media/dashboard.fc64719693ae8c17e7c5.png", parameters={}
2025-09-17 18:51:43 [http-nio-8080-exec-5] DEBUG o.s.w.s.h.SimpleUrlHandlerMapping - Mapped to ResourceHttpRequestHandler [classpath [META-INF/resources/], classpath [resources/], classpath [static/], classpath [public/], ServletContext [/]]
2025-09-17 18:51:43 [http-nio-8080-exec-5] DEBUG o.s.web.servlet.DispatcherServlet - Completed 200 OK
2025-09-17 18:52:17 [http-nio-8080-exec-4] DEBUG o.s.web.servlet.DispatcherServlet - GET "/api/decision-tree/project-info/get", parameters={}
2025-09-17 18:52:17 [http-nio-8080-exec-4] DEBUG o.s.w.s.h.SimpleUrlHandlerMapping - Mapped to ResourceHttpRequestHandler [classpath [META-INF/resources/], classpath [resources/], classpath [static/], classpath [public/], ServletContext [/]]
2025-09-17 18:52:17 [http-nio-8080-exec-4] DEBUG o.s.w.s.r.ResourceHttpRequestHandler - Resource not found
2025-09-17 18:52:17 [http-nio-8080-exec-4] DEBUG o.s.w.s.m.m.a.ExceptionHandlerExceptionResolver - Using @ExceptionHandler com.example.DigitalWayfinder.exception.GlobalExceptionHandler#handleGenericException(Exception)
2025-09-17 18:52:17 [http-nio-8080-exec-4] ERROR c.e.D.e.GlobalExceptionHandler - Unexpected exception occurred: No static resource api/decision-tree/project-info/get.
org.springframework.web.servlet.resource.NoResourceFoundException: No static resource api/decision-tree/project-info/get.
	at org.springframework.web.servlet.resource.ResourceHttpRequestHandler.handleRequest(ResourceHttpRequestHandler.java:585)
	at org.springframework.web.servlet.mvc.HttpRequestHandlerAdapter.handle(HttpRequestHandlerAdapter.java:52)
	at org.springframework.web.servlet.DispatcherServlet.doDispatch(DispatcherServlet.java:1089)
	at org.springframework.web.servlet.DispatcherServlet.doService(DispatcherServlet.java:979)
	at org.springframework.web.servlet.FrameworkServlet.processRequest(FrameworkServlet.java:1014)
	at org.springframework.web.servlet.FrameworkServlet.doGet(FrameworkServlet.java:903)
	at jakarta.servlet.http.HttpServlet.service(HttpServlet.java:564)
	at org.springframework.web.servlet.FrameworkServlet.service(FrameworkServlet.java:885)
	at jakarta.servlet.http.HttpServlet.service(HttpServlet.java:658)
	at org.apache.catalina.core.ApplicationFilterChain.internalDoFilter(ApplicationFilterChain.java:206)
	at org.apache.catalina.core.ApplicationFilterChain.doFilter(ApplicationFilterChain.java:150)
	at org.apache.tomcat.websocket.server.WsFilter.doFilter(WsFilter.java:51)
	at org.apache.catalina.core.ApplicationFilterChain.internalDoFilter(ApplicationFilterChain.java:175)
	at org.apache.catalina.core.ApplicationFilterChain.doFilter(ApplicationFilterChain.java:150)
	at org.springframework.web.filter.RequestContextFilter.doFilterInternal(RequestContextFilter.java:100)
	at org.springframework.web.filter.OncePerRequestFilter.doFilter(OncePerRequestFilter.java:116)
	at org.apache.catalina.core.ApplicationFilterChain.internalDoFilter(ApplicationFilterChain.java:175)
	at org.apache.catalina.core.ApplicationFilterChain.doFilter(ApplicationFilterChain.java:150)
	at org.springframework.web.filter.FormContentFilter.doFilterInternal(FormContentFilter.java:93)
	at org.springframework.web.filter.OncePerRequestFilter.doFilter(OncePerRequestFilter.java:116)
	at org.apache.catalina.core.ApplicationFilterChain.internalDoFilter(ApplicationFilterChain.java:175)
	at org.apache.catalina.core.ApplicationFilterChain.doFilter(ApplicationFilterChain.java:150)
	at org.springframework.web.filter.ServerHttpObservationFilter.doFilterInternal(ServerHttpObservationFilter.java:109)
	at org.springframework.web.filter.OncePerRequestFilter.doFilter(OncePerRequestFilter.java:116)
	at org.apache.catalina.core.ApplicationFilterChain.internalDoFilter(ApplicationFilterChain.java:175)
	at org.apache.catalina.core.ApplicationFilterChain.doFilter(ApplicationFilterChain.java:150)
	at org.springframework.web.filter.CharacterEncodingFilter.doFilterInternal(CharacterEncodingFilter.java:201)
	at org.springframework.web.filter.OncePerRequestFilter.doFilter(OncePerRequestFilter.java:116)
	at org.apache.catalina.core.ApplicationFilterChain.internalDoFilter(ApplicationFilterChain.java:175)
	at org.apache.catalina.core.ApplicationFilterChain.doFilter(ApplicationFilterChain.java:150)
	at org.apache.catalina.core.StandardWrapperValve.invoke(StandardWrapperValve.java:167)
	at org.apache.catalina.core.StandardContextValve.invoke(StandardContextValve.java:90)
	at org.apache.catalina.authenticator.AuthenticatorBase.invoke(AuthenticatorBase.java:482)
	at org.apache.catalina.core.StandardHostValve.invoke(StandardHostValve.java:115)
	at org.apache.catalina.valves.ErrorReportValve.invoke(ErrorReportValve.java:93)
	at org.apache.catalina.core.StandardEngineValve.invoke(StandardEngineValve.java:74)
	at org.apache.catalina.connector.CoyoteAdapter.service(CoyoteAdapter.java:344)
	at org.apache.coyote.http11.Http11Processor.service(Http11Processor.java:391)
	at org.apache.coyote.AbstractProcessorLight.process(AbstractProcessorLight.java:63)
	at org.apache.coyote.AbstractProtocol$ConnectionHandler.process(AbstractProtocol.java:896)
	at org.apache.tomcat.util.net.NioEndpoint$SocketProcessor.doRun(NioEndpoint.java:1736)
	at org.apache.tomcat.util.net.SocketProcessorBase.run(SocketProcessorBase.java:52)
	at org.apache.tomcat.util.threads.ThreadPoolExecutor.runWorker(ThreadPoolExecutor.java:1191)
	at org.apache.tomcat.util.threads.ThreadPoolExecutor$Worker.run(ThreadPoolExecutor.java:659)
	at org.apache.tomcat.util.threads.TaskThread$WrappingRunnable.run(TaskThread.java:63)
	at java.base/java.lang.Thread.run(Thread.java:1570)
2025-09-17 18:52:17 [http-nio-8080-exec-4] DEBUG o.s.w.s.m.m.a.HttpEntityMethodProcessor - Using 'text/plain', given [*/*] and supported [text/plain, */*, application/json, application/*+json]
2025-09-17 18:52:17 [http-nio-8080-exec-4] DEBUG o.s.w.s.m.m.a.HttpEntityMethodProcessor - Writing ["An unexpected error occurred"]
2025-09-17 18:52:17 [http-nio-8080-exec-4] WARN  o.s.w.s.m.m.a.ExceptionHandlerExceptionResolver - Resolved [org.springframework.web.servlet.resource.NoResourceFoundException: No static resource api/decision-tree/project-info/get.]
2025-09-17 18:52:17 [http-nio-8080-exec-4] DEBUG o.s.web.servlet.DispatcherServlet - Completed 500 INTERNAL_SERVER_ERROR
2025-09-17 18:52:17 [http-nio-8080-exec-1] DEBUG o.s.web.servlet.DispatcherServlet - GET "/static/media/dashboard.fc64719693ae8c17e7c5.png", parameters={}
2025-09-17 18:52:17 [http-nio-8080-exec-1] DEBUG o.s.w.s.h.SimpleUrlHandlerMapping - Mapped to ResourceHttpRequestHandler [classpath [META-INF/resources/], classpath [resources/], classpath [static/], classpath [public/], ServletContext [/]]
2025-09-17 18:52:17 [http-nio-8080-exec-1] DEBUG o.s.web.servlet.DispatcherServlet - Completed 200 OK
